LF file SHA256: 404b1b407

Rebooting...
ESP-ROM:esp32s3-20210327
Build:Mar 27 2021
rst:0xc (RTC_SW_CPU_RST),boot:0x29 (SPI_FAST_FLASH_BOOT)
Saved PC:0x403773f8
SPIWP:0xee
mode:DIO, clock div:1
load:0x3fce2810,len:0x178c
load:0x403c8700,len:0x4
load:0x403c8704,len:0xc10
load:0x403cb700,len:0x2e20
entry 0x403c8904
I (28) boot: ESP-IDF v5.3.1 2nd stage bootloader
I (28) boot: compile time Sep 29 2026 13:01:14
I (29) boot: Multicore bootloader
I (29) boot: chip revision: v0.2
I (29) boot.esp32s3: Boot SPI Speed : 80MHz
I (29) boot.esp32s3: SPI Mode       : DIO
I (29) boot.esp32s3: SPI Flash Size : 8MB
I (30) boot: Enabling RNG early entropy source...
I (30) boot: Partition Table:
I (30) boot: ## Label            Usage          Type ST Offset   Length
I (30) boot:  0 nvs              WiFi data        01 02 00009000 00006000
I (31) boot:  1 otadata          OTA data         01 00 0000f000 00002000
I (31) boot:  2 phy_init         RF data          01 01 00011000 00001000
I (32) boot:  3 nvs_keys         NVS keys         01 04 00012000 00001000
I (32) boot:  4 secret           WiFi data        01 02 00013000 00003000
I (32) boot:  5 factory          factory app      00 00 00020000 00250000
I (33) boot:  6 ota_0            OTA app          00 10 00270000 00250000
I (33) boot:  7 ota_1            OTA app          00 11 004c0000 00250000
I (34) boot: End of partition table
I (34) boot: Defaulting to factory image
I (34) esp_image: segment 0: paddr=00020020 vaddr=3c0c0020 size=39928h (235816) map
I (77) esp_image: segment 1: paddr=00059950 vaddr=3fc9dc00 size=05344h ( 21316) load
I (82) esp_image: segment 2: paddr=0005ec9c vaddr=40374000 size=0137ch (  4988) load
I (83) esp_image: segment 3: paddr=00060020 vaddr=42000020 size=b1edch (728796) map
I (214) esp_image: segment 4: paddr=00111f04 vaddr=4037537c size=18808h (100360) load
I (236) esp_image: segment 5: paddr=0012a714 vaddr=50000000 size=00c8ch (  3212) load
I (237) esp_image: segment 6: paddr=0012b3a8 vaddr=600fe000 size=00100h (   256) load
I (238) esp_image: segment 7: paddr=0012b4b0 vaddr=600fe100 size=00008h (     8) load
I (239) esp_image: segment 8: paddr=0012b4c0 vaddr=00000000 size=04b10h ( 19216) 
I (254) boot: Loaded app from partition at offset 0x20000
I (254) boot: Disabling RNG early entropy source...
I (255) octal_psram: vendor id    : 0x0d (AP)
I (255) octal_psram: dev id       : 0x02 (generation 3)
I (255) octal_psram: density      : 0x03 (64 Mbit)
I (256) octal_psram: good-die     : 0x01 (Pass)
I (256) octal_psram: Latency      : 0x01 (Fixed)
I (256) octal_psram: VCC          : 0x01 (3V)
I (256) octal_psram: SRF          : 0x01 (Fast Refresh)
I (257) octal_psram: BurstType    : 0x01 (Hybrid Wrap)
I (257) octal_psram: BurstLen     : 0x01 (32 Byte)
I (257) octal_psram: Readlatency  : 0x02 (10 cycles@Fixed)
I (258) octal_psram: DriveStrength: 0x00 (1/1)
I (258) MSPI Timing: PSRAM timing tuning index: 5
I (259) esp_psram: Found 8MB PSRAM device
I (259) esp_psram: Speed: 80MHz
I (259) cpu_start: Multicore app
I (268) cpu_start: Pro cpu start user code
I (268) cpu_start: cpu freq: 160000000 Hz
I (268) app_init: Application information:
I (269) app_init: Project name:     skypane
I (269) app_init: App version:      fw-v9.9.8-bench
I (269) app_init: Compile time:     Sep 29 2026 13:01:11
I (269) app_init: ELF file SHA256:  404b1b407...
I (269) app_init: ESP-IDF:          v5.3.1
I (270) efuse_init: Min chip rev:     v0.0
I (270) efuse_init: Max chip rev:     v0.99 
I (270) efuse_init: Chip rev:         v0.2
I (270) heap_init: Initializing. RAM available for dynamic allocation:
I (271) heap_init: At 3FCA97B0 len 0003FF60 (255 KiB): RAM
I (271) heap_init: At 3FCE9710 len 00005724 (21 KiB): RAM
I (271) heap_init: At 3FCF0000 len 00008000 (32 KiB): DRAM
I (271) heap_init: At 600FE108 len 00001EE0 (7 KiB): RTCRAM
I (272) esp_psram: Adding pool of 8192K of PSRAM memory to heap allocator
I (273) spi_flash: detected chip: generic
I (273) spi_flash: flash io: dio
W (273) spi_flash: Detected size(16384k) larger than the size in the binary image header(8192k). Using the size in the binary image header.
E (275) secure_boot_v2: No signatures were found for the running app
E (276) secure_boot: This app is not signed, but check signature on update is enabled in config. It won't be possible to verify any update.

abort() was called at PC 0x42003624 on core 0


Backtrace: 0x403774be:0x3fceb0d0 0x4037ff99:0x3fceb0f0 0x40388c09:0x3fceb110 0x42003624:0x3fceb180 0x4200364b:0x3fceb210 0x4200312f:0x3fceb230 0x4200313b:0x3fceb250 0x42005bde:0x3fceb280 0x42005c29:0x3fceb2a0 0x42005c93:0x3fceb2c0 0x40376e56:0x3fceb2e0 0x403cc950:0x3fceb340 0x403ccdb5:0x3fceb380 0x403c896d:0x3fceb4b0 0x40045c01:0x3fceb570 0x40043ab6:0x3fceb6f0 0x40034c45:0x3fceb710




ELF file SHA256: 404b1b407

Rebooting...
ESP-ROM:esp32s3-20210327
Build:Mar 27 2021
rst:0xc (RTC_SW_CPU_RST),boot:0x29 (SPI_FAST_FLASH_BOOT)
Saved PC:0x403773f8
SPIWP:0xee
mode:DIO, clock div:1
load:0x3fce2810,len:0x178c
load:0x403c8700,len:0x4
load:0x403c8704,len:0xc10
load:0x403cb700,len:0x2e20
entry 0x403c8904
I (26) boot: ESP-IDF v5.3.1 2nd stage bootloader
I (26) boot: compile time Sep 29 2026 13:01:14
I (26) boot: Multicore bootloader
I (27) boot: chip revision: v0.2
I (27) boot.esp32s3: Boot SPI Speed : 80MHz
I (27) boot.esp32s3: SPI Mode       : DIO
I (27) boot.esp32s3: SPI Flash Size : 8MB
I (27) boot: Enabling RNG early entropy source...
I (28) boot: Partition Table:
I (28) boot: ## Label            Usage          Type ST Offset   Length
I (28) boot:  0 nvs              WiFi data        01 02 00009000 00006000
I (28) boot:  1 otadata          OTA data         01 00 0000f000 00002000
I (29) boot:  2 phy_init         RF data          01 01 00011000 00001000
I (29) boot:  3 nvs_keys         NVS keys         01 04 00012000 00001000
I (30) boot:  4 secret           WiFi data        01 02 00013000 00003000
I (30) boot:  5 factory          factory app      00 00 00020000 00250000
I (30) boot:  6 ota_0            OTA app          00 10 00270000 00250000
I (31) boot:  7 ota_1            OTA app          00 11 004c0000 00250000
I (31) boot: End of partition table
I (32) boot: Defaulting to factory image
I (32) esp_image: segment 0: paddr=00020020 vaddr=3c0c0020 size=39928h (235816) map
I (75) esp_image: segment 1: paddr=00059950 vaddr=3fc9dc00 size=05344h ( 21316) load
I (79) esp_image: segment 2: paddr=0005ec9c vaddr=40374000 size=0137ch (  4988) load
I (81) esp_image: segment 3: paddr=00060020 vaddr=42000020 size=b1edch (728796) map
I (212) esp_image: segment 4: paddr=00111f04 vaddr=4037537c size=18808h (100360) load
I (234) esp_image: segment 5: paddr=0012a714 vaddr=50000000 size=00c8ch (  3212) load
I (235) esp_image: segment 6: paddr=0012b3a8 vaddr=600fe000 size=00100h (   256) load
I (236) esp_image: segment 7: paddr=0012b4b0 vaddr=600fe100 size=00008h (     8) load
I (236) esp_image: segment 8: paddr=0012b4c0 vaddr=00000000 size=04b10h ( 19216) 
I (251) boot: Loaded app from partition at offset 0x20000
I (251) boot: Disabling RNG early entropy source...
I (253) octal_psram: vendor id    : 0x0d (AP)
I (253) octal_psram: dev id       : 0x02 (generation 3)
I (253) octal_psram: density      : 0x03 (64 Mbit)
I (253) octal_psram: good-die     : 0x01 (Pass)
I (253) octal_psram: Latency      : 0x01 (Fixed)
I (254) octal_psram: VCC          : 0x01 (3V)
I (254) octal_psram: SRF          : 0x01 (Fast Refresh)
I (254) octal_psram: BurstType    : 0x01 (Hybrid Wrap)
I (255) octal_psram: BurstLen     : 0x01 (32 Byte)
I (255) octal_psram: Readlatency  : 0x02 (10 cycles@Fixed)
I (255) octal_psram: DriveStrength: 0x00 (1/1)
I (256) MSPI Timing: PSRAM timing tuning index: 5
I (256) esp_psram: Found 8MB PSRAM device
I (256) esp_psram: Speed: 80MHz
I (257) cpu_start: Multicore app
I (266) cpu_start: Pro cpu start user code
I (266) cpu_start: cpu freq: 160000000 Hz
I (266) app_init: Application information:
I (266) app_init: Project name:     skypane
I (266) app_init: App version:      fw-v9.9.8-bench
I (267) app_init: Compile time:     Sep 29 2026 13:01:11
I (267) app_init: ELF file SHA256:  404b1b407...
I (267) app_init: ESP-IDF:          v5.3.1
I (267) efuse_init: Min chip rev:     v0.0
I (267) efuse_init: Max chip rev:     v0.99 
I (268) efuse_init: Chip rev:         v0.2
I (268) heap_init: Initializing. RAM available for dynamic allocation:
I (268) heap_init: At 3FCA97B0 len 0003FF60 (255 KiB): RAM
I (268) heap_init: At 3FCE9710 len 00005724 (21 KiB): RAM
I (269) heap_init: At 3FCF0000 len 00008000 (32 KiB): DRAM
I (269) heap_init: At 600FE108 len 00001EE0 (7 KiB): RTCRAM
I (269) esp_psram: Adding pool of 8192K of PSRAM memory to heap allocator
I (271) spi_flash: detected chip: generic
I (271) spi_flash: flash io: dio
W (271) spi_flash: Detected size(16384k) larger than the size in the binary image header(8192k). Using the size in the binary image header.
E (273) secure_boot_v2: No signatures were found for the running app
E (273) secure_boot: This app is not signed, but check signature on update is enabled in config. It won't be possible to verify any update.

abort() was called at PC 0x42003624 on core 0


Backtrace: 0x403774be:0x3fceb0d0 0x4037ff99:0x3fceb0f0 0x40388c09:0x3fceb110 0x42003624:0x3fceb180 0x4200364b:0x3fceb210 0x4200312f:0x3fceb230 0x4200313b:0x3fceb250 0x42005bde:0x3fceb280 0x42005c29:0x3fceb2a0 0x42005c93:0x3fceb2c0 0x40376e56:0x3fceb2e0 0x403cc950:0x3fceb340 0x403ccdb5:0x3fceb380 0x403c896d:0x3fceb4b0 0x40045c01:0x3fceb570 0x40043ab6:0x3fceb6f0 0x40034c45:0x3fceb710




ELF file SHA256: 404b1b407

Rebooting...
ESP-ROM:esp32s3-20210327
Build:Mar 27 2021
rst:0xc (RTC_SW_CPU_RST),boot:0x29 (SPI_FAST_FLASH_BOOT)
Saved PC:0x403773f8
SPIWP:0xee
mode:DIO, clock div:1
load:0x3fce2810,len:0x178c
load:0x403c8700,len:0x4
load:0x403c8704,len:0xc10
load:0x403cb700,len:0x2e20
entry 0x403c8904
I (26) boot: ESP-IDF v5.3.1 2nd stage bootloader
I (26) boot: compile time Sep 29 2026 13:01:14
I (26) boot: Multicore bootloader
I (27) boot: chip revision: v0.2
I (27) boot.esp32s3: Boot SPI Speed : 80MHz
I (27) boot.esp32s3: SPI Mode       : DIO
I (27) boot.esp32s3: SPI Flash Size : 8MB
I (27) boot: Enabling RNG early entropy source...
I (28) boot: Partition Table:
I (28) boot: ## Label            Usage          Type ST Offset   Length
I (28) boot:  0 nvs              WiFi data        01 02 00009000 00006000
I (29) boot:  1 otadata          OTA data         01 00 0000f000 00002000
I (29) boot:  2 phy_init         RF data          01 01 00011000 00001000
I (29) boot:  3 nvs_keys         NVS keys         01 04 00012000 00001000
I (30) boot:  4 secret           WiFi data        01 02 00013000 00003000
I (30) boot:  5 factory          factory app      00 00 00020000 00250000
I (31) boot:  6 ota_0            OTA app          00 10 00270000 00250000
I (31) boot:  7 ota_1            OTA app          00 11 004c0000 00250000
I (31) boot: End of partition table
I (32) boot: Defaulting to factory image
I (32) esp_image: segment 0: paddr=00020020 vaddr=3c0c0020 size=39928h (235816) map
I (75) esp_image: segment 1: paddr=00059950 vaddr=3fc9dc00 size=05344h ( 21316) load
I (79) esp_image: segment 2: paddr=0005ec9c vaddr=40374000 size=0137ch (  4988) load
I (81) esp_image: segment 3: paddr=00060020 vaddr=42000020 size=b1edch (728796) map
I (212) esp_image: segment 4: paddr=00111f04 vaddr=4037537c size=18808h (100360) load
I (234) esp_image: segment 5: paddr=0012a714 vaddr=50000000 size=00c8ch (  3212) load
I (235) esp_image: segment 6: paddr=0012b3a8 vaddr=600fe000 size=00100h (   256) load
I (236) esp_image: segment 7: paddr=0012b4b0 vaddr=600fe100 size=00008h (     8) load
I (236) esp_image: segment 8: paddr=0012b4c0 vaddr=00000000 size=04b10h ( 19216) 
I (251) boot: Loaded app from partition at offset 0x20000
I (251) boot: Disabling RNG early entropy source...
I (253) octal_psram: vendor id    : 0x0d (AP)
I (253) octal_psram: dev id       : 0x02 (generation 3)
I (253) octal_psram: density      : 0x03 (64 Mbit)
I (253) octal_psram: good-die     : 0x01 (Pass)
I (253) octal_psram: Latency      : 0x01 (Fixed)
I (254) octal_psram: VCC          : 0x01 (3V)
I (254) octal_psram: SRF          : 0x01 (Fast Refresh)
I (254) octal_psram: BurstType    : 0x01 (Hybrid Wrap)
I (255) octal_psram: BurstLen     : 0x01 (32 Byte)
I (255) octal_psram: Readlatency  : 0x02 (10 cycles@Fixed)
I (255) octal_psram: DriveStrength: 0x00 (1/1)
I (256) MSPI Timing: PSRAM timing tuning index: 5
I (256) esp_psram: Found 8MB PSRAM device
I (256) esp_psram: Speed: 80MHz
I (257) cpu_start: Multicore app
I (266) cpu_start: Pro cpu start user code
I (266) cpu_start: cpu freq: 160000000 Hz
I (266) app_init: Application information:
I (266) app_init: Project name:     skypane
I (266) app_init: App version:      fw-v9.9.8-bench
I (267) app_init: Compile time:     Sep 29 2026 13:01:11
I (267) app_init: ELF file SHA256:  404b1b407...
I (267) app_init: ESP-IDF:          v5.3.1
I (267) efuse_init: Min chip rev:     v0.0
I (267) efuse_init: Max chip rev:     v0.99 
I (268) efuse_init: Chip rev:         v0.2
I (268) heap_init: Initializing. RAM available for dynamic allocation:
I (268) heap_init: At 3FCA97B0 len 0003FF60 (255 KiB): RAM
I (268) heap_init: At 3FCE9710 len 00005724 (21 KiB): RAM
I (269) heap_init: At 3FCF0000 len 00008000 (32 KiB): DRAM
I (269) heap_init: At 600FE108 len 00001EE0 (7 KiB): RTCRAM
I (269) esp_psram: Adding pool of 8192K of PSRAM memory to heap allocator
I (271) spi_flash: detected chip: generic
I (271) spi_flash: flash io: dio
W (271) spi_flash: Detected size(16384k) larger than the size in the binary image header(8192k). Using the size in the binary image header.
E (273) secure_boot_v2: No signatures were found for the running app
E (273) secure_boot: This app is not signed, but check signature on update is enabled in config. It won't be possible to verify any update.

abort() was called at PC 0x42003624 on core 0


Backtrace: 0x403774be:0x3fceb0d0 0x4037ff99:0x3fceb0f0 0x40388c09:0x3fceb110 0x42003624:0x3fceb180 0x4200364b:0x3fceb210 0x4200312f:0x3fceb230 0x4200313b:0x3fceb250 0x42005bde:0x3fceb280 0x42005c29:0x3fceb2a0 0x42005c93:0x3fceb2c0 0x40376e56:0x3fceb2e0 0x403cc950:0x3fceb340 0x403ccdb5:0x3fceb380 0x403c896d:0x3fceb4b0 0x40045c01:0x3fceb570 0x40043ab6:0x3fceb6f0 0x40034c45:0x3fceb710




ELF file SHA256: 404b1b407

Rebooting...
ESP-ROM:esp32s3-20210327
Build:Mar 27 2021
rst:0xc (RTC_SW_CPU_RST),boot:0x29 (SPI_FAST_FLASH_BOOT)
Saved PC:0x403773f8
SPIWP:0xee
mode:DIO, clock div:1
load:0x3fce2810,len:0x178c
load:0x403c8700,len:0x4
load:0x403c8704,len:0xc10
load:0x403cb700,len:0x2e20
entry 0x403c8904
I (26) boot: ESP-IDF v5.3.1 2nd stage bootloader
I (26) boot: compile time Sep 29 2026 13:01:14
I (26) boot: Multicore bootloader
I (27) boot: chip revision: v0.2
I (27) boot.esp32s3: Boot SPI Speed : 80MHz
I (27) boot.esp32s3: SPI Mode       : DIO
I (27) boot.esp32s3: SPI Flash Size : 8MB
I (27) boot: Enabling RNG early entropy source...
I (28) boot: Partition Table:
I (28) boot: ## Label            Usage          Type ST Offset   Length
I (28) boot:  0 nvs              WiFi data        01 02 00009000 00006000
I (28) boot:  1 otadata          OTA data         01 00 0000f000 00002000
I (29) boot:  2 phy_init         RF data          01 01 00011000 00001000
I (29) boot:  3 nvs_keys         NVS keys         01 04 00012000 00001000
I (30) boot:  4 secret           WiFi data        01 02 00013000 00003000
I (30) boot:  5 factory          factory app      00 00 00020000 00250000
I (30) boot:  6 ota_0            OTA app          00 10 00270000 00250000
I (31) boot:  7 ota_1            OTA app          00 11 004c0000 00250000
I (31) boot: End of partition table
I (32) boot: Defaulting to factory image
I (32) esp_image: segment 0: paddr=00020020 vaddr=3c0c0020 size=39928h (235816) map
I (75) esp_image: segment 1: paddr=00059950 vaddr=3fc9dc00 size=05344h ( 21316) load
I (79) esp_image: segment 2: paddr=0005ec9c vaddr=40374000 size=0137ch (  4988) load
I (81) esp_image: segment 3: paddr=00060020 vaddr=42000020 size=b1edch (728796) map
I (212) esp_image: segment 4: paddr=00111f04 vaddr=4037537c size=18808h (100360) load
I (234) esp_image: segment 5: paddr=0012a714 vaddr=50000000 size=00c8ch (  3212) load
I (235) esp_image: segment 6: paddr=0012b3a8 vaddr=600fe000 size=00100h (   256) load
I (236) esp_image: segment 7: paddr=0012b4b0 vaddr=600fe100 size=00008h (     8) load
I (236) esp_image: segment 8: paddr=0012b4c0 vaddr=00000000 size=04b10h ( 19216) 
I (251) boot: Loaded app from partition at offset 0x20000
I (251) boot: Disabling RNG early entropy source...
I (253) octal_psram: vendor id    : 0x0d (AP)
I (253) octal_psram: dev id       : 0x02 (generation 3)
I (253) octal_psram: density      : 0x03 (64 Mbit)
I (253) octal_psram: good-die     : 0x01 (Pass)
I (253) octal_psram: Latency      : 0x01 (Fixed)
I (254) octal_psram: VCC          : 0x01 (3V)
I (254) octal_psram: SRF          : 0x01 (Fast Refresh)
I (254) octal_psram: BurstType    : 0x01 (Hybrid Wrap)
I (255) octal_psram: BurstLen     : 0x01 (32 Byte)
I (255) octal_psram: Readlatency  : 0x02 (10 cycles@Fixed)
I (255) octal_psram: DriveStrength: 0x00 (1/1)
I (256) MSPI Timing: PSRAM timing tuning index: 4
I (256) esp_psram: Found 8MB PSRAM device
I (257) esp_psram: Speed: 80MHz
I (257) cpu_start: Multicore app
I (266) cpu_start: Pro cpu start user code
I (266) cpu_start: cpu freq: 160000000 Hz
I (266) app_init: Application information:
I (266) app_init: Project name:     skypane
I (267) app_init: App version:      fw-v9.9.8-bench
I (267) app_init: Compile time:     Sep 29 2026 13:01:11
I (267) app_init: ELF file SHA256:  404b1b407...
I (267) app_init: ESP-IDF:          v5.3.1
I (267) efuse_init: Min chip rev:     v0.0
I (268) efuse_init: Max chip rev:     v0.99 
I (268) efuse_init: Chip rev:         v0.2
I (268) heap_init: Initializing. RAM available for dynamic allocation:
I (268) heap_init: At 3FCA97B0 len 0003FF60 (255 KiB): RAM
I (269) heap_init: At 3FCE9710 len 00005724 (21 KiB): RAM
I (269) heap_init: At 3FCF0000 len 00008000 (32 KiB): DRAM
I (269) heap_init: At 600FE108 len 00001EE0 (7 KiB): RTCRAM
I (270) esp_psram: Adding pool of 8192K of PSRAM memory to heap allocator
I (271) spi_flash: detected chip: generic
I (271) spi_flash: flash io: dio
W (271) spi_flash: Detected size(16384k) larger than the size in the binary image header(8192k). Using the size in the binary image header.
E (273) secure_boot_v2: No signatures were found for the running app
E (274) secure_boot: This app is not signed, but check signature on update is enabled in config. It won't be possible to verify any update.

abort() was called at PC 0x42003624 on core 0


Backtrace: 0x403774be:0x3fceb0d0 0x4037ff99:0x3fceb0f0 0x40388c09:0x3fceb110 0x42003624:0x3fceb180 0x4200364b:0x3fceb210 0x4200312f:0x3fceb230 0x4200313b:0x3fceb250 0x42005bde:0x3fceb280 0x42005c29:0x3fceb2a0 0x42005c93:0x3fceb2c0 0x40376e56:0x3fceb2e0 0x403cc950:0x3fceb340 0x403ccdb5:0x3fceb380 0x403c896d:0x3fceb4b0 0x40045c01:0x3fceb570 0x40043ab6:0x3fceb6f0 0x40034c45:0x3fceb710




ELF file SHA256: 404b1b407

Rebooting...
ESP-ROM:esp32s3-20210327
Build:Mar 27 2021
rst:0xc (RTC_SW_CPU_RST),boot:0x29 (SPI_FAST_FLASH_BOOT)
Saved PC:0x403773f8
SPIWP:0xee
mode:DIO, clock div:1
load:0x3fce2810,len:0x178c
load:0x403c8700,len:0x4
load:0x403c8704,len:0xc10
load:0x403cb700,len:0x2e20
entry 0x403c8904
I (26) boot: ESP-IDF v5.3.1 2nd stage bootloader
I (26) boot: compile time Sep 29 2026 13:01:14
I (26) boot: Multicore bootloader
I (27) boot: chip revision: v0.2
I (27) boot.esp32s3: Boot SPI Speed : 80MHz
I (27) boot.esp32s3: SPI Mode       : DIO
I (27) boot.esp32s3: SPI Flash Size : 8MB
I (27) boot: Enabling RNG early entropy source...
I (28) boot: Partition Table:
I (28) boot: ## Label            Usage          Type ST Offset   Length
I (28) boot:  0 nvs              WiFi data        01 02 00009000 00006000
I (28) boot:  1 otadata          OTA data         01 00 0000f000 00002000
I (29) boot:  2 phy_init         RF data          01 01 00011000 00001000
I (29) boot:  3 nvs_keys         NVS keys         01 04 00012000 00001000
I (30) boot:  4 secret           WiFi data        01 02 00013000 00003000
I (30) boot:  5 factory          factory app      00 00 00020000 00250000
I (30) boot:  6 ota_0            OTA app          00 10 00270000 00250000
I (31) boot:  7 ota_1            OTA app          00 11 004c0000 00250000
I (31) boot: End of partition table
I (32) boot: Defaulting to factory image
I (32) esp_image: segment 0: paddr=00020020 vaddr=3c0c0020 size=39928h (235816) map
I (75) esp_image: segment 1: paddr=00059950 vaddr=3fc9dc00 size=05344h ( 21316) load
I (79) esp_image: segment 2: paddr=0005ec9c vaddr=40374000 size=0137ch (  4988) load
I (81) esp_image: segment 3: paddr=00060020 vaddr=42000020 size=b1edch (728796) map
I (212) esp_image: segment 4: paddr=00111f04 vaddr=4037537c size=18808h (100360) load
I (234) esp_image: segment 5: paddr=0012a714 vaddr=50000000 size=00c8ch (  3212) load
I (235) esp_image: segment 6: paddr=0012b3a8 vaddr=600fe000 size=00100h (   256) load
I (236) esp_image: segment 7: paddr=0012b4b0 vaddr=600fe100 size=00008h (     8) load
I (236) esp_image: segment 8: paddr=0012b4c0 vaddr=00000000 size=04b10h ( 19216) 
I (251) boot: Loaded app from partition at offset 0x20000
I (252) boot: Disabling RNG early entropy source...
I (253) octal_psram: vendor id    : 0x0d (AP)
I (253) octal_psram: dev id       : 0x02 (generation 3)
I (253) octal_psram: density      : 0x03 (64 Mbit)
I (253) octal_psram: good-die     : 0x01 (Pass)
I (254) octal_psram: Latency      : 0x01 (Fixed)
I (254) octal_psram: VCC          : 0x01 (3V)
I (254) octal_psram: SRF          : 0x01 (Fast Refresh)
I (254) octal_psram: BurstType    : 0x01 (Hybrid Wrap)
I (255) octal_psram: BurstLen     : 0x01 (32 Byte)
I (255) octal_psram: Readlatency  : 0x02 (10 cycles@Fixed)
I (255) octal_psram: DriveStrength: 0x00 (1/1)
I (256) MSPI Timing: PSRAM timing tuning index: 5
I (256) esp_psram: Found 8MB PSRAM device
I (257) esp_psram: Speed: 80MHz
I (257) cpu_start: Multicore app
I (266) cpu_start: Pro cpu start user code
I (266) cpu_start: cpu freq: 160000000 Hz
I (266) app_init: Application information:
I (266) app_init: Project name:     skypane
I (267) app_init: App version:      fw-v9.9.8-bench
I (267) app_init: Compile time:     Sep 29 2026 13:01:11
I (267) app_init: ELF file SHA256:  404b1b407...
I (267) app_init: ESP-IDF:          v5.3.1
I (267) efuse_init: Min chip rev:     v0.0
I (268) efuse_init: Max chip rev:     v0.99 
I (268) efuse_init: Chip rev:         v0.2
I (268) heap_init: Initializing. RAM available for dynamic allocation:
I (268) heap_init: At 3FCA97B0 len 0003FF60 (255 KiB): RAM
I (269) heap_init: At 3FCE9710 len 00005724 (21 KiB): RAM
I (269) heap_init: At 3FCF0000 len 00008000 (32 KiB): DRAM
I (269) heap_init: At 600FE108 len 00001EE0 (7 KiB): RTCRAM
I (270) esp_psram: Adding pool of 8192K of PSRAM memory to heap allocator
I (271) spi_flash: detected chip: generic
I (271) spi_flash: flash io: dio
W (271) spi_flash: Detected size(16384k) larger than the size in the binary image header(8192k). Using the size in the binary image header.
E (273) secure_boot_v2: No signatures were found for the running app
E (273) secure_boot: This app is not signed, but check signature on update is enabled in config. It won't be possible to verify any update.

abort() was called at PC 0x42003624 on core 0


Backtrace: 0x403774be:0x3fceb0d0 0x4037ff99:0x3fceb0f0 0x40388c09:0x3fceb110 0x42003624:0x3fceb180 0x4200364b:0x3fceb210 0x4200312f:0x3fceb230 0x4200313b:0x3fceb250 0x42005bde:0x3fceb280 0x42005c29:0x3fceb2a0 0x42005c93:0x3fceb2c0 0x40376e56:0x3fceb2e0 0x403cc950:0x3fceb340 0x403ccdb5:0x3fceb380 0x403c896d:0x3fceb4b0 0x40045c01:0x3fceb570 0x40043ab6:0x3fceb6f0 0x40034c45:0x3fceb710




ELF file SHA256: 404b1b407

Rebooting...
ESP-ROM:esp32s3-20210327
Build:Mar 27 2021
rst:0xc (RTC_SW_CPU_RST),boot:0x29 (SPI_FAST_FLASH_BOOT)
Saved PC:0x403773f8
SPIWP:0xee
mode:DIO, clock div:1
load:0x3fce2810,len:0x178c
load:0x403c8700,len:0x4
load:0x403c8704,len:0xc10
load:0x403cb700,len:0x2e20
entry 0x403c8904
I (26) boot: ESP-IDF v5.3.1 2nd stage bootloader
I (26) boot: compile time Sep 29 2026 13:01:14
I (26) boot: Multicore bootloader
I (27) boot: chip revision: v0.2
I (27) boot.esp32s3: Boot SPI Speed : 80MHz
I (27) boot.esp32s3: SPI Mode       : DIO
I (27) boot.esp32s3: SPI Flash Size : 8MB
I (27) boot: Enabling RNG early entropy source...
I (28) boot: Partition Table:
I (28) boot: ## Label            Usage          Type ST Offset   Length
I (28) boot:  0 nvs              WiFi data        01 02 00009000 00006000
I (28) boot:  1 otadata          OTA data         01 00 0000f000 00002000
I (29) boot:  2 phy_init         RF data          01 01 00011000 00001000
I (29) boot:  3 nvs_keys         NVS keys         01 04 00012000 00001000
I (30) boot:  4 secret           WiFi data        01 02 00013000 00003000
I (30) boot:  5 factory          factory app      00 00 00020000 00250000
I (30) boot:  6 ota_0            OTA app          00 10 00270000 00250000
I (31) boot:  7 ota_1            OTA app          00 11 004c0000 00250000
I (31) boot: End of partition table
I (32) boot: Defaulting to factory image
I (32) esp_image: segment 0: paddr=00020020 vaddr=3c0c0020 size=39928h (235816) map
I (75) esp_image: segment 1: paddr=00059950 vaddr=3fc9dc00 size=05344h ( 21316) load
I (79) esp_image: segment 2: paddr=0005ec9c vaddr=40374000 size=0137ch (  4988) load
I (81) esp_image: segment 3: paddr=00060020 vaddr=42000020 size=b1edch (728796) map
I (212) esp_image: segment 4: paddr=00111f04 vaddr=4037537c size=18808h (100360) load
I (234) esp_image: segment 5: paddr=0012a714 vaddr=50000000 size=00c8ch (  3212) load
I (235) esp_image: segment 6: paddr=0012b3a8 vaddr=600fe000 size=00100h (   256) load
I (236) esp_image: segment 7: paddr=0012b4b0 vaddr=600fe100 size=00008h (     8) load
I (236) esp_image: segment 8: paddr=0012b4c0 vaddr=00000000 size=04b10h ( 19216) 
I (251) boot: Loaded app from partition at offset 0x20000
I (251) boot: Disabling RNG early entropy source...
I (253) octal_psram: vendor id    : 0x0d (AP)
I (253) octal_psram: dev id       : 0x02 (generation 3)
I (253) octal_psram: density      : 0x03 (64 Mbit)
I (253) octal_psram: good-die     : 0x01 (Pass)
I (253) octal_psram: Latency      : 0x01 (Fixed)
I (254) octal_psram: VCC          : 0x01 (3V)
I (254) octal_psram: SRF          : 0x01 (Fast Refresh)
I (254) octal_psram: BurstType    : 0x01 (Hybrid Wrap)
I (255) octal_psram: BurstLen     : 0x01 (32 Byte)
I (255) octal_psram: Readlatency  : 0x02 (10 cycles@Fixed)
I (255) octal_psram: DriveStrength: 0x00 (1/1)
I (256) MSPI Timing: PSRAM timing tuning index: 5
I (256) esp_psram: Found 8MB PSRAM device
I (256) esp_psram: Speed: 80MHz
I (257) cpu_start: Multicore app
I (266) cpu_start: Pro cpu start user code
I (266) cpu_start: cpu freq: 160000000 Hz
I (266) app_init: Application information:
I (266) app_init: Project name:     skypane
I (266) app_init: App version:      fw-v9.9.8-bench
I (267) app_init: Compile time:     Sep 29 2026 13:01:11
I (267) app_init: ELF file SHA256:  404b1b407...
I (267) app_init: ESP-IDF:          v5.3.1
I (267) efuse_init: Min chip rev:     v0.0
I (267) efuse_init: Max chip rev:     v0.99 
I (268) efuse_init: Chip rev:         v0.2
I (268) heap_init: Initializing. RAM available for dynamic allocation:
I (268) heap_init: At 3FCA97B0 len 0003FF60 (255 KiB): RAM
I (268) heap_init: At 3FCE9710 len 00005724 (21 KiB): RAM
I (269) heap_init: At 3FCF0000 len 00008000 (32 KiB): DRAM
I (269) heap_init: At 600FE108 len 00001EE0 (7 KiB): RTCRAM
I (269) esp_psram: Adding pool of 8192K of PSRAM memory to heap allocator
I (271) spi_flash: detected chip: generic
I (271) spi_flash: flash io: dio
W (271) spi_flash: Detected size(16384k) larger than the size in the binary image header(8192k). Using the size in the binary image header.
E (273) secure_boot_v2: No signatures were found for the running app
E (273) secure_boot: This app is not signed, but check signature on update is enabled in config. It won't be possible to verify any update.

abort() was called at PC 0x42003624 on core 0


Backtrace: 0x403774be:0x3fceb0d0 0x4037ff99:0x3fceb0f0 0x40388c09:0x3fceb110 0x42003624:0x3fceb180 0x4200364b:0x3fceb210 0x4200312f:0x3fceb230 0x4200313b:0x3fceb250 0x42005bde:0x3fceb280 0x42005c29:0x3fceb2a0 0x42005c93:0x3fceb2c0 0x40376e56:0x3fceb2e0 0x403cc950:0x3fceb340 0x403ccdb5:0x3fceb380 0x403c896d:0x3fceb4b0 0x40045c01:0x3fceb570 0x40043ab6:0x3fceb6f0 0x40034c45:0x3fceb710




ELF file SHA256: 404b1b407

Rebooting...
ESP-ROM:esp32s3-20210327
Build:Mar 27 2021
rst:0xc (RTC_SW_CPU_RST),boot:0x29 (SPI_FAST_FLASH_BOOT)
Saved PC:0x403773f8
SPIWP:0xee
mode:DIO, clock div:1
load:0x3fce2810,len:0x178c
load:0x403c8700,len:0x4
load:0x403c8704,len:0xc10
load:0x403cb700,len:0x2e20
entry 0x403c8904
I (26) boot: ESP-IDF v5.3.1 2nd stage bootloader
I (26) boot: compile time Sep 29 2026 13:01:14
I (26) boot: Multicore bootloader
I (27) boot: chip revision: v0.2
I (27) boot.esp32s3: Boot SPI Speed : 80MHz
I (27) boot.esp32s3: SPI Mode       : DIO
I (27) boot.esp32s3: SPI Flash Size : 8MB
I (27) boot: Enabling RNG early entropy source...
I (28) boot: Partition Table:
I (28) boot: ## Label            Usage          Type ST Offset   Length
I (28) boot:  0 nvs              WiFi data        01 02 00009000 00006000
I (28) boot:  1 otadata          OTA data         01 00 0000f000 00002000
I (29) boot:  2 phy_init         RF data          01 01 00011000 00001000
I (29) boot:  3 nvs_keys         NVS keys         01 04 00012000 00001000
I (30) boot:  4 secret           WiFi data        01 02 00013000 00003000
I (30) boot:  5 factory          factory app      00 00 00020000 00250000
I (30) boot:  6 ota_0            OTA app          00 10 00270000 00250000
I (31) boot:  7 ota_1            OTA app          00 11 004c0000 00250000
I (31) boot: End of partition table
I (32) boot: Defaulting to factory image
I (32) esp_image: segment 0: paddr=00020020 vaddr=3c0c0020 size=39928h (235816) map
I (74) esp_image: segment 1: paddr=00059950 vaddr=3fc9dc00 size=05344h ( 21316) load
I (79) esp_image: segment 2: paddr=0005ec9c vaddr=40374000 size=0137ch (  4988) load
I (81) esp_image: segment 3: paddr=00060020 vaddr=42000020 size=b1edch (728796) map
I (212) esp_image: segment 4: paddr=00111f04 vaddr=4037537c size=18808h (100360) load
I (234) esp_image: segment 5: paddr=0012a714 vaddr=50000000 size=00c8ch (  3212) load
I (235) esp_image: segment 6: paddr=0012b3a8 vaddr=600fe000 size=00100h (   256) load
I (236) esp_image: segment 7: paddr=0012b4b0 vaddr=600fe100 size=00008h (     8) load
I (236) esp_image: segment 8: paddr=0012b4c0 vaddr=00000000 size=04b10h ( 19216) 
I (251) boot: Loaded app from partition at offset 0x20000
I (251) boot: Disabling RNG early entropy source...
I (252) octal_psram: vendor id    : 0x0d (AP)
I (253) octal_psram: dev id       : 0x02 (generation 3)
I (253) octal_psram: density      : 0x03 (64 Mbit)
I (253) octal_psram: good-die     : 0x01 (Pass)
I (253) octal_psram: Latency      : 0x01 (Fixed)
I (254) octal_psram: VCC          : 0x01 (3V)
I (254) octal_psram: SRF          : 0x01 (Fast Refresh)
I (254) octal_psram: BurstType    : 0x01 (Hybrid Wrap)
I (254) octal_psram: BurstLen     : 0x01 (32 Byte)
I (255) octal_psram: Readlatency  : 0x02 (10 cycles@Fixed)
I (255) octal_psram: DriveStrength: 0x00 (1/1)
I (256) MSPI Timing: PSRAM timing tuning index: 5
I (256) esp_psram: Found 8MB PSRAM device
I (256) esp_psram: Speed: 80MHz
I (257) cpu_start: Multicore app
I (266) cpu_start: Pro cpu start user code
I (266) cpu_start: cpu freq: 160000000 Hz
I (266) app_init: Application information:
I (266) app_init: Project name:     skypane
I (266) app_init: App version:      fw-v9.9.8-bench
I (267) app_init: Compile time:     Sep 29 2026 13:01:11
I (267) app_init: ELF file SHA256:  404b1b407...
I (267) app_init: ESP-IDF:          v5.3.1
I (267) efuse_init: Min chip rev:     v0.0
I (267) efuse_init: Max chip rev:     v0.99 
I (267) efuse_init: Chip rev:         v0.2
I (268) heap_init: Initializing. RAM available for dynamic allocation:
I (268) heap_init: At 3FCA97B0 len 0003FF60 (255 KiB): RAM
I (268) heap_init: At 3FCE9710 len 00005724 (21 KiB): RAM
I (269) heap_init: At 3FCF0000 len 00008000 (32 KiB): DRAM
I (269) heap_init: At 600FE108 len 00001EE0 (7 KiB): RTCRAM
I (269) esp_psram: Adding pool of 8192K of PSRAM memory to heap allocator
I (270) spi_flash: detected chip: generic
I (271) spi_flash: flash io: dio
W (271) spi_flash: Detected size(16384k) larger than the size in the binary image header(8192k). Using the size in the binary image header.
E (273) secure_boot_v2: No signatures were found for the running app
E (273) secure_boot: This app is not signed, but check signature on update is enabled in config. It won't be possible to verify any update.

abort() was called at PC 0x42003624 on core 0


Backtrace: 0x403774be:0x3fceb0d0 0x4037ff99:0x3fceb0f0 0x40388c09:0x3fceb110 0x42003624:0x3fceb180 0x4200364b:0x3fceb210 0x4200312f:0x3fceb230 0x4200313b:0x3fceb250 0x42005bde:0x3fceb280 0x42005c29:0x3fceb2a0 0x42005c93:0x3fceb2c0 0x40376e56:0x3fceb2e0 0x403cc950:0x3fceb340 0x403ccdb5:0x3fceb380 0x403c896d:0x3fceb4b0 0x40045c01:0x3fceb570 0x40043ab6:0x3fceb6f0 0x40034c45:0x3fceb710




ELF file SHA256: 404b1b407

Rebooting...
ESP-ROM:esp32s3-20210327
Build:Mar 27 2021
rst:0xc (RTC_SW_CPU_RST),boot:0x29 (SPI_FAST_FLASH_BOOT)
Saved PC:0x403773f8
SPIWP:0xee
mode:DIO, clock div:1
load:0x3fce2810,len:0x178c
load:0x403c8700,len:0x4
load:0x403c8704,len:0xc10
load:0x403cb700,len:0x2e20
entry 0x403c8904
I (26) boot: ESP-IDF v5.3.1 2nd stage bootloader
I (26) boot: compile time Sep 29 2026 13:01:14
I (26) boot: Multicore bootloader
I (27) boot: chip revision: v0.2
I (27) boot.esp32s3: Boot SPI Speed : 80MHz
I (27) boot.esp32s3: SPI Mode       : DIO
I (27) boot.esp32s3: SPI Flash Size : 8MB
I (27) boot: Enabling RNG early entropy source...
I (28) boot: Partition Table:
I (28) boot: ## Label            Usage          Type ST Offset   Length
I (28) boot:  0 nvs              WiFi data        01 02 00009000 00006000
I (28) boot:  1 otadata          OTA data         01 00 0000f000 00002000
I (29) boot:  2 phy_init         RF data          01 01 00011000 00001000
I (29) boot:  3 nvs_keys         NVS keys         01 04 00012000 00001000
I (30) boot:  4 secret           WiFi data        01 02 00013000 00003000
I (30) boot:  5 factory          factory app      00 00 00020000 00250000
I (30) boot:  6 ota_0            OTA app          00 10 00270000 00250000
I (31) boot:  7 ota_1            OTA app          00 11 004c0000 00250000
I (31) boot: End of partition table
I (32) boot: Defaulting to factory image
I (32) esp_image: segment 0: paddr=00020020 vaddr=3c0c0020 size=39928h (235816) map
I (75) esp_image: segment 1: paddr=00059950 vaddr=3fc9dc00 size=05344h ( 21316) load
I (79) esp_image: segment 2: paddr=0005ec9c vaddr=40374000 size=0137ch (  4988) load
I (81) esp_image: segment 3: paddr=00060020 vaddr=42000020 size=b1edch (728796) map
I (212) esp_image: segment 4: paddr=00111f04 vaddr=4037537c size=18808h (100360) load
I (234) esp_image: segment 5: paddr=0012a714 vaddr=50000000 size=00c8ch (  3212) load
I (235) esp_image: segment 6: paddr=0012b3a8 vaddr=600fe000 size=00100h (   256) load
I (236) esp_image: segment 7: paddr=0012b4b0 vaddr=600fe100 size=00008h (     8) load
I (236) esp_image: segment 8: paddr=0012b4c0 vaddr=00000000 size=04b10h ( 19216) 
I (251) boot: Loaded app from partition at offset 0x20000
I (251) boot: Disabling RNG early entropy source...
I (253) octal_psram: vendor id    : 0x0d (AP)
I (253) octal_psram: dev id       : 0x02 (generation 3)
I (253) octal_psram: density      : 0x03 (64 Mbit)
I (253) octal_psram: good-die     : 0x01 (Pass)
I (253) octal_psram: Latency      : 0x01 (Fixed)
I (254) octal_psram: VCC          : 0x01 (3V)
I (254) octal_psram: SRF          : 0x01 (Fast Refresh)
I (254) octal_psram: BurstType    : 0x01 (Hybrid Wrap)
I (255) octal_psram: BurstLen     : 0x01 (32 Byte)
I (255) octal_psram: Readlatency  : 0x02 (10 cycles@Fixed)
I (255) octal_psram: DriveStrength: 0x00 (1/1)
I (256) MSPI Timing: PSRAM timing tuning index: 5
I (256) esp_psram: Found 8MB PSRAM device
I (256) esp_psram: Speed: 80MHz
I (257) cpu_start: Multicore app
I (266) cpu_start: Pro cpu start user code
I (266) cpu_start: cpu freq: 160000000 Hz
I (266) app_init: Application information:
I (266) app_init: Project name:     skypane
I (266) app_init: App version:      fw-v9.9.8-bench
I (267) app_init: Compile time:     Sep 29 2026 13:01:11
I (267) app_init: ELF file SHA256:  404b1b407...
I (267) app_init: ESP-IDF:          v5.3.1
I (267) efuse_init: Min chip rev:     v0.0
I (267) efuse_init: Max chip rev:     v0.99 
I (268) efuse_init: Chip rev:         v0.2
I (268) heap_init: Initializing. RAM available for dynamic allocation:
I (268) heap_init: At 3FCA97B0 len 0003FF60 (255 KiB): RAM
I (268) heap_init: At 3FCE9710 len 00005724 (21 KiB): RAM
I (269) heap_init: At 3FCF0000 len 00008000 (32 KiB): DRAM
I (269) heap_init: At 600FE108 len 00001EE0 (7 KiB): RTCRAM
I (269) esp_psram: Adding pool of 8192K of PSRAM memory to heap allocator
I (271) spi_flash: detected chip: generic
I (271) spi_flash: flash io: dio
W (271) spi_flash: Detected size(16384k) larger than the size in the binary image header(8192k). Using the size in the binary image header.
E (273) secure_boot_v2: No signatures were found for the running app
E (273) secure_boot: This app is not signed, but check signature on update is enabled in config. It won't be possible to verify any update.

abort() was called at PC 0x42003624 on core 0


Backtrace: 0x403774be:0x3fceb0d0 0x4037ff99:0x3fceb0f0 0x40388c09:0x3fceb110 0x42003624:0x3fceb180 0x4200364b:0x3fceb210 0x4200312f:0x3fceb230 0x4200313b:0x3fceb250 0x42005bde:0x3fceb280 0x42005c29:0x3fceb2a0 0x42005c93:0x3fceb2c0 0x40376e56:0x3fceb2e0 0x403cc950:0x3fceb340 0x403ccdb5:0x3fceb380 0x403c896d:0x3fceb4b0 0x40045c01:0x3fceb570 0x40043ab6:0x3fceb6f0 0x40034c45:0x3fceb710




ELF file SHA256: 404b1b407

Rebooting...
ESP-ROM:esp32s3-20210327
Build:Mar 27 2021
rst:0xc (RTC_SW_CPU_RST),boot:0x29 (SPI_FAST_FLASH_BOOT)
Saved PC:0x403773f8
SPIWP:0xee
mode:DIO, clock div:1
load:0x3fce2810,len:0x178c
load:0x403c8700,len:0x4
load:0x403c8704,len:0xc10
load:0x403cb700,len:0x2e20
entry 0x403c8904
I (26) boot: ESP-IDF v5.3.1 2nd stage bootloader
I (26) boot: compile time Sep 29 2026 13:01:14
I (26) boot: Multicore bootloader
I (27) boot: chip revision: v0.2
I (27) boot.esp32s3: Boot SPI Speed : 80MHz
I (27) boot.esp32s3: SPI Mode       : DIO
I (27) boot.esp32s3: SPI Flash Size : 8MB
I (27) boot: Enabling RNG early entropy source...
I (28) boot: Partition Table:
I (28) boot: ## Label            Usage          Type ST Offset   Length
I (28) boot:  0 nvs              WiFi data        01 02 00009000 00006000
I (28) boot:  1 otadata          OTA data         01 00 0000f000 00002000
I (29) boot:  2 phy_init         RF data          01 01 00011000 00001000
I (29) boot:  3 nvs_keys         NVS keys         01 04 00012000 00001000
I (30) boot:  4 secret           WiFi data        01 02 00013000 00003000
I (30) boot:  5 factory          factory app      00 00 00020000 00250000
I (30) boot:  6 ota_0            OTA app          00 10 00270000 00250000
I (31) boot:  7 ota_1            OTA app          00 11 004c0000 00250000
I (31) boot: End of partition table
I (32) boot: Defaulting to factory image
I (32) esp_image: segment 0: paddr=00020020 vaddr=3c0c0020 size=39928h (235816) map
I (75) esp_image: segment 1: paddr=00059950 vaddr=3fc9dc00 size=05344h ( 21316) load
I (79) esp_image: segment 2: paddr=0005ec9c vaddr=40374000 size=0137ch (  4988) load
I (81) esp_image: segment 3: paddr=00060020 vaddr=42000020 size=b1edch (728796) map
I (212) esp_image: segment 4: paddr=00111f04 vaddr=4037537c size=18808h (100360) load
I (234) esp_image: segment 5: paddr=0012a714 vaddr=50000000 size=00c8ch (  3212) load
I (235) esp_image: segment 6: paddr=0012b3a8 vaddr=600fe000 size=00100h (   256) load
I (236) esp_image: segment 7: paddr=0012b4b0 vaddr=600fe100 size=00008h (     8) load
I (236) esp_image: segment 8: paddr=0012b4c0 vaddr=00000000 size=04b10h ( 19216) 
I (251) boot: Loaded app from partition at offset 0x20000
I (251) boot: Disabling RNG early entropy source...
I (253) octal_psram: vendor id    : 0x0d (AP)
I (253) octal_psram: dev id       : 0x02 (generation 3)
I (253) octal_psram: density      : 0x03 (64 Mbit)
I (253) octal_psram: good-die     : 0x01 (Pass)
I (253) octal_psram: Latency      : 0x01 (Fixed)
I (254) octal_psram: VCC          : 0x01 (3V)
I (254) octal_psram: SRF          : 0x01 (Fast Refresh)
I (254) octal_psram: BurstType    : 0x01 (Hybrid Wrap)
I (255) octal_psram: BurstLen     : 0x01 (32 Byte)
I (255) octal_psram: Readlatency  : 0x02 (10 cycles@Fixed)
I (255) octal_psram: DriveStrength: 0x00 (1/1)
I (256) MSPI Timing: PSRAM timing tuning index: 5
I (256) esp_psram: Found 8MB PSRAM device
I (256) esp_psram: Speed: 80MHz
I (257) cpu_start: Multicore app
I (266) cpu_start: Pro cpu start user code
I (266) cpu_start: cpu freq: 160000000 Hz
I (266) app_init: Application information:
I (266) app_init: Project name:     skypane
I (266) app_init: App version:      fw-v9.9.8-bench
I (267) app_init: Compile time:     Sep 29 2026 13:01:11
I (267) app_init: ELF file SHA256:  404b1b407...
I (267) app_init: ESP-IDF:          v5.3.1
I (267) efuse_init: Min chip rev:     v0.0
I (267) efuse_init: Max chip rev:     v0.99 
I (268) efuse_init: Chip rev:         v0.2
I (268) heap_init: Initializing. RAM available for dynamic allocation:
I (268) heap_init: At 3FCA97B0 len 0003FF60 (255 KiB): RAM
I (268) heap_init: At 3FCE9710 len 00005724 (21 KiB): RAM
I (269) heap_init: At 3FCF0000 len 00008000 (32 KiB): DRAM
I (269) heap_init: At 600FE108 len 00001EE0 (7 KiB): RTCRAM
I (269) esp_psram: Adding pool of 8192K of PSRAM memory to heap allocator
I (271) spi_flash: detected chip: generic
I (271) spi_flash: flash io: dio
W (271) spi_flash: Detected size(16384k) larger than the size in the binary image header(8192k). Using the size in the binary image header.
E (273) secure_boot_v2: No signatures were found for the running app
E (273) secure_boot: This app is not signed, but check signature on update is enabled in config. It won't be possible to verify any update.

abort() was called at PC 0x42003624 on core 0


Backtrace: 0x403774be:0x3fceb0d0 0x4037ff99:0x3fceb0f0 0x40388c09:0x3fceb110 0x42003624:0x3fceb180 0x4200364b:0x3fceb210 0x4200312f:0x3fceb230 0x4200313b:0x3fceb250 0x42005bde:0x3fceb280 0x42005c29:0x3fceb2a0 0x42005c93:0x3fceb2c0 0x40376e56:0x3fceb2e0 0x403cc950:0x3fceb340 0x403ccdb5:0x3fceb380 0x403c896d:0x3fceb4b0 0x40045c01:0x3fceb570 0x40043ab6:0x3fceb6f0 0x40034c45:0x3fceb710




ELF file SHA256: 404b1b407

Rebooting...
ESP-ROM:esp32s3-20210327
Build:Mar 27 2021
rst:0xc (RTC_SW_CPU_RST),boot:0x29 (SPI_FAST_FLASH_BOOT)
Saved PC:0x403773f8
SPIWP:0xee
mode:DIO, clock div:1
load:0x3fce2810,len:0x178c
load:0x403c8700,len:0x4
load:0x403c8704,len:0xc10
load:0x403cb700,len:0x2e20
entry 0x403c8904
I (26) boot: ESP-IDF v5.3.1 2nd stage bootloader
I (26) boot: compile time Sep 29 2026 13:01:14
I (26) boot: Multicore bootloader
I (27) boot: chip revision: v0.2
I (27) boot.esp32s3: Boot SPI Speed : 80MHz
I (27) boot.esp32s3: SPI Mode       : DIO
I (27) boot.esp32s3: SPI Flash Size : 8MB
I (27) boot: Enabling RNG early entropy source...
I (28) boot: Partition Table:
I (28) boot: ## Label            Usage          Type ST Offset   Length
I (28) boot:  0 nvs              WiFi data        01 02 00009000 00006000
I (28) boot:  1 otadata          OTA data         01 00 0000f000 00002000
I (29) boot:  2 phy_init         RF data          01 01 00011000 00001000
I (29) boot:  3 nvs_keys         NVS keys         01 04 00012000 00001000
I (30) boot:  4 secret           WiFi data        01 02 00013000 00003000
I (30) boot:  5 factory          factory app      00 00 00020000 00250000
I (30) boot:  6 ota_0            OTA app          00 10 00270000 00250000
I (31) boot:  7 ota_1            OTA app          00 11 004c0000 00250000
I (31) boot: End of partition table
I (32) boot: Defaulting to factory image
I (32) esp_image: segment 0: paddr=00020020 vaddr=3c0c0020 size=39928h (235816) map
I (75) esp_image: segment 1: paddr=00059950 vaddr=3fc9dc00 size=05344h ( 21316) load
I (79) esp_image: segment 2: paddr=0005ec9c vaddr=40374000 size=0137ch (  4988) load
I (81) esp_image: segment 3: paddr=00060020 vaddr=42000020 size=b1edch (728796) map
I (212) esp_image: segment 4: paddr=00111f04 vaddr=4037537c size=18808h (100360) load
I (234) esp_image: segment 5: paddr=0012a714 vaddr=50000000 size=00c8ch (  3212) load
I (235) esp_image: segment 6: paddr=0012b3a8 vaddr=600fe000 size=00100h (   256) load
I (236) esp_image: segment 7: paddr=0012b4b0 vaddr=600fe100 size=00008h (     8) load
I (236) esp_image: segment 8: paddr=0012b4c0 vaddr=00000000 size=04b10h ( 19216) 
I (251) boot: Loaded app from partition at offset 0x20000
I (252) boot: Disabling RNG early entropy source...
I (253) octal_psram: vendor id    : 0x0d (AP)
I (253) octal_psram: dev id       : 0x02 (generation 3)
I (253) octal_psram: density      : 0x03 (64 Mbit)
I (253) octal_psram: good-die     : 0x01 (Pass)
I (254) octal_psram: Latency      : 0x01 (Fixed)
I (254) octal_psram: VCC          : 0x01 (3V)
I (254) octal_psram: SRF          : 0x01 (Fast Refresh)
I (255) octal_psram: BurstType    : 0x01 (Hybrid Wrap)
I (255) octal_psram: BurstLen     : 0x01 (32 Byte)
I (255) octal_psram: Readlatency  : 0x02 (10 cycles@Fixed)
I (256) octal_psram: DriveStrength: 0x00 (1/1)
I (257) MSPI Timing: PSRAM timing tuning index: 5
I (257) esp_psram: Found 8MB PSRAM device
I (257) esp_psram: Speed: 80MHz
I (257) cpu_start: Multicore app
I (266) cpu_start: Pro cpu start user code
I (266) cpu_start: cpu freq: 160000000 Hz
I (267) app_init: Application information:
I (267) app_init: Project name:     skypane
I (267) app_init: App version:      fw-v9.9.8-bench
I (267) app_init: Compile time:     Sep 29 2026 13:01:11
I (267) app_init: ELF file SHA256:  404b1b407...
I (268) app_init: ESP-IDF:          v5.3.1
I (268) efuse_init: Min chip rev:     v0.0
I (268) efuse_init: Max chip rev:     v0.99 
I (268) efuse_init: Chip rev:         v0.2
I (268) heap_init: Initializing. RAM available for dynamic allocation:
I (269) heap_init: At 3FCA97B0 len 0003FF60 (255 KiB): RAM
I (269) heap_init: At 3FCE9710 len 00005724 (21 KiB): RAM
I (269) heap_init: At 3FCF0000 len 00008000 (32 KiB): DRAM
I (269) heap_init: At 600FE108 len 00001EE0 (7 KiB): RTCRAM
I (270) esp_psram: Adding pool of 8192K of PSRAM memory to heap allocator
I (271) spi_flash: detected chip: generic
I (271) spi_flash: flash io: dio
W (271) spi_flash: Detected size(16384k) larger than the size in the binary image header(8192k). Using the size in the binary image header.
E (273) secure_boot_v2: No signatures were found for the running app
E (274) secure_boot: This app is not signed, but check signature on update is enabled in config. It won't be possible to verify any update.

abort() was called at PC 0x42003624 on core 0


Backtrace: 0x403774be:0x3fceb0d0 0x4037ff99:0x3fceb0f0 0x40388c09:0x3fceb110 0x42003624:0x3fceb180 0x4200364b:0x3fceb210 0x4200312f:0x3fceb230 0x4200313b:0x3fceb250 0x42005bde:0x3fceb280 0x42005c29:0x3fceb2a0 0x42005c93:0x3fceb2c0 0x40376e56:0x3fceb2e0 0x403cc950:0x3fceb340 0x403ccdb5:0x3fceb380 0x403c896d:0x3fceb4b0 0x40045c01:0x3fceb570 0x40043ab6:0x3fceb6f0 0x40034c45:0x3fceb710




ELF file SHA256: 404b1b407

Rebooting...
ESP-ROM:esp32s3-20210327
Build:Mar 27 2021
rst:0xc (RTC_SW_CPU_RST),boot:0x29 (SPI_FAST_FLASH_BOOT)
Saved PC:0x403773f8
SPIWP:0xee
mode:DIO, clock div:1
load:0x3fce2810,len:0x178c
load:0x403c8700,len:0x4
load:0x403c8704,len:0xc10
load:0x403cb700,len:0x2e20
entry 0x403c8904
I (26) boot: ESP-IDF v5.3.1 2nd stage bootloader
I (26) boot: compile time Sep 29 2026 13:01:14
I (26) boot: Multicore bootloader
I (27) boot: chip revision: v0.2
I (27) boot.esp32s3: Boot SPI Speed : 80MHz
I (27) boot.esp32s3: SPI Mode       : DIO
I (27) boot.esp32s3: SPI Flash Size : 8MB
I (27) boot: Enabling RNG early entropy source...
I (28) boot: Partition Table:
I (28) boot: ## Label            Usage          Type ST Offset   Length
I (28) boot:  0 nvs              WiFi data        01 02 00009000 00006000
I (28) boot:  1 otadata          OTA data         01 00 0000f000 00002000
I (29) boot:  2 phy_init         RF data          01 01 00011000 00001000
I (29) boot:  3 nvs_keys         NVS keys         01 04 00012000 00001000
I (30) boot:  4 secret           WiFi data        01 02 00013000 00003000
I (30) boot:  5 factory          factory app      00 00 00020000 00250000
I (30) boot:  6 ota_0            OTA app          00 10 00270000 00250000
I (31) boot:  7 ota_1            OTA app          00 11 004c0000 00250000
I (31) boot: End of partition table
I (32) boot: Defaulting to factory image
I (32) esp_image: segment 0: paddr=00020020 vaddr=3c0c0020 size=39928h (235816) map
I (75) esp_image: segment 1: paddr=00059950 vaddr=3fc9dc00 size=05344h ( 21316) load
I (79) esp_image: segment 2: paddr=0005ec9c vaddr=40374000 size=0137ch (  4988) load
I (81) esp_image: segment 3: paddr=00060020 vaddr=42000020 size=b1edch (728796) map
I (212) esp_image: segment 4: paddr=00111f04 vaddr=4037537c size=18808h (100360) load
I (234) esp_image: segment 5: paddr=0012a714 vaddr=50000000 size=00c8ch (  3212) load
I (235) esp_image: segment 6: paddr=0012b3a8 vaddr=600fe000 size=00100h (   256) load
I (236) esp_image: segment 7: paddr=0012b4b0 vaddr=600fe100 size=00008h (     8) load
I (236) esp_image: segment 8: paddr=0012b4c0 vaddr=00000000 size=04b10h ( 19216) 
I (251) boot: Loaded app from partition at offset 0x20000
I (252) boot: Disabling RNG early entropy source...
I (253) octal_psram: vendor id    : 0x0d (AP)
I (253) octal_psram: dev id       : 0x02 (generation 3)
I (253) octal_psram: density      : 0x03 (64 Mbit)
I (253) octal_psram: good-die     : 0x01 (Pass)
I (254) octal_psram: Latency      : 0x01 (Fixed)
I (254) octal_psram: VCC          : 0x01 (3V)
I (254) octal_psram: SRF          : 0x01 (Fast Refresh)
I (254) octal_psram: BurstType    : 0x01 (Hybrid Wrap)
I (255) octal_psram: BurstLen     : 0x01 (32 Byte)
I (255) octal_psram: Readlatency  : 0x02 (10 cycles@Fixed)
I (255) octal_psram: DriveStrength: 0x00 (1/1)
I (256) MSPI Timing: PSRAM timing tuning index: 5
I (256) esp_psram: Found 8MB PSRAM device
I (257) esp_psram: Speed: 80MHz
I (257) cpu_start: Multicore app
I (266) cpu_start: Pro cpu start user code
I (266) cpu_start: cpu freq: 160000000 Hz
I (266) app_init: Application information:
I (267) app_init: Project name:     skypane
I (267) app_init: App version:      fw-v9.9.8-bench
I (267) app_init: Compile time:     Sep 29 2026 13:01:11
I (267) app_init: ELF file SHA256:  404b1b407...
I (267) app_init: ESP-IDF:          v5.3.1
I (267) efuse_init: Min chip rev:     v0.0
I (268) efuse_init: Max chip rev:     v0.99 
I (268) efuse_init: Chip rev:         v0.2
I (268) heap_init: Initializing. RAM available for dynamic allocation:
I (268) heap_init: At 3FCA97B0 len 0003FF60 (255 KiB): RAM
I (269) heap_init: At 3FCE9710 len 00005724 (21 KiB): RAM
I (269) heap_init: At 3FCF0000 len 00008000 (32 KiB): DRAM
I (269) heap_init: At 600FE108 len 00001EE0 (7 KiB): RTCRAM
I (270) esp_psram: Adding pool of 8192K of PSRAM memory to heap allocator
I (271) spi_flash: detected chip: generic
I (271) spi_flash: flash io: dio
W (271) spi_flash: Detected size(16384k) larger than the size in the binary image header(8192k). Using the size in the binary image header.
E (273) secure_boot_v2: No signatures were found for the running app
E (273) secure_boot: This app is not signed, but check signature on update is enabled in config. It won't be possible to verify any update.

abort() was called at PC 0x42003624 on core 0


Backtrace: 0x403774be:0x3fceb0d0 0x4037ff99:0x3fceb0f0 0x40388c09:0x3fceb110 0x42003624:0x3fceb180 0x4200364b:0x3fceb210 0x4200312f:0x3fceb230 0x4200313b:0x3fceb250 0x42005bde:0x3fceb280 0x42005c29:0x3fceb2a0 0x42005c93:0x3fceb2c0 0x40376e56:0x3fceb2e0 0x403cc950:0x3fceb340 0x403ccdb5:0x3fceb380 0x403c896d:0x3fceb4b0 0x40045c01:0x3fceb570 0x40043ab6:0x3fceb6f0 0x40034c45:0x3fceb710




ELF file SHA256: 404b1b407

Rebooting...
ESP-ROM:esp32s3-20210327
Build:Mar 27 2021
rst:0xc (RTC_SW_CPU_RST),boot:0x29 (SPI_FAST_FLASH_BOOT)
Saved PC:0x403773f8
SPIWP:0xee
mode:DIO, clock div:1
load:0x3fce2810,len:0x178c
load:0x403c8700,len:0x4
load:0x403c8704,len:0xc10
load:0x403cb700,len:0x2e20
entry 0x403c8904
I (26) boot: ESP-IDF v5.3.1 2nd stage bootloader
I (26) boot: compile time Sep 29 2026 13:01:14
I (26) boot: Multicore bootloader
I (27) boot: chip revision: v0.2
I (27) boot.esp32s3: Boot SPI Speed : 80MHz
I (27) boot.esp32s3: SPI Mode       : DIO
I (27) boot.esp32s3: SPI Flash Size : 8MB
I (27) boot: Enabling RNG early entropy source...
I (28) boot: Partition Table:
I (28) boot: ## Label            Usage          Type ST Offset   Length
I (28) boot:  0 nvs              WiFi data        01 02 00009000 00006000
I (28) boot:  1 otadata          OTA data         01 00 0000f000 00002000
I (29) boot:  2 phy_init         RF data          01 01 00011000 00001000
I (29) boot:  3 nvs_keys         NVS keys         01 04 00012000 00001000
I (30) boot:  4 secret           WiFi data        01 02 00013000 00003000
I (30) boot:  5 factory          factory app      00 00 00020000 00250000
I (30) boot:  6 ota_0            OTA app          00 10 00270000 00250000
I (31) boot:  7 ota_1            OTA app          00 11 004c0000 00250000
I (31) boot: End of partition table
I (32) boot: Defaulting to factory image
I (32) esp_image: segment 0: paddr=00020020 vaddr=3c0c0020 size=39928h (235816) map
I (75) esp_image: segment 1: paddr=00059950 vaddr=3fc9dc00 size=05344h ( 21316) load
I (79) esp_image: segment 2: paddr=0005ec9c vaddr=40374000 size=0137ch (  4988) load
I (81) esp_image: segment 3: paddr=00060020 vaddr=42000020 size=b1edch (728796) map
I (212) esp_image: segment 4: paddr=00111f04 vaddr=4037537c size=18808h (100360) load
I (234) esp_image: segment 5: paddr=0012a714 vaddr=50000000 size=00c8ch (  3212) load
I (235) esp_image: segment 6: paddr=0012b3a8 vaddr=600fe000 size=00100h (   256) load
I (236) esp_image: segment 7: paddr=0012b4b0 vaddr=600fe100 size=00008h (     8) load
I (236) esp_image: segment 8: paddr=0012b4c0 vaddr=00000000 size=04b10h ( 19216) 
I (251) boot: Loaded app from partition at offset 0x20000
I (251) boot: Disabling RNG early entropy source...
I (253) octal_psram: vendor id    : 0x0d (AP)
I (253) octal_psram: dev id       : 0x02 (generation 3)
I (253) octal_psram: density      : 0x03 (64 Mbit)
I (253) octal_psram: good-die     : 0x01 (Pass)
I (253) octal_psram: Latency      : 0x01 (Fixed)
I (254) octal_psram: VCC          : 0x01 (3V)
I (254) octal_psram: SRF          : 0x01 (Fast Refresh)
I (254) octal_psram: BurstType    : 0x01 (Hybrid Wrap)
I (255) octal_psram: BurstLen     : 0x01 (32 Byte)
I (255) octal_psram: Readlatency  : 0x02 (10 cycles@Fixed)
I (255) octal_psram: DriveStrength: 0x00 (1/1)
I (256) MSPI Timing: PSRAM timing tuning index: 5
I (256) esp_psram: Found 8MB PSRAM device
I (256) esp_psram: Speed: 80MHz
I (257) cpu_start: Multicore app
I (266) cpu_start: Pro cpu start user code
I (266) cpu_start: cpu freq: 160000000 Hz
I (266) app_init: Application information:
I (266) app_init: Project name:     skypane
I (266) app_init: App version:      fw-v9.9.8-bench
I (267) app_init: Compile time:     Sep 29 2026 13:01:11
I (267) app_init: ELF file SHA256:  404b1b407...
I (267) app_init: ESP-IDF:          v5.3.1
I (267) efuse_init: Min chip rev:     v0.0
I (267) efuse_init: Max chip rev:     v0.99 
I (268) efuse_init: Chip rev:         v0.2
I (268) heap_init: Initializing. RAM available for dynamic allocation:
I (268) heap_init: At 3FCA97B0 len 0003FF60 (255 KiB): RAM
I (268) heap_init: At 3FCE9710 len 00005724 (21 KiB): RAM
I (269) heap_init: At 3FCF0000 len 00008000 (32 KiB): DRAM
I (269) heap_init: At 600FE108 len 00001EE0 (7 KiB): RTCRAM
I (269) esp_psram: Adding pool of 8192K of PSRAM memory to heap allocator
I (271) spi_flash: detected chip: generic
I (271) spi_flash: flash io: dio
W (271) spi_flash: Detected size(16384k) larger than the size in the binary image header(8192k). Using the size in the binary image header.
E (273) secure_boot_v2: No signatures were found for the running app
E (273) secure_boot: This app is not signed, but check signature on update is enabled in config. It won't be possible to verify any update.

abort() was called at PC 0x42003624 on core 0


Backtrace: 0x403774be:0x3fceb0d0 0x4037ff99:0x3fceb0f0 0x40388c09:0x3fceb110 0x42003624:0x3fceb180 0x4200364b:0x3fceb210 0x4200312f:0x3fceb230 0x4200313b:0x3fceb250 0x42005bde:0x3fceb280 0x42005c29:0x3fceb2a0 0x42005c93:0x3fceb2c0 0x40376e56:0x3fceb2e0 0x403cc950:0x3fceb340 0x403ccdb5:0x3fceb380 0x403c896d:0x3fceb4b0 0x40045c01:0x3fceb570 0x40043ab6:0x3fceb6f0 0x40034c45:0x3fceb710




ELF file SHA256: 404b1b407

Rebooting...
ESP-ROM:esp32s3-20210327
Build:Mar 27 2021
rst:0xc (RTC_SW_CPU_RST),boot:0x29 (SPI_FAST_FLASH_BOOT)
Saved PC:0x403773f8
SPIWP:0xee
mode:DIO, clock div:1
load:0x3fce2810,len:0x178c
load:0x403c8700,len:0x4
load:0x403c8704,len:0xc10
load:0x403cb700,len:0x2e20
entry 0x403c8904
I (26) boot: ESP-IDF v5.3.1 2nd stage bootloader
I (26) boot: compile time Sep 29 2026 13:01:14
I (26) boot: Multicore bootloader
I (27) boot: chip revision: v0.2
I (27) boot.esp32s3: Boot SPI Speed : 80MHz
I (27) boot.esp32s3: SPI Mode       : DIO
I (27) boot.esp32s3: SPI Flash Size : 8MB
I (27) boot: Enabling RNG early entropy source...
I (28) boot: Partition Table:
I (28) boot: ## Label            Usage          Type ST Offset   Length
I (28) boot:  0 nvs              WiFi data        01 02 00009000 00006000
I (29) boot:  1 otadata          OTA data         01 00 0000f000 00002000
I (29) boot:  2 phy_init         RF data          01 01 00011000 00001000
I (29) boot:  3 nvs_keys         NVS keys         01 04 00012000 00001000
I (30) boot:  4 secret           WiFi data        01 02 00013000 00003000
I (30) boot:  5 factory          factory app      00 00 00020000 00250000
I (31) boot:  6 ota_0            OTA app          00 10 00270000 00250000
I (31) boot:  7 ota_1            OTA app          00 11 004c0000 00250000
I (32) boot: End of partition table
I (32) boot: Defaulting to factory image
I (32) esp_image: segment 0: paddr=00020020 vaddr=3c0c0020 size=39928h (235816) map
I (75) esp_image: segment 1: paddr=00059950 vaddr=3fc9dc00 size=05344h ( 21316) load
I (79) esp_image: segment 2: paddr=0005ec9c vaddr=40374000 size=0137ch (  4988) load
I (81) esp_image: segment 3: paddr=00060020 vaddr=42000020 size=b1edch (728796) map
I (212) esp_image: segment 4: paddr=00111f04 vaddr=4037537c size=18808h (100360) load
I (234) esp_image: segment 5: paddr=0012a714 vaddr=50000000 size=00c8ch (  3212) load
I (235) esp_image: segment 6: paddr=0012b3a8 vaddr=600fe000 size=00100h (   256) load
I (236) esp_image: segment 7: paddr=0012b4b0 vaddr=600fe100 size=00008h (     8) load
I (236) esp_image: segment 8: paddr=0012b4c0 vaddr=00000000 size=04b10h ( 19216) 
I (251) boot: Loaded app from partition at offset 0x20000
I (252) boot: Disabling RNG early entropy source...
I (253) octal_psram: vendor id    : 0x0d (AP)
I (253) octal_psram: dev id       : 0x02 (generation 3)
I (253) octal_psram: density      : 0x03 (64 Mbit)
I (253) octal_psram: good-die     : 0x01 (Pass)
I (254) octal_psram: Latency      : 0x01 (Fixed)
I (254) octal_psram: VCC          : 0x01 (3V)
I (254) octal_psram: SRF          : 0x01 (Fast Refresh)
I (254) octal_psram: BurstType    : 0x01 (Hybrid Wrap)
I (255) octal_psram: BurstLen     : 0x01 (32 Byte)
I (255) octal_psram: Readlatency  : 0x02 (10 cycles@Fixed)
I (255) octal_psram: DriveStrength: 0x00 (1/1)
I (256) MSPI Timing: PSRAM timing tuning index: 5
I (256) esp_psram: Found 8MB PSRAM device
I (257) esp_psram: Speed: 80MHz
I (257) cpu_start: Multicore app
I (266) cpu_start: Pro cpu start user code
I (266) cpu_start: cpu freq: 160000000 Hz
I (266) app_init: Application information:
I (267) app_init: Project name:     skypane
I (267) app_init: App version:      fw-v9.9.8-bench
I (267) app_init: Compile time:     Sep 29 2026 13:01:11
I (267) app_init: ELF file SHA256:  404b1b407...
I (267) app_init: ESP-IDF:          v5.3.1
I (267) efuse_init: Min chip rev:     v0.0
I (268) efuse_init: Max chip rev:     v0.99 
I (268) efuse_init: Chip rev:         v0.2
I (268) heap_init: Initializing. RAM available for dynamic allocation:
I (268) heap_init: At 3FCA97B0 len 0003FF60 (255 KiB): RAM
I (269) heap_init: At 3FCE9710 len 00005724 (21 KiB): RAM
I (269) heap_init: At 3FCF0000 len 00008000 (32 KiB): DRAM
I (269) heap_init: At 600FE108 len 00001EE0 (7 KiB): RTCRAM
I (270) esp_psram: Adding pool of 8192K of PSRAM memory to heap allocator
I (271) spi_flash: detected chip: generic
I (271) spi_flash: flash io: dio
W (271) spi_flash: Detected size(16384k) larger than the size in the binary image header(8192k). Using the size in the binary image header.
E (273) secure_boot_v2: No signatures were found for the running app
E (273) secure_boot: This app is not signed, but check signature on update is enabled in config. It won't be possible to verify any update.

abort() was called at PC 0x42003624 on core 0


Backtrace: 0x403774be:0x3fceb0d0 0x4037ff99:0x3fceb0f0 0x40388c09:0x3fceb110 0x42003624:0x3fceb180 0x4200364b:0x3fceb210 0x4200312f:0x3fceb230 0x4200313b:0x3fceb250 0x42005bde:0x3fceb280 0x42005c29:0x3fceb2a0 0x42005c93:0x3fceb2c0 0x40376e56:0x3fceb2e0 0x403cc950:0x3fceb340 0x403ccdb5:0x3fceb380 0x403c896d:0x3fceb4b0 0x40045c01:0x3fceb570 0x40043ab6:0x3fceb6f0 0x40034c45:0x3fceb710




ELF file SHA256: 404b1b407

Rebooting...
ESP-ROM:esp32s3-20210327
Build:Mar 27 2021
rst:0xc (RTC_SW_CPU_RST),boot:0x29 (SPI_FAST_FLASH_BOOT)
Saved PC:0x403773f8
SPIWP:0xee
mode:DIO, clock div:1
load:0x3fce2810,len:0x178c
load:0x403c8700,len:0x4
load:0x403c8704,len:0xc10
load:0x403cb700,len:0x2e20
entry 0x403c8904
I (26) boot: ESP-IDF v5.3.1 2nd stage bootloader
I (26) boot: compile time Sep 29 2026 13:01:14
I (26) boot: Multicore bootloader
I (27) boot: chip revision: v0.2
I (27) boot.esp32s3: Boot SPI Speed : 80MHz
I (27) boot.esp32s3: SPI Mode       : DIO
I (27) boot.esp32s3: SPI Flash Size : 8MB
I (27) boot: Enabling RNG early entropy source...
I (28) boot: Partition Table:
I (28) boot: ## Label            Usage          Type ST Offset   Length
I (28) boot:  0 nvs              WiFi data        01 02 00009000 00006000
I (29) boot:  1 otadata          OTA data         01 00 0000f000 00002000
I (29) boot:  2 phy_init         RF data          01 01 00011000 00001000
I (29) boot:  3 nvs_keys         NVS keys         01 04 00012000 00001000
I (30) boot:  4 secret           WiFi data        01 02 00013000 00003000
I (30) boot:  5 factory          factory app      00 00 00020000 00250000
I (31) boot:  6 ota_0            OTA app          00 10 00270000 00250000
I (31) boot:  7 ota_1            OTA app          00 11 004c0000 00250000
I (31) boot: End of partition table
I (32) boot: Defaulting to factory image
I (32) esp_image: segment 0: paddr=00020020 vaddr=3c0c0020 size=39928h (235816) map
I (75) esp_image: segment 1: paddr=00059950 vaddr=3fc9dc00 size=05344h ( 21316) load
I (79) esp_image: segment 2: paddr=0005ec9c vaddr=40374000 size=0137ch (  4988) load
I (81) esp_image: segment 3: paddr=00060020 vaddr=42000020 size=b1edch (728796) map
I (212) esp_image: segment 4: paddr=00111f04 vaddr=4037537c size=18808h (100360) load
I (234) esp_image: segment 5: paddr=0012a714 vaddr=50000000 size=00c8ch (  3212) load
I (235) esp_image: segment 6: paddr=0012b3a8 vaddr=600fe000 size=00100h (   256) load
I (236) esp_image: segment 7: paddr=0012b4b0 vaddr=600fe100 size=00008h (     8) load
I (236) esp_image: segment 8: paddr=0012b4c0 vaddr=00000000 size=04b10h ( 19216) 
I (251) boot: Loaded app from partition at offset 0x20000
I (252) boot: Disabling RNG early entropy source...
I (253) octal_psram: vendor id    : 0x0d (AP)
I (253) octal_psram: dev id       : 0x02 (generation 3)
I (253) octal_psram: density      : 0x03 (64 Mbit)
I (253) octal_psram: good-die     : 0x01 (Pass)
I (254) octal_psram: Latency      : 0x01 (Fixed)
I (254) octal_psram: VCC          : 0x01 (3V)
I (254) octal_psram: SRF          : 0x01 (Fast Refresh)
I (254) octal_psram: BurstType    : 0x01 (Hybrid Wrap)
I (255) octal_psram: BurstLen     : 0x01 (32 Byte)
I (255) octal_psram: Readlatency  : 0x02 (10 cycles@Fixed)
I (255) octal_psram: DriveStrength: 0x00 (1/1)
I (256) MSPI Timing: PSRAM timing tuning index: 5
I (256) esp_psram: Found 8MB PSRAM device
I (257) esp_psram: Speed: 80MHz
I (257) cpu_start: Multicore app
I (266) cpu_start: Pro cpu start user code
I (266) cpu_start: cpu freq: 160000000 Hz
I (266) app_init: Application information:
I (266) app_init: Project name:     skypane
I (267) app_init: App version:      fw-v9.9.8-bench
I (267) app_init: Compile time:     Sep 29 2026 13:01:11
I (267) app_init: ELF file SHA256:  404b1b407...
I (267) app_init: ESP-IDF:          v5.3.1
I (267) efuse_init: Min chip rev:     v0.0
I (268) efuse_init: Max chip rev:     v0.99 
I (268) efuse_init: Chip rev:         v0.2
I (268) heap_init: Initializing. RAM available for dynamic allocation:
I (268) heap_init: At 3FCA97B0 len 0003FF60 (255 KiB): RAM
I (268) heap_init: At 3FCE9710 len 00005724 (21 KiB): RAM
I (269) heap_init: At 3FCF0000 len 00008000 (32 KiB): DRAM
I (269) heap_init: At 600FE108 len 00001EE0 (7 KiB): RTCRAM
I (269) esp_psram: Adding pool of 8192K of PSRAM memory to heap allocator
I (271) spi_flash: detected chip: generic
I (271) spi_flash: flash io: dio
W (271) spi_flash: Detected size(16384k) larger than the size in the binary image header(8192k). Using the size in the binary image header.
E (273) secure_boot_v2: No signatures were found for the running app
E (273) secure_boot: This app is not signed, but check signature on update is enabled in config. It won't be possible to verify any update.

abort() was called at PC 0x42003624 on core 0


Backtrace: 0x403774be:0x3fceb0d0 0x4037ff99:0x3fceb0f0 0x40388c09:0x3fceb110 0x42003624:0x3fceb180 0x4200364b:0x3fceb210 0x4200312f:0x3fceb230 0x4200313b:0x3fceb250 0x42005bde:0x3fceb280 0x42005c29:0x3fceb2a0 0x42005c93:0x3fceb2c0 0x40376e56:0x3fceb2e0 0x403cc950:0x3fceb340 0x403ccdb5:0x3fceb380 0x403c896d:0x3fceb4b0 0x40045c01:0x3fceb570 0x40043ab6:0x3fceb6f0 0x40034c45:0x3fceb710




ELF file SHA256: 404b1b407

Rebooting...
ESP-ROM:esp32s3-20210327
Build:Mar 27 2021
rst:0xc (RTC_SW_CPU_RST),boot:0x29 (SPI_FAST_FLASH_BOOT)
Saved PC:0x403773f8
SPIWP:0xee
mode:DIO, clock div:1
load:0x3fce2810,len:0x178c
load:0x403c8700,len:0x4
load:0x403c8704,len:0xc10
load:0x403cb700,len:0x2e20
entry 0x403c8904
I (26) boot: ESP-IDF v5.3.1 2nd stage bootloader
I (26) boot: compile time Sep 29 2026 13:01:14
I (26) boot: Multicore bootloader
I (27) boot: chip revision: v0.2
I (27) boot.esp32s3: Boot SPI Speed : 80MHz
I (27) boot.esp32s3: SPI Mode       : DIO
I (27) boot.esp32s3: SPI Flash Size : 8MB
I (27) boot: Enabling RNG early entropy source...
I (28) boot: Partition Table:
I (28) boot: ## Label            Usage          Type ST Offset   Length
I (28) boot:  0 nvs              WiFi data        01 02 00009000 00006000
I (28) boot:  1 otadata          OTA data         01 00 0000f000 00002000
I (29) boot:  2 phy_init         RF data          01 01 00011000 00001000
I (29) boot:  3 nvs_keys         NVS keys         01 04 00012000 00001000
I (30) boot:  4 secret           WiFi data        01 02 00013000 00003000
I (30) boot:  5 factory          factory app      00 00 00020000 00250000
I (30) boot:  6 ota_0            OTA app          00 10 00270000 00250000
I (31) boot:  7 ota_1            OTA app          00 11 004c0000 00250000
I (31) boot: End of partition table
I (32) boot: Defaulting to factory image
I (32) esp_image: segment 0: paddr=00020020 vaddr=3c0c0020 size=39928h (235816) map
I (75) esp_image: segment 1: paddr=00059950 vaddr=3fc9dc00 size=05344h ( 21316) load
I (79) esp_image: segment 2: paddr=0005ec9c vaddr=40374000 size=0137ch (  4988) load
I (81) esp_image: segment 3: paddr=00060020 vaddr=42000020 size=b1edch (728796) map
I (212) esp_image: segment 4: paddr=00111f04 vaddr=4037537c size=18808h (100360) load
I (234) esp_image: segment 5: paddr=0012a714 vaddr=50000000 size=00c8ch (  3212) load
I (235) esp_image: segment 6: paddr=0012b3a8 vaddr=600fe000 size=00100h (   256) load
I (236) esp_image: segment 7: paddr=0012b4b0 vaddr=600fe100 size=00008h (     8) load
I (236) esp_image: segment 8: paddr=0012b4c0 vaddr=00000000 size=04b10h ( 19216) 
I (251) boot: Loaded app from partition at offset 0x20000
I (251) boot: Disabling RNG early entropy source...
I (253) octal_psram: vendor id    : 0x0d (AP)
I (253) octal_psram: dev id       : 0x02 (generation 3)
I (253) octal_psram: density      : 0x03 (64 Mbit)
I (253) octal_psram: good-die     : 0x01 (Pass)
I (253) octal_psram: Latency      : 0x01 (Fixed)
I (254) octal_psram: VCC          : 0x01 (3V)
I (254) octal_psram: SRF          : 0x01 (Fast Refresh)
I (254) octal_psram: BurstType    : 0x01 (Hybrid Wrap)
I (255) octal_psram: BurstLen     : 0x01 (32 Byte)
I (255) octal_psram: Readlatency  : 0x02 (10 cycles@Fixed)
I (255) octal_psram: DriveStrength: 0x00 (1/1)
I (256) MSPI Timing: PSRAM timing tuning index: 5
I (256) esp_psram: Found 8MB PSRAM device
I (256) esp_psram: Speed: 80MHz
I (257) cpu_start: Multicore app
I (266) cpu_start: Pro cpu start user code
I (266) cpu_start: cpu freq: 160000000 Hz
I (266) app_init: Application information:
I (266) app_init: Project name:     skypane
I (266) app_init: App version:      fw-v9.9.8-bench
I (267) app_init: Compile time:     Sep 29 2026 13:01:11
I (267) app_init: ELF file SHA256:  404b1b407...
I (267) app_init: ESP-IDF:          v5.3.1
I (267) efuse_init: Min chip rev:     v0.0
I (267) efuse_init: Max chip rev:     v0.99 
I (268) efuse_init: Chip rev:         v0.2
I (268) heap_init: Initializing. RAM available for dynamic allocation:
I (268) heap_init: At 3FCA97B0 len 0003FF60 (255 KiB): RAM
I (268) heap_init: At 3FCE9710 len 00005724 (21 KiB): RAM
I (269) heap_init: At 3FCF0000 len 00008000 (32 KiB): DRAM
I (269) heap_init: At 600FE108 len 00001EE0 (7 KiB): RTCRAM
I (269) esp_psram: Adding pool of 8192K of PSRAM memory to heap allocator
I (271) spi_flash: detected chip: generic
I (271) spi_flash: flash io: dio
W (271) spi_flash: Detected size(16384k) larger than the size in the binary image header(8192k). Using the size in the binary image header.
E (273) secure_boot_v2: No signatures were found for the running app
E (273) secure_boot: This app is not signed, but check signature on update is enabled in config. It won't be possible to verify any update.

abort() was called at PC 0x42003624 on core 0


Backtrace: 0x403774be:0x3fceb0d0 0x4037ff99:0x3fceb0f0 0x40388c09:0x3fceb110 0x42003624:0x3fceb180 0x4200364b:0x3fceb210 0x4200312f:0x3fceb230 0x4200313b:0x3fceb250 0x42005bde:0x3fceb280 0x42005c29:0x3fceb2a0 0x42005c93:0x3fceb2c0 0x40376e56:0x3fceb2e0 0x403cc950:0x3fceb340 0x403ccdb5:0x3fceb380 0x403c896d:0x3fceb4b0 0x40045c01:0x3fceb570 0x40043ab6:0x3fceb6f0 0x40034c45:0x3fceb710




ELF file SHA256: 404b1b407

Rebooting...
ESP-ROM:esp32s3-20210327
Build:Mar 27 2021
rst:0xc (RTC_SW_CPU_RST),boot:0x29 (SPI_FAST_FLASH_BOOT)
Saved PC:0x403773f8
SPIWP:0xee
mode:DIO, clock div:1
load:0x3fce2810,len:0x178c
load:0x403c8700,len:0x4
load:0x403c8704,len:0xc10
load:0x403cb700,len:0x2e20
entry 0x403c8904
I (26) boot: ESP-IDF v5.3.1 2nd stage bootloader
I (26) boot: compile time Sep 29 2026 13:01:14
I (26) boot: Multicore bootloader
I (27) boot: chip revision: v0.2
I (27) boot.esp32s3: Boot SPI Speed : 80MHz
I (27) boot.esp32s3: SPI Mode       : DIO
I (27) boot.esp32s3: SPI Flash Size : 8MB
I (27) boot: Enabling RNG early entropy source...
I (28) boot: Partition Table:
I (28) boot: ## Label            Usage          Type ST Offset   Length
I (28) boot:  0 nvs              WiFi data        01 02 00009000 00006000
I (28) boot:  1 otadata          OTA data         01 00 0000f000 00002000
I (29) boot:  2 phy_init         RF data          01 01 00011000 00001000
I (29) boot:  3 nvs_keys         NVS keys         01 04 00012000 00001000
I (30) boot:  4 secret           WiFi data        01 02 00013000 00003000
I (30) boot:  5 factory          factory app      00 00 00020000 00250000
I (30) boot:  6 ota_0            OTA app          00 10 00270000 00250000
I (31) boot:  7 ota_1            OTA app          00 11 004c0000 00250000
I (31) boot: End of partition table
I (32) boot: Defaulting to factory image
I (32) esp_image: segment 0: paddr=00020020 vaddr=3c0c0020 size=39928h (235816) map
I (75) esp_image: segment 1: paddr=00059950 vaddr=3fc9dc00 size=05344h ( 21316) load
I (79) esp_image: segment 2: paddr=0005ec9c vaddr=40374000 size=0137ch (  4988) load
I (81) esp_image: segment 3: paddr=00060020 vaddr=42000020 size=b1edch (728796) map
I (212) esp_image: segment 4: paddr=00111f04 vaddr=4037537c size=18808h (100360) load
I (234) esp_image: segment 5: paddr=0012a714 vaddr=50000000 size=00c8ch (  3212) load
I (235) esp_image: segment 6: paddr=0012b3a8 vaddr=600fe000 size=00100h (   256) load
I (236) esp_image: segment 7: paddr=0012b4b0 vaddr=600fe100 size=00008h (     8) load
I (236) esp_image: segment 8: paddr=0012b4c0 vaddr=00000000 size=04b10h ( 19216) 
I (251) boot: Loaded app from partition at offset 0x20000
I (251) boot: Disabling RNG early entropy source...
I (253) octal_psram: vendor id    : 0x0d (AP)
I (253) octal_psram: dev id       : 0x02 (generation 3)
I (253) octal_psram: density      : 0x03 (64 Mbit)
I (253) octal_psram: good-die     : 0x01 (Pass)
I (253) octal_psram: Latency      : 0x01 (Fixed)
I (254) octal_psram: VCC          : 0x01 (3V)
I (254) octal_psram: SRF          : 0x01 (Fast Refresh)
I (254) octal_psram: BurstType    : 0x01 (Hybrid Wrap)
I (255) octal_psram: BurstLen     : 0x01 (32 Byte)
I (255) octal_psram: Readlatency  : 0x02 (10 cycles@Fixed)
I (255) octal_psram: DriveStrength: 0x00 (1/1)
I (256) MSPI Timing: PSRAM timing tuning index: 5
I (256) esp_psram: Found 8MB PSRAM device
I (256) esp_psram: Speed: 80MHz
I (257) cpu_start: Multicore app
I (266) cpu_start: Pro cpu start user code
I (266) cpu_start: cpu freq: 160000000 Hz
I (266) app_init: Application information:
I (266) app_init: Project name:     skypane
I (267) app_init: App version:      fw-v9.9.8-bench
I (267) app_init: Compile time:     Sep 29 2026 13:01:11
I (267) app_init: ELF file SHA256:  404b1b407...
I (267) app_init: ESP-IDF:          v5.3.1
I (267) efuse_init: Min chip rev:     v0.0
I (268) efuse_init: Max chip rev:     v0.99 
I (268) efuse_init: Chip rev:         v0.2
I (268) heap_init: Initializing. RAM available for dynamic allocation:
I (268) heap_init: At 3FCA97B0 len 0003FF60 (255 KiB): RAM
I (268) heap_init: At 3FCE9710 len 00005724 (21 KiB): RAM
I (269) heap_init: At 3FCF0000 len 00008000 (32 KiB): DRAM
I (269) heap_init: At 600FE108 len 00001EE0 (7 KiB): RTCRAM
I (270) esp_psram: Adding pool of 8192K of PSRAM memory to heap allocator
I (271) spi_flash: detected chip: generic
I (271) spi_flash: flash io: dio
W (271) spi_flash: Detected size(16384k) larger than the size in the binary image header(8192k). Using the size in the binary image header.
E (273) secure_boot_v2: No signatures were found for the running app
E (273) secure_boot: This app is not signed, but check signature on update is enabled in config. It won't be possible to verify any update.

abort() was called at PC 0x42003624 on core 0


Backtrace: 0x403774be:0x3fceb0d0 0x4037ff99:0x3fceb0f0 0x40388c09:0x3fceb110 0x42003624:0x3fceb180 0x4200364b:0x3fceb210 0x4200312f:0x3fceb230 0x4200313b:0x3fceb250 0x42005bde:0x3fceb280 0x42005c29:0x3fceb2a0 0x42005c93:0x3fceb2c0 0x40376e56:0x3fceb2e0 0x403cc950:0x3fceb340 0x403ccdb5:0x3fceb380 0x403c896d:0x3fceb4b0 0x40045c01:0x3fceb570 0x40043ab6:0x3fceb6f0 0x40034c45:0x3fceb710




ELF file SHA256: 404b1b407

Rebooting...
ESP-ROM:esp32s3-20210327
Build:Mar 27 2021
rst:0xc (RTC_SW_CPU_RST),boot:0x29 (SPI_FAST_FLASH_BOOT)
Saved PC:0x403773f8
SPIWP:0xee
mode:DIO, clock div:1
load:0x3fce2810,len:0x178c
load:0x403c8700,len:0x4
load:0x403c8704,len:0xc10
load:0x403cb700,len:0x2e20
entry 0x403c8904
I (26) boot: ESP-IDF v5.3.1 2nd stage bootloader
I (26) boot: compile time Sep 29 2026 13:01:14
I (26) boot: Multicore bootloader
I (27) boot: chip revision: v0.2
I (27) boot.esp32s3: Boot SPI Speed : 80MHz
I (27) boot.esp32s3: SPI Mode       : DIO
I (27) boot.esp32s3: SPI Flash Size : 8MB
I (27) boot: Enabling RNG early entropy source...
I (28) boot: Partition Table:
I (28) boot: ## Label            Usage          Type ST Offset   Length
I (28) boot:  0 nvs              WiFi data        01 02 00009000 00006000
I (28) boot:  1 otadata          OTA data         01 00 0000f000 00002000
I (29) boot:  2 phy_init         RF data          01 01 00011000 00001000
I (29) boot:  3 nvs_keys         NVS keys         01 04 00012000 00001000
I (30) boot:  4 secret           WiFi data        01 02 00013000 00003000
I (30) boot:  5 factory          factory app      00 00 00020000 00250000
I (30) boot:  6 ota_0            OTA app          00 10 00270000 00250000
I (31) boot:  7 ota_1            OTA app          00 11 004c0000 00250000
I (31) boot: End of partition table
I (32) boot: Defaulting to factory image
I (32) esp_image: segment 0: paddr=00020020 vaddr=3c0c0020 size=39928h (235816) map
I (75) esp_image: segment 1: paddr=00059950 vaddr=3fc9dc00 size=05344h ( 21316) load
I (79) esp_image: segment 2: paddr=0005ec9c vaddr=40374000 size=0137ch (  4988) load
I (81) esp_image: segment 3: paddr=00060020 vaddr=42000020 size=b1edch (728796) map
I (212) esp_image: segment 4: paddr=00111f04 vaddr=4037537c size=18808h (100360) load
I (234) esp_image: segment 5: paddr=0012a714 vaddr=50000000 size=00c8ch (  3212) load
I (235) esp_image: segment 6: paddr=0012b3a8 vaddr=600fe000 size=00100h (   256) load
I (236) esp_image: segment 7: paddr=0012b4b0 vaddr=600fe100 size=00008h (     8) load
I (236) esp_image: segment 8: paddr=0012b4c0 vaddr=00000000 size=04b10h ( 19216) 
I (251) boot: Loaded app from partition at offset 0x20000
I (252) boot: Disabling RNG early entropy source...
I (253) octal_psram: vendor id    : 0x0d (AP)
I (253) octal_psram: dev id       : 0x02 (generation 3)
I (253) octal_psram: density      : 0x03 (64 Mbit)
I (253) octal_psram: good-die     : 0x01 (Pass)
I (254) octal_psram: Latency      : 0x01 (Fixed)
I (254) octal_psram: VCC          : 0x01 (3V)
I (254) octal_psram: SRF          : 0x01 (Fast Refresh)
I (254) octal_psram: BurstType    : 0x01 (Hybrid Wrap)
I (255) octal_psram: BurstLen     : 0x01 (32 Byte)
I (255) octal_psram: Readlatency  : 0x02 (10 cycles@Fixed)
I (255) octal_psram: DriveStrength: 0x00 (1/1)
I (256) MSPI Timing: PSRAM timing tuning index: 4
I (256) esp_psram: Found 8MB PSRAM device
I (257) esp_psram: Speed: 80MHz
I (257) cpu_start: Multicore app
I (266) cpu_start: Pro cpu start user code
I (266) cpu_start: cpu freq: 160000000 Hz
I (266) app_init: Application information:
I (266) app_init: Project name:     skypane
I (267) app_init: App version:      fw-v9.9.8-bench
I (267) app_init: Compile time:     Sep 29 2026 13:01:11
I (267) app_init: ELF file SHA256:  404b1b407...
I (267) app_init: ESP-IDF:          v5.3.1
I (267) efuse_init: Min chip rev:     v0.0
I (268) efuse_init: Max chip rev:     v0.99 
I (268) efuse_init: Chip rev:         v0.2
I (268) heap_init: Initializing. RAM available for dynamic allocation:
I (268) heap_init: At 3FCA97B0 len 0003FF60 (255 KiB): RAM
I (269) heap_init: At 3FCE9710 len 00005724 (21 KiB): RAM
I (269) heap_init: At 3FCF0000 len 00008000 (32 KiB): DRAM
I (269) heap_init: At 600FE108 len 00001EE0 (7 KiB): RTCRAM
I (270) esp_psram: Adding pool of 8192K of PSRAM memory to heap allocator
I (271) spi_flash: detected chip: generic
I (271) spi_flash: flash io: dio
W (271) spi_flash: Detected size(16384k) larger than the size in the binary image header(8192k). Using the size in the binary image header.
E (273) secure_boot_v2: No signatures were found for the running app
E (273) secure_boot: This app is not signed, but check signature on update is enabled in config. It won't be possible to verify any update.

abort() was called at PC 0x42003624 on core 0


Backtrace: 0x403774be:0x3fceb0d0 0x4037ff99:0x3fceb0f0 0x40388c09:0x3fceb110 0x42003624:0x3fceb180 0x4200364b:0x3fceb210 0x4200312f:0x3fceb230 0x4200313b:0x3fceb250 0x42005bde:0x3fceb280 0x42005c29:0x3fceb2a0 0x42005c93:0x3fceb2c0 0x40376e56:0x3fceb2e0 0x403cc950:0x3fceb340 0x403ccdb5:0x3fceb380 0x403c896d:0x3fceb4b0 0x40045c01:0x3fceb570 0x40043ab6:0x3fceb6f0 0x40034c45:0x3fceb710




ELF file SHA256: 404b1b407

Rebooting...
ESP-ROM:esp32s3-20210327
Build:Mar 27 2021
rst:0xc (RTC_SW_CPU_RST),boot:0x29 (SPI_FAST_FLASH_BOOT)
Saved PC:0x403773f8
SPIWP:0xee
mode:DIO, clock div:1
load:0x3fce2810,len:0x178c
load:0x403c8700,len:0x4
load:0x403c8704,len:0xc10
load:0x403cb700,len:0x2e20
entry 0x403c8904
I (26) boot: ESP-IDF v5.3.1 2nd stage bootloader
I (26) boot: compile time Sep 29 2026 13:01:14
I (26) boot: Multicore bootloader
I (27) boot: chip revision: v0.2
I (27) boot.esp32s3: Boot SPI Speed : 80MHz
I (27) boot.esp32s3: SPI Mode       : DIO
I (27) boot.esp32s3: SPI Flash Size : 8MB
I (27) boot: Enabling RNG early entropy source...
I (28) boot: Partition Table:
I (28) boot: ## Label            Usage          Type ST Offset   Length
I (28) boot:  0 nvs              WiFi data        01 02 00009000 00006000
I (28) boot:  1 otadata          OTA data         01 00 0000f000 00002000
I (29) boot:  2 phy_init         RF data          01 01 00011000 00001000
I (29) boot:  3 nvs_keys         NVS keys         01 04 00012000 00001000
I (30) boot:  4 secret           WiFi data        01 02 00013000 00003000
I (30) boot:  5 factory          factory app      00 00 00020000 00250000
I (30) boot:  6 ota_0            OTA app          00 10 00270000 00250000
I (31) boot:  7 ota_1            OTA app          00 11 004c0000 00250000
I (31) boot: End of partition table
I (32) boot: Defaulting to factory image
I (32) esp_image: segment 0: paddr=00020020 vaddr=3c0c0020 size=39928h (235816) map
I (75) esp_image: segment 1: paddr=00059950 vaddr=3fc9dc00 size=05344h ( 21316) load
I (79) esp_image: segment 2: paddr=0005ec9c vaddr=40374000 size=0137ch (  4988) load
I (81) esp_image: segment 3: paddr=00060020 vaddr=42000020 size=b1edch (728796) map
I (212) esp_image: segment 4: paddr=00111f04 vaddr=4037537c size=18808h (100360) load
I (234) esp_image: segment 5: paddr=0012a714 vaddr=50000000 size=00c8ch (  3212) load
I (235) esp_image: segment 6: paddr=0012b3a8 vaddr=600fe000 size=00100h (   256) load
I (236) esp_image: segment 7: paddr=0012b4b0 vaddr=600fe100 size=00008h (     8) load
I (236) esp_image: segment 8: paddr=0012b4c0 vaddr=00000000 size=04b10h ( 19216) 
I (251) boot: Loaded app from partition at offset 0x20000
I (251) boot: Disabling RNG early entropy source...
I (253) octal_psram: vendor id    : 0x0d (AP)
I (253) octal_psram: dev id       : 0x02 (generation 3)
I (253) octal_psram: density      : 0x03 (64 Mbit)
I (253) octal_psram: good-die     : 0x01 (Pass)
I (253) octal_psram: Latency      : 0x01 (Fixed)
I (254) octal_psram: VCC          : 0x01 (3V)
I (254) octal_psram: SRF          : 0x01 (Fast Refresh)
I (254) octal_psram: BurstType    : 0x01 (Hybrid Wrap)
I (255) octal_psram: BurstLen     : 0x01 (32 Byte)
I (255) octal_psram: Readlatency  : 0x02 (10 cycles@Fixed)
I (255) octal_psram: DriveStrength: 0x00 (1/1)
I (256) MSPI Timing: PSRAM timing tuning index: 5
I (256) esp_psram: Found 8MB PSRAM device
I (256) esp_psram: Speed: 80MHz
I (257) cpu_start: Multicore app
I (266) cpu_start: Pro cpu start user code
I (266) cpu_start: cpu freq: 160000000 Hz
I (266) app_init: Application information:
I (266) app_init: Project name:     skypane
I (266) app_init: App version:      fw-v9.9.8-bench
I (267) app_init: Compile time:     Sep 29 2026 13:01:11
I (267) app_init: ELF file SHA256:  404b1b407...
I (267) app_init: ESP-IDF:          v5.3.1
I (267) efuse_init: Min chip rev:     v0.0
I (267) efuse_init: Max chip rev:     v0.99 
I (268) efuse_init: Chip rev:         v0.2
I (268) heap_init: Initializing. RAM available for dynamic allocation:
I (268) heap_init: At 3FCA97B0 len 0003FF60 (255 KiB): RAM
I (268) heap_init: At 3FCE9710 len 00005724 (21 KiB): RAM
I (269) heap_init: At 3FCF0000 len 00008000 (32 KiB): DRAM
I (269) heap_init: At 600FE108 len 00001EE0 (7 KiB): RTCRAM
I (269) esp_psram: Adding pool of 8192K of PSRAM memory to heap allocator
I (271) spi_flash: detected chip: generic
I (271) spi_flash: flash io: dio
W (271) spi_flash: Detected size(16384k) larger than the size in the binary image header(8192k). Using the size in the binary image header.
E (273) secure_boot_v2: No signatures were found for the running app
E (273) secure_boot: This app is not signed, but check signature on update is enabled in config. It won't be possible to verify any update.

abort() was called at PC 0x42003624 on core 0


Backtrace: 0x403774be:0x3fceb0d0 0x4037ff99:0x3fceb0f0 0x40388c09:0x3fceb110 0x42003624:0x3fceb180 0x4200364b:0x3fceb210 0x4200312f:0x3fceb230 0x4200313b:0x3fceb250 0x42005bde:0x3fceb280 0x42005c29:0x3fceb2a0 0x42005c93:0x3fceb2c0 0x40376e56:0x3fceb2e0 0x403cc950:0x3fceb340 0x403ccdb5:0x3fceb380 0x403c896d:0x3fceb4b0 0x40045c01:0x3fceb570 0x40043ab6:0x3fceb6f0 0x40034c45:0x3fceb710




ELF file SHA256: 404b1b407

Rebooting...
ESP-ROM:esp32s3-20210327
Build:Mar 27 2021
rst:0xc (RTC_SW_CPU_RST),boot:0x29 (SPI_FAST_FLASH_BOOT)
Saved PC:0x403773f8
SPIWP:0xee
mode:DIO, clock div:1
load:0x3fce2810,len:0x178c
load:0x403c8700,len:0x4
load:0x403c8704,len:0xc10
load:0x403cb700,len:0x2e20
entry 0x403c8904
I (26) boot: ESP-IDF v5.3.1 2nd stage bootloader
I (26) boot: compile time Sep 29 2026 13:01:14
I (26) boot: Multicore bootloader
I (27) boot: chip revision: v0.2
I (27) boot.esp32s3: Boot SPI Speed : 80MHz
I (27) boot.esp32s3: SPI Mode       : DIO
I (27) boot.esp32s3: SPI Flash Size : 8MB
I (27) boot: Enabling RNG early entropy source...
I (28) boot: Partition Table:
I (28) boot: ## Label            Usage          Type ST Offset   Length
I (28) boot:  0 nvs              WiFi data        01 02 00009000 00006000
I (28) boot:  1 otadata          OTA data         01 00 0000f000 00002000
I (29) boot:  2 phy_init         RF data          01 01 00011000 00001000
I (29) boot:  3 nvs_keys         NVS keys         01 04 00012000 00001000
I (30) boot:  4 secret           WiFi data        01 02 00013000 00003000
I (30) boot:  5 factory          factory app      00 00 00020000 00250000
I (30) boot:  6 ota_0            OTA app          00 10 00270000 00250000
I (31) boot:  7 ota_1            OTA app          00 11 004c0000 00250000
I (31) boot: End of partition table
I (32) boot: Defaulting to factory image
I (32) esp_image: segment 0: paddr=00020020 vaddr=3c0c0020 size=39928h (235816) map
I (75) esp_image: segment 1: paddr=00059950 vaddr=3fc9dc00 size=05344h ( 21316) load
I (79) esp_image: segment 2: paddr=0005ec9c vaddr=40374000 size=0137ch (  4988) load
I (81) esp_image: segment 3: paddr=00060020 vaddr=42000020 size=b1edch (728796) map
I (212) esp_image: segment 4: paddr=00111f04 vaddr=4037537c size=18808h (100360) load
I (234) esp_image: segment 5: paddr=0012a714 vaddr=50000000 size=00c8ch (  3212) load
I (235) esp_image: segment 6: paddr=0012b3a8 vaddr=600fe000 size=00100h (   256) load
I (236) esp_image: segment 7: paddr=0012b4b0 vaddr=600fe100 size=00008h (     8) load
I (236) esp_image: segment 8: paddr=0012b4c0 vaddr=00000000 size=04b10h ( 19216) 
I (251) boot: Loaded app from partition at offset 0x20000
I (251) boot: Disabling RNG early entropy source...
I (253) octal_psram: vendor id    : 0x0d (AP)
I (253) octal_psram: dev id       : 0x02 (generation 3)
I (253) octal_psram: density      : 0x03 (64 Mbit)
I (253) octal_psram: good-die     : 0x01 (Pass)
I (253) octal_psram: Latency      : 0x01 (Fixed)
I (254) octal_psram: VCC          : 0x01 (3V)
I (254) octal_psram: SRF          : 0x01 (Fast Refresh)
I (254) octal_psram: BurstType    : 0x01 (Hybrid Wrap)
I (255) octal_psram: BurstLen     : 0x01 (32 Byte)
I (255) octal_psram: Readlatency  : 0x02 (10 cycles@Fixed)
I (255) octal_psram: DriveStrength: 0x00 (1/1)
I (256) MSPI Timing: PSRAM timing tuning index: 5
I (256) esp_psram: Found 8MB PSRAM device
I (256) esp_psram: Speed: 80MHz
I (257) cpu_start: Multicore app
I (266) cpu_start: Pro cpu start user code
I (266) cpu_start: cpu freq: 160000000 Hz
I (266) app_init: Application information:
I (266) app_init: Project name:     skypane
I (267) app_init: App version:      fw-v9.9.8-bench
I (267) app_init: Compile time:     Sep 29 2026 13:01:11
I (267) app_init: ELF file SHA256:  404b1b407...
I (267) app_init: ESP-IDF:          v5.3.1
I (267) efuse_init: Min chip rev:     v0.0
I (268) efuse_init: Max chip rev:     v0.99 
I (268) efuse_init: Chip rev:         v0.2
I (268) heap_init: Initializing. RAM available for dynamic allocation:
I (268) heap_init: At 3FCA97B0 len 0003FF60 (255 KiB): RAM
I (268) heap_init: At 3FCE9710 len 00005724 (21 KiB): RAM
I (269) heap_init: At 3FCF0000 len 00008000 (32 KiB): DRAM
I (269) heap_init: At 600FE108 len 00001EE0 (7 KiB): RTCRAM
I (270) esp_psram: Adding pool of 8192K of PSRAM memory to heap allocator
I (271) spi_flash: detected chip: generic
I (271) spi_flash: flash io: dio
W (271) spi_flash: Detected size(16384k) larger than the size in the binary image header(8192k). Using the size in the binary image header.
E (273) secure_boot_v2: No signatures were found for the running app
E (273) secure_boot: This app is not signed, but check signature on update is enabled in config. It won't be possible to verify any update.

abort() was called at PC 0x42003624 on core 0


Backtrace: 0x403774be:0x3fceb0d0 0x4037ff99:0x3fceb0f0 0x40388c09:0x3fceb110 0x42003624:0x3fceb180 0x4200364b:0x3fceb210 0x4200312f:0x3fceb230 0x4200313b:0x3fceb250 0x42005bde:0x3fceb280 0x42005c29:0x3fceb2a0 0x42005c93:0x3fceb2c0 0x40376e56:0x3fceb2e0 0x403cc950:0x3fceb340 0x403ccdb5:0x3fceb380 0x403c896d:0x3fceb4b0 0x40045c01:0x3fceb570 0x40043ab6:0x3fceb6f0 0x40034c45:0x3fceb710




ELF file SHA256: 404b1b407

Rebooting...
ESP-ROM:esp32s3-20210327
Build:Mar 27 2021
rst:0xc (RTC_SW_CPU_RST),boot:0x29 (SPI_FAST_FLASH_BOOT)
Saved PC:0x403773f8
SPIWP:0xee
mode:DIO, clock div:1
load:0x3fce2810,len:0x178c
load:0x403c8700,len:0x4
load:0x403c8704,len:0xc10
load:0x403cb700,len:0x2e20
entry 0x403c8904
I (26) boot: ESP-IDF v5.3.1 2nd stage bootloader
I (26) boot: compile time Sep 29 2026 13:01:14
I (26) boot: Multicore bootloader
I (27) boot: chip revision: v0.2
I (27) boot.esp32s3: Boot SPI Speed : 80MHz
I (27) boot.esp32s3: SPI Mode       : DIO
I (27) boot.esp32s3: SPI Flash Size : 8MB
I (27) boot: Enabling RNG early entropy source...
I (28) boot: Partition Table:
I (28) boot: ## Label            Usage          Type ST Offset   Length
I (28) boot:  0 nvs              WiFi data        01 02 00009000 00006000
I (28) boot:  1 otadata          OTA data         01 00 0000f000 00002000
I (29) boot:  2 phy_init         RF data          01 01 00011000 00001000
I (29) boot:  3 nvs_keys         NVS keys         01 04 00012000 00001000
I (30) boot:  4 secret           WiFi data        01 02 00013000 00003000
I (30) boot:  5 factory          factory app      00 00 00020000 00250000
I (30) boot:  6 ota_0            OTA app          00 10 00270000 00250000
I (31) boot:  7 ota_1            OTA app          00 11 004c0000 00250000
I (31) boot: End of partition table
I (32) boot: Defaulting to factory image
I (32) esp_image: segment 0: paddr=00020020 vaddr=3c0c0020 size=39928h (235816) map
I (74) esp_image: segment 1: paddr=00059950 vaddr=3fc9dc00 size=05344h ( 21316) load
I (79) esp_image: segment 2: paddr=0005ec9c vaddr=40374000 size=0137ch (  4988) load
I (81) esp_image: segment 3: paddr=00060020 vaddr=42000020 size=b1edch (728796) map
I (212) esp_image: segment 4: paddr=00111f04 vaddr=4037537c size=18808h (100360) load
I (234) esp_image: segment 5: paddr=0012a714 vaddr=50000000 size=00c8ch (  3212) load
I (235) esp_image: segment 6: paddr=0012b3a8 vaddr=600fe000 size=00100h (   256) load
I (236) esp_image: segment 7: paddr=0012b4b0 vaddr=600fe100 size=00008h (     8) load
I (236) esp_image: segment 8: paddr=0012b4c0 vaddr=00000000 size=04b10h ( 19216) 
I (251) boot: Loaded app from partition at offset 0x20000
I (252) boot: Disabling RNG early entropy source...
I (253) octal_psram: vendor id    : 0x0d (AP)
I (253) octal_psram: dev id       : 0x02 (generation 3)
I (253) octal_psram: density      : 0x03 (64 Mbit)
I (253) octal_psram: good-die     : 0x01 (Pass)
I (254) octal_psram: Latency      : 0x01 (Fixed)
I (254) octal_psram: VCC          : 0x01 (3V)
I (254) octal_psram: SRF          : 0x01 (Fast Refresh)
I (254) octal_psram: BurstType    : 0x01 (Hybrid Wrap)
I (255) octal_psram: BurstLen     : 0x01 (32 Byte)
I (255) octal_psram: Readlatency  : 0x02 (10 cycles@Fixed)
I (255) octal_psram: DriveStrength: 0x00 (1/1)
I (256) MSPI Timing: PSRAM timing tuning index: 5
I (257) esp_psram: Found 8MB PSRAM device
I (257) esp_psram: Speed: 80MHz
I (257) cpu_start: Multicore app
I (266) cpu_start: Pro cpu start user code
I (266) cpu_start: cpu freq: 160000000 Hz
I (267) app_init: Application information:
I (267) app_init: Project name:     skypane
I (267) app_init: App version:      fw-v9.9.8-bench
I (267) app_init: Compile time:     Sep 29 2026 13:01:11
I (267) app_init: ELF file SHA256:  404b1b407...
I (267) app_init: ESP-IDF:          v5.3.1
I (268) efuse_init: Min chip rev:     v0.0
I (268) efuse_init: Max chip rev:     v0.99 
I (268) efuse_init: Chip rev:         v0.2
I (268) heap_init: Initializing. RAM available for dynamic allocation:
I (269) heap_init: At 3FCA97B0 len 0003FF60 (255 KiB): RAM
I (269) heap_init: At 3FCE9710 len 00005724 (21 KiB): RAM
I (269) heap_init: At 3FCF0000 len 00008000 (32 KiB): DRAM
I (269) heap_init: At 600FE108 len 00001EE0 (7 KiB): RTCRAM
I (270) esp_psram: Adding pool of 8192K of PSRAM memory to heap allocator
I (271) spi_flash: detected chip: generic
I (271) spi_flash: flash io: dio
W (271) spi_flash: Detected size(16384k) larger than the size in the binary image header(8192k). Using the size in the binary image header.
E (273) secure_boot_v2: No signatures were found for the running app
E (274) secure_boot: This app is not signed, but check signature on update is enabled in config. It won't be possible to verify any update.

abort() was called at PC 0x42003624 on core 0


Backtrace: 0x403774be:0x3fceb0d0 0x4037ff99:0x3fceb0f0 0x40388c09:0x3fceb110 0x42003624:0x3fceb180 0x4200364b:0x3fceb210 0x4200312f:0x3fceb230 0x4200313b:0x3fceb250 0x42005bde:0x3fceb280 0x42005c29:0x3fceb2a0 0x42005c93:0x3fceb2c0 0x40376e56:0x3fceb2e0 0x403cc950:0x3fceb340 0x403ccdb5:0x3fceb380 0x403c896d:0x3fceb4b0 0x40045c01:0x3fceb570 0x40043ab6:0x3fceb6f0 0x40034c45:0x3fceb710




ELF file SHA256: 404b1b407

Rebooting...
ESP-ROM:esp32s3-20210327
Build:Mar 27 2021
rst:0xc (RTC_SW_CPU_RST),boot:0x29 (SPI_FAST_FLASH_BOOT)
Saved PC:0x403773f8
SPIWP:0xee
mode:DIO, clock div:1
load:0x3fce2810,len:0x178c
load:0x403c8700,len:0x4
load:0x403c8704,len:0xc10
load:0x403cb700,len:0x2e20
entry 0x403c8904
I (26) boot: ESP-IDF v5.3.1 2nd stage bootloader
I (26) boot: compile time Sep 29 2026 13:01:14
I (26) boot: Multicore bootloader
I (27) boot: chip revision: v0.2
I (27) boot.esp32s3: Boot SPI Speed : 80MHz
I (27) boot.esp32s3: SPI Mode       : DIO
I (27) boot.esp32s3: SPI Flash Size : 8MB
I (27) boot: Enabling RNG early entropy source...
I (28) boot: Partition Table:
I (28) boot: ## Label            Usage          Type ST Offset   Length
I (28) boot:  0 nvs              WiFi data        01 02 00009000 00006000
I (28) boot:  1 otadata          OTA data         01 00 0000f000 00002000
I (29) boot:  2 phy_init         RF data          01 01 00011000 00001000
I (29) boot:  3 nvs_keys         NVS keys         01 04 00012000 00001000
I (30) boot:  4 secret           WiFi data        01 02 00013000 00003000
I (30) boot:  5 factory          factory app      00 00 00020000 00250000
I (30) boot:  6 ota_0            OTA app          00 10 00270000 00250000
I (31) boot:  7 ota_1            OTA app          00 11 004c0000 00250000
I (31) boot: End of partition table
I (32) boot: Defaulting to factory image
I (32) esp_image: segment 0: paddr=00020020 vaddr=3c0c0020 size=39928h (235816) map
I (74) esp_image: segment 1: paddr=00059950 vaddr=3fc9dc00 size=05344h ( 21316) load
I (79) esp_image: segment 2: paddr=0005ec9c vaddr=40374000 size=0137ch (  4988) load
I (81) esp_image: segment 3: paddr=00060020 vaddr=42000020 size=b1edch (728796) map
I (212) esp_image: segment 4: paddr=00111f04 vaddr=4037537c size=18808h (100360) load
I (234) esp_image: segment 5: paddr=0012a714 vaddr=50000000 size=00c8ch (  3212) load
I (235) esp_image: segment 6: paddr=0012b3a8 vaddr=600fe000 size=00100h (   256) load
I (236) esp_image: segment 7: paddr=0012b4b0 vaddr=600fe100 size=00008h (     8) load
I (236) esp_image: segment 8: paddr=0012b4c0 vaddr=00000000 size=04b10h ( 19216) 
I (251) boot: Loaded app from partition at offset 0x20000
I (252) boot: Disabling RNG early entropy source...
I (253) octal_psram: vendor id    : 0x0d (AP)
I (253) octal_psram: dev id       : 0x02 (generation 3)
I (253) octal_psram: density      : 0x03 (64 Mbit)
I (253) octal_psram: good-die     : 0x01 (Pass)
I (254) octal_psram: Latency      : 0x01 (Fixed)
I (254) octal_psram: VCC          : 0x01 (3V)
I (254) octal_psram: SRF          : 0x01 (Fast Refresh)
I (254) octal_psram: BurstType    : 0x01 (Hybrid Wrap)
I (255) octal_psram: BurstLen     : 0x01 (32 Byte)
I (255) octal_psram: Readlatency  : 0x02 (10 cycles@Fixed)
I (255) octal_psram: DriveStrength: 0x00 (1/1)
I (256) MSPI Timing: PSRAM timing tuning index: 5
I (256) esp_psram: Found 8MB PSRAM device
I (257) esp_psram: Speed: 80MHz
I (257) cpu_start: Multicore app
I (266) cpu_start: Pro cpu start user code
I (266) cpu_start: cpu freq: 160000000 Hz
I (266) app_init: Application information:
I (266) app_init: Project name:     skypane
I (267) app_init: App version:      fw-v9.9.8-bench
I (267) app_init: Compile time:     Sep 29 2026 13:01:11
I (267) app_init: ELF file SHA256:  404b1b407...
I (267) app_init: ESP-IDF:          v5.3.1
I (267) efuse_init: Min chip rev:     v0.0
I (268) efuse_init: Max chip rev:     v0.99 
I (268) efuse_init: Chip rev:         v0.2
I (268) heap_init: Initializing. RAM available for dynamic allocation:
I (268) heap_init: At 3FCA97B0 len 0003FF60 (255 KiB): RAM
I (269) heap_init: At 3FCE9710 len 00005724 (21 KiB): RAM
I (269) heap_init: At 3FCF0000 len 00008000 (32 KiB): DRAM
I (269) heap_init: At 600FE108 len 00001EE0 (7 KiB): RTCRAM
I (270) esp_psram: Adding pool of 8192K of PSRAM memory to heap allocator
I (271) spi_flash: detected chip: generic
I (271) spi_flash: flash io: dio
W (271) spi_flash: Detected size(16384k) larger than the size in the binary image header(8192k). Using the size in the binary image header.
E (273) secure_boot_v2: No signatures were found for the running app
E (273) secure_boot: This app is not signed, but check signature on update is enabled in config. It won't be possible to verify any update.

abort() was called at PC 0x42003624 on core 0


Backtrace: 0x403774be:0x3fceb0d0 0x4037ff99:0x3fceb0f0 0x40388c09:0x3fceb110 0x42003624:0x3fceb180 0x4200364b:0x3fceb210 0x4200312f:0x3fceb230 0x4200313b:0x3fceb250 0x42005bde:0x3fceb280 0x42005c29:0x3fceb2a0 0x42005c93:0x3fceb2c0 0x40376e56:0x3fceb2e0 0x403cc950:0x3fceb340 0x403ccdb5:0x3fceb380 0x403c896d:0x3fceb4b0 0x40045c01:0x3fceb570 0x40043ab6:0x3fceb6f0 0x40034c45:0x3fceb710




ELF file SHA256: 404b1b407

Rebooting...
ESP-ROM:esp32s3-20210327
Build:Mar 27 2021
rst:0xc (RTC_SW_CPU_RST),boot:0x29 (SPI_FAST_FLASH_BOOT)
Saved PC:0x403773f8
SPIWP:0xee
mode:DIO, clock div:1
load:0x3fce2810,len:0x178c
load:0x403c8700,len:0x4
load:0x403c8704,len:0xc10
load:0x403cb700,len:0x2e20
entry 0x403c8904
I (26) boot: ESP-IDF v5.3.1 2nd stage bootloader
I (26) boot: compile time Sep 29 2026 13:01:14
I (26) boot: Multicore bootloader
I (27) boot: chip revision: v0.2
I (27) boot.esp32s3: Boot SPI Speed : 80MHz
I (27) boot.esp32s3: SPI Mode       : DIO
I (27) boot.esp32s3: SPI Flash Size : 8MB
I (27) boot: Enabling RNG early entropy source...
I (28) boot: Partition Table:
I (28) boot: ## Label            Usage          Type ST Offset   Length
I (28) boot:  0 nvs              WiFi data        01 02 00009000 00006000
I (28) boot:  1 otadata          OTA data         01 00 0000f000 00002000
I (29) boot:  2 phy_init         RF data          01 01 00011000 00001000
I (29) boot:  3 nvs_keys         NVS keys         01 04 00012000 00001000
I (30) boot:  4 secret           WiFi data        01 02 00013000 00003000
I (30) boot:  5 factory          factory app      00 00 00020000 00250000
I (30) boot:  6 ota_0            OTA app          00 10 00270000 00250000
I (31) boot:  7 ota_1            OTA app          00 11 004c0000 00250000
I (31) boot: End of partition table
I (32) boot: Defaulting to factory image
I (32) esp_image: segment 0: paddr=00020020 vaddr=3c0c0020 size=39928h (235816) map
I (75) esp_image: segment 1: paddr=00059950 vaddr=3fc9dc00 size=05344h ( 21316) load
I (79) esp_image: segment 2: paddr=0005ec9c vaddr=40374000 size=0137ch (  4988) load
I (81) esp_image: segment 3: paddr=00060020 vaddr=42000020 size=b1edch (728796) map
I (212) esp_image: segment 4: paddr=00111f04 vaddr=4037537c size=18808h (100360) load
I (234) esp_image: segment 5: paddr=0012a714 vaddr=50000000 size=00c8ch (  3212) load
I (235) esp_image: segment 6: paddr=0012b3a8 vaddr=600fe000 size=00100h (   256) load
I (236) esp_image: segment 7: paddr=0012b4b0 vaddr=600fe100 size=00008h (     8) load
I (236) esp_image: segment 8: paddr=0012b4c0 vaddr=00000000 size=04b10h ( 19216) 
I (251) boot: Loaded app from partition at offset 0x20000
I (251) boot: Disabling RNG early entropy source...
I (253) octal_psram: vendor id    : 0x0d (AP)
I (253) octal_psram: dev id       : 0x02 (generation 3)
I (253) octal_psram: density      : 0x03 (64 Mbit)
I (253) octal_psram: good-die     : 0x01 (Pass)
I (253) octal_psram: Latency      : 0x01 (Fixed)
I (254) octal_psram: VCC          : 0x01 (3V)
I (254) octal_psram: SRF          : 0x01 (Fast Refresh)
I (254) octal_psram: BurstType    : 0x01 (Hybrid Wrap)
I (255) octal_psram: BurstLen     : 0x01 (32 Byte)
I (255) octal_psram: Readlatency  : 0x02 (10 cycles@Fixed)
I (255) octal_psram: DriveStrength: 0x00 (1/1)
I (256) MSPI Timing: PSRAM timing tuning index: 5
I (256) esp_psram: Found 8MB PSRAM device
I (256) esp_psram: Speed: 80MHz
I (257) cpu_start: Multicore app
I (266) cpu_start: Pro cpu start user code
I (266) cpu_start: cpu freq: 160000000 Hz
I (266) app_init: Application information:
I (266) app_init: Project name:     skypane
I (266) app_init: App version:      fw-v9.9.8-bench
I (267) app_init: Compile time:     Sep 29 2026 13:01:11
I (267) app_init: ELF file SHA256:  404b1b407...
I (267) app_init: ESP-IDF:          v5.3.1
I (267) efuse_init: Min chip rev:     v0.0
I (267) efuse_init: Max chip rev:     v0.99 
I (268) efuse_init: Chip rev:         v0.2
I (268) heap_init: Initializing. RAM available for dynamic allocation:
I (268) heap_init: At 3FCA97B0 len 0003FF60 (255 KiB): RAM
I (268) heap_init: At 3FCE9710 len 00005724 (21 KiB): RAM
I (269) heap_init: At 3FCF0000 len 00008000 (32 KiB): DRAM
I (269) heap_init: At 600FE108 len 00001EE0 (7 KiB): RTCRAM
I (269) esp_psram: Adding pool of 8192K of PSRAM memory to heap allocator
I (271) spi_flash: detected chip: generic
I (271) spi_flash: flash io: dio
W (271) spi_flash: Detected size(16384k) larger than the size in the binary image header(8192k). Using the size in the binary image header.
E (273) secure_boot_v2: No signatures were found for the running app
E (273) secure_boot: This app is not signed, but check signature on update is enabled in config. It won't be possible to verify any update.

abort() was called at PC 0x42003624 on core 0


Backtrace: 0x403774be:0x3fceb0d0 0x4037ff99:0x3fceb0f0 0x40388c09:0x3fceb110 0x42003624:0x3fceb180 0x4200364b:0x3fceb210 0x4200312f:0x3fceb230 0x4200313b:0x3fceb250 0x42005bde:0x3fceb280 0x42005c29:0x3fceb2a0 0x42005c93:0x3fceb2c0 0x40376e56:0x3fceb2e0 0x403cc950:0x3fceb340 0x403ccdb5:0x3fceb380 0x403c896d:0x3fceb4b0 0x40045c01:0x3fceb570 0x40043ab6:0x3fceb6f0 0x40034c45:0x3fceb710




ELF file SHA256: 404b1b407

Rebooting...
ESP-ROM:esp32s3-20210327
Build:Mar 27 2021
rst:0xc (RTC_SW_CPU_RST),boot:0x29 (SPI_FAST_FLASH_BOOT)
Saved PC:0x403773f8
SPIWP:0xee
mode:DIO, clock div:1
load:0x3fce2810,len:0x178c
load:0x403c8700,len:0x4
load:0x403c8704,len:0xc10
load:0x403cb700,len:0x2e20
entry 0x403c8904
I (26) boot: ESP-IDF v5.3.1 2nd stage bootloader
I (26) boot: compile time Sep 29 2026 13:01:14
I (26) boot: Multicore bootloader
I (27) boot: chip revision: v0.2
I (27) boot.esp32s3: Boot SPI Speed : 80MHz
I (27) boot.esp32s3: SPI Mode       : DIO
I (27) boot.esp32s3: SPI Flash Size : 8MB
I (27) boot: Enabling RNG early entropy source...
I (28) boot: Partition Table:
I (28) boot: ## Label            Usage          Type ST Offset   Length
I (28) boot:  0 nvs              WiFi data        01 02 00009000 00006000
I (29) boot:  1 otadata          OTA data         01 00 0000f000 00002000
I (29) boot:  2 phy_init         RF data          01 01 00011000 00001000
I (29) boot:  3 nvs_keys         NVS keys         01 04 00012000 00001000
I (30) boot:  4 secret           WiFi data        01 02 00013000 00003000
I (30) boot:  5 factory          factory app      00 00 00020000 00250000
I (31) boot:  6 ota_0            OTA app          00 10 00270000 00250000
I (31) boot:  7 ota_1            OTA app          00 11 004c0000 00250000
I (31) boot: End of partition table
I (32) boot: Defaulting to factory image
I (32) esp_image: segment 0: paddr=00020020 vaddr=3c0c0020 size=39928h (235816) map
I (75) esp_image: segment 1: paddr=00059950 vaddr=3fc9dc00 size=05344h ( 21316) load
I (79) esp_image: segment 2: paddr=0005ec9c vaddr=40374000 size=0137ch (  4988) load
I (81) esp_image: segment 3: paddr=00060020 vaddr=42000020 size=b1edch (728796) map
I (212) esp_image: segment 4: paddr=00111f04 vaddr=4037537c size=18808h (100360) load
I (234) esp_image: segment 5: paddr=0012a714 vaddr=50000000 size=00c8ch (  3212) load
I (235) esp_image: segment 6: paddr=0012b3a8 vaddr=600fe000 size=00100h (   256) load
I (236) esp_image: segment 7: paddr=0012b4b0 vaddr=600fe100 size=00008h (     8) load
I (236) esp_image: segment 8: paddr=0012b4c0 vaddr=00000000 size=04b10h ( 19216) 
I (251) boot: Loaded app from partition at offset 0x20000
I (252) boot: Disabling RNG early entropy source...
I (253) octal_psram: vendor id    : 0x0d (AP)
I (253) octal_psram: dev id       : 0x02 (generation 3)
I (253) octal_psram: density      : 0x03 (64 Mbit)
I (253) octal_psram: good-die     : 0x01 (Pass)
I (254) octal_psram: Latency      : 0x01 (Fixed)
I (254) octal_psram: VCC          : 0x01 (3V)
I (254) octal_psram: SRF          : 0x01 (Fast Refresh)
I (254) octal_psram: BurstType    : 0x01 (Hybrid Wrap)
I (255) octal_psram: BurstLen     : 0x01 (32 Byte)
I (255) octal_psram: Readlatency  : 0x02 (10 cycles@Fixed)
I (255) octal_psram: DriveStrength: 0x00 (1/1)
I (256) MSPI Timing: PSRAM timing tuning index: 5
I (256) esp_psram: Found 8MB PSRAM device
I (257) esp_psram: Speed: 80MHz
I (257) cpu_start: Multicore app
I (266) cpu_start: Pro cpu start user code
I (266) cpu_start: cpu freq: 160000000 Hz
I (266) app_init: Application information:
I (266) app_init: Project name:     skypane
I (267) app_init: App version:      fw-v9.9.8-bench
I (267) app_init: Compile time:     Sep 29 2026 13:01:11
I (267) app_init: ELF file SHA256:  404b1b407...
I (267) app_init: ESP-IDF:          v5.3.1
I (267) efuse_init: Min chip rev:     v0.0
I (268) efuse_init: Max chip rev:     v0.99 
I (268) efuse_init: Chip rev:         v0.2
I (268) heap_init: Initializing. RAM available for dynamic allocation:
I (268) heap_init: At 3FCA97B0 len 0003FF60 (255 KiB): RAM
I (269) heap_init: At 3FCE9710 len 00005724 (21 KiB): RAM
I (269) heap_init: At 3FCF0000 len 00008000 (32 KiB): DRAM
I (269) heap_init: At 600FE108 len 00001EE0 (7 KiB): RTCRAM
I (270) esp_psram: Adding pool of 8192K of PSRAM memory to heap allocator
I (271) spi_flash: detected chip: generic
I (271) spi_flash: flash io: dio
W (271) spi_flash: Detected size(16384k) larger than the size in the binary image header(8192k). Using the size in the binary image header.
E (273) secure_boot_v2: No signatures were found for the running app
E (274) secure_boot: This app is not signed, but check signature on update is enabled in config. It won't be possible to verify any update.

abort() was called at PC 0x42003624 on core 0


Backtrace: 0x403774be:0x3fceb0d0 0x4037ff99:0x3fceb0f0 0x40388c09:0x3fceb110 0x42003624:0x3fceb180 0x4200364b:0x3fceb210 0x4200312f:0x3fceb230 0x4200313b:0x3fceb250 0x42005bde:0x3fceb280 0x42005c29:0x3fceb2a0 0x42005c93:0x3fceb2c0 0x40376e56:0x3fceb2e0 0x403cc950:0x3fceb340 0x403ccdb5:0x3fceb380 0x403c896d:0x3fceb4b0 0x40045c01:0x3fceb570 0x40043ab6:0x3fceb6f0 0x40034c45:0x3fceb710




ELF file SHA256: 404b1b407

Rebooting...
ESP-ROM:esp32s3-20210327
Build:Mar 27 2021
rst:0xc (RTC_SW_CPU_RST),boot:0x29 (SPI_FAST_FLASH_BOOT)
Saved PC:0x403773f8
SPIWP:0xee
mode:DIO, clock div:1
load:0x3fce2810,len:0x178c
load:0x403c8700,len:0x4
load:0x403c8704,len:0xc10
load:0x403cb700,len:0x2e20
entry 0x403c8904
I (26) boot: ESP-IDF v5.3.1 2nd stage bootloader
I (26) boot: compile time Sep 29 2026 13:01:14
I (26) boot: Multicore bootloader
I (27) boot: chip revision: v0.2
I (27) boot.esp32s3: Boot SPI Speed : 80MHz
I (27) boot.esp32s3: SPI Mode       : DIO
I (27) boot.esp32s3: SPI Flash Size : 8MB
I (27) boot: Enabling RNG early entropy source...
I (28) boot: Partition Table:
I (28) boot: ## Label            Usage          Type ST Offset   Length
I (28) boot:  0 nvs              WiFi data        01 02 00009000 00006000
I (29) boot:  1 otadata          OTA data         01 00 0000f000 00002000
I (29) boot:  2 phy_init         RF data          01 01 00011000 00001000
I (29) boot:  3 nvs_keys         NVS keys         01 04 00012000 00001000
I (30) boot:  4 secret           WiFi data        01 02 00013000 00003000
I (30) boot:  5 factory          factory app      00 00 00020000 00250000
I (31) boot:  6 ota_0            OTA app          00 10 00270000 00250000
I (31) boot:  7 ota_1            OTA app          00 11 004c0000 00250000
I (31) boot: End of partition table
I (32) boot: Defaulting to factory image
I (32) esp_image: segment 0: paddr=00020020 vaddr=3c0c0020 size=39928h (235816) map
I (75) esp_image: segment 1: paddr=00059950 vaddr=3fc9dc00 size=05344h ( 21316) load
I (79) esp_image: segment 2: paddr=0005ec9c vaddr=40374000 size=0137ch (  4988) load
I (81) esp_image: segment 3: paddr=00060020 vaddr=42000020 size=b1edch (728796) map
I (212) esp_image: segment 4: paddr=00111f04 vaddr=4037537c size=18808h (100360) load
I (234) esp_image: segment 5: paddr=0012a714 vaddr=50000000 size=00c8ch (  3212) load
I (235) esp_image: segment 6: paddr=0012b3a8 vaddr=600fe000 size=00100h (   256) load
I (236) esp_image: segment 7: paddr=0012b4b0 vaddr=600fe100 size=00008h (     8) load
I (236) esp_image: segment 8: paddr=0012b4c0 vaddr=00000000 size=04b10h ( 19216) 
I (251) boot: Loaded app from partition at offset 0x20000
I (252) boot: Disabling RNG early entropy source...
I (253) octal_psram: vendor id    : 0x0d (AP)
I (253) octal_psram: dev id       : 0x02 (generation 3)
I (253) octal_psram: density      : 0x03 (64 Mbit)
I (253) octal_psram: good-die     : 0x01 (Pass)
I (254) octal_psram: Latency      : 0x01 (Fixed)
I (254) octal_psram: VCC          : 0x01 (3V)
I (254) octal_psram: SRF          : 0x01 (Fast Refresh)
I (254) octal_psram: BurstType    : 0x01 (Hybrid Wrap)
I (255) octal_psram: BurstLen     : 0x01 (32 Byte)
I (255) octal_psram: Readlatency  : 0x02 (10 cycles@Fixed)
I (255) octal_psram: DriveStrength: 0x00 (1/1)
I (256) MSPI Timing: PSRAM timing tuning index: 5
I (256) esp_psram: Found 8MB PSRAM device
I (257) esp_psram: Speed: 80MHz
I (257) cpu_start: Multicore app
I (266) cpu_start: Pro cpu start user code
I (266) cpu_start: cpu freq: 160000000 Hz
I (266) app_init: Application information:
I (267) app_init: Project name:     skypane
I (267) app_init: App version:      fw-v9.9.8-bench
I (267) app_init: Compile time:     Sep 29 2026 13:01:11
I (267) app_init: ELF file SHA256:  404b1b407...
I (267) app_init: ESP-IDF:          v5.3.1
I (268) efuse_init: Min chip rev:     v0.0
I (268) efuse_init: Max chip rev:     v0.99 
I (268) efuse_init: Chip rev:         v0.2
I (268) heap_init: Initializing. RAM available for dynamic allocation:
I (268) heap_init: At 3FCA97B0 len 0003FF60 (255 KiB): RAM
I (269) heap_init: At 3FCE9710 len 00005724 (21 KiB): RAM
I (269) heap_init: At 3FCF0000 len 00008000 (32 KiB): DRAM
I (269) heap_init: At 600FE108 len 00001EE0 (7 KiB): RTCRAM
I (270) esp_psram: Adding pool of 8192K of PSRAM memory to heap allocator
I (271) spi_flash: detected chip: generic
I (271) spi_flash: flash io: dio
W (271) spi_flash: Detected size(16384k) larger than the size in the binary image header(8192k). Using the size in the binary image header.
E (273) secure_boot_v2: No signatures were found for the running app
E (274) secure_boot: This app is not signed, but check signature on update is enabled in config. It won't be possible to verify any update.

abort() was called at PC 0x42003624 on core 0


Backtrace: 0x403774be:0x3fceb0d0 0x4037ff99:0x3fceb0f0 0x40388c09:0x3fceb110 0x42003624:0x3fceb180 0x4200364b:0x3fceb210 0x4200312f:0x3fceb230 0x4200313b:0x3fceb250 0x42005bde:0x3fceb280 0x42005c29:0x3fceb2a0 0x42005c93:0x3fceb2c0 0x40376e56:0x3fceb2e0 0x403cc950:0x3fceb340 0x403ccdb5:0x3fceb380 0x403c896d:0x3fceb4b0 0x40045c01:0x3fceb570 0x40043ab6:0x3fceb6f0 0x40034c45:0x3fceb710




ELF file SHA256: 404b1b407

Rebooting...
ESP-ROM:esp32s3-20210327
Build:Mar 27 2021
rst:0xc (RTC_SW_CPU_RST),boot:0x29 (SPI_FAST_FLASH_BOOT)
Saved PC:0x403773f8
SPIWP:0xee
mode:DIO, clock div:1
load:0x3fce2810,len:0x178c
load:0x403c8700,len:0x4
load:0x403c8704,len:0xc10
load:0x403cb700,len:0x2e20
entry 0x403c8904
I (26) boot: ESP-IDF v5.3.1 2nd stage bootloader
I (26) boot: compile time Sep 29 2026 13:01:14
I (26) boot: Multicore bootloader
I (27) boot: chip revision: v0.2
I (27) boot.esp32s3: Boot SPI Speed : 80MHz
I (27) boot.esp32s3: SPI Mode       : DIO
I (27) boot.esp32s3: SPI Flash Size : 8MB
I (27) boot: Enabling RNG early entropy source...
I (28) boot: Partition Table:
I (28) boot: ## Label            Usage          Type ST Offset   Length
I (28) boot:  0 nvs              WiFi data        01 02 00009000 00006000
I (28) boot:  1 otadata          OTA data         01 00 0000f000 00002000
I (29) boot:  2 phy_init         RF data          01 01 00011000 00001000
I (29) boot:  3 nvs_keys         NVS keys         01 04 00012000 00001000
I (30) boot:  4 secret           WiFi data        01 02 00013000 00003000
I (30) boot:  5 factory          factory app      00 00 00020000 00250000
I (30) boot:  6 ota_0            OTA app          00 10 00270000 00250000
I (31) boot:  7 ota_1            OTA app          00 11 004c0000 00250000
I (31) boot: End of partition table
I (32) boot: Defaulting to factory image
I (32) esp_image: segment 0: paddr=00020020 vaddr=3c0c0020 size=39928h (235816) map
I (75) esp_image: segment 1: paddr=00059950 vaddr=3fc9dc00 size=05344h ( 21316) load
I (79) esp_image: segment 2: paddr=0005ec9c vaddr=40374000 size=0137ch (  4988) load
I (81) esp_image: segment 3: paddr=00060020 vaddr=42000020 size=b1edch (728796) map
I (212) esp_image: segment 4: paddr=00111f04 vaddr=4037537c size=18808h (100360) load
I (234) esp_image: segment 5: paddr=0012a714 vaddr=50000000 size=00c8ch (  3212) load
I (235) esp_image: segment 6: paddr=0012b3a8 vaddr=600fe000 size=00100h (   256) load
I (236) esp_image: segment 7: paddr=0012b4b0 vaddr=600fe100 size=00008h (     8) load
I (236) esp_image: segment 8: paddr=0012b4c0 vaddr=00000000 size=04b10h ( 19216) 
I (251) boot: Loaded app from partition at offset 0x20000
I (252) boot: Disabling RNG early entropy source...
I (253) octal_psram: vendor id    : 0x0d (AP)
I (253) octal_psram: dev id       : 0x02 (generation 3)
I (253) octal_psram: density      : 0x03 (64 Mbit)
I (253) octal_psram: good-die     : 0x01 (Pass)
I (254) octal_psram: Latency      : 0x01 (Fixed)
I (254) octal_psram: VCC          : 0x01 (3V)
I (254) octal_psram: SRF          : 0x01 (Fast Refresh)
I (254) octal_psram: BurstType    : 0x01 (Hybrid Wrap)
I (255) octal_psram: BurstLen     : 0x01 (32 Byte)
I (255) octal_psram: Readlatency  : 0x02 (10 cycles@Fixed)
I (255) octal_psram: DriveStrength: 0x00 (1/1)
I (256) MSPI Timing: PSRAM timing tuning index: 5
I (257) esp_psram: Found 8MB PSRAM device
I (257) esp_psram: Speed: 80MHz
I (257) cpu_start: Multicore app
I (266) cpu_start: Pro cpu start user code
I (266) cpu_start: cpu freq: 160000000 Hz
I (267) app_init: Application information:
I (267) app_init: Project name:     skypane
I (267) app_init: App version:      fw-v9.9.8-bench
I (267) app_init: Compile time:     Sep 29 2026 13:01:11
I (267) app_init: ELF file SHA256:  404b1b407...
I (267) app_init: ESP-IDF:          v5.3.1
I (268) efuse_init: Min chip rev:     v0.0
I (268) efuse_init: Max chip rev:     v0.99 
I (268) efuse_init: Chip rev:         v0.2
I (268) heap_init: Initializing. RAM available for dynamic allocation:
I (269) heap_init: At 3FCA97B0 len 0003FF60 (255 KiB): RAM
I (269) heap_init: At 3FCE9710 len 00005724 (21 KiB): RAM
I (269) heap_init: At 3FCF0000 len 00008000 (32 KiB): DRAM
I (269) heap_init: At 600FE108 len 00001EE0 (7 KiB): RTCRAM
I (270) esp_psram: Adding pool of 8192K of PSRAM memory to heap allocator
I (271) spi_flash: detected chip: generic
I (271) spi_flash: flash io: dio
W (271) spi_flash: Detected size(16384k) larger than the size in the binary image header(8192k). Using the size in the binary image header.
E (273) secure_boot_v2: No signatures were found for the running app
E (274) secure_boot: This app is not signed, but check signature on update is enabled in config. It won't be possible to verify any update.

abort() was called at PC 0x42003624 on core 0


Backtrace: 0x403774be:0x3fceb0d0 0x4037ff99:0x3fceb0f0 0x40388c09:0x3fceb110 0x42003624:0x3fceb180 0x4200364b:0x3fceb210 0x4200312f:0x3fceb230 0x4200313b:0x3fceb250 0x42005bde:0x3fceb280 0x42005c29:0x3fceb2a0 0x42005c93:0x3fceb2c0 0x40376e56:0x3fceb2e0 0x403cc950:0x3fceb340 0x403ccdb5:0x3fceb380 0x403c896d:0x3fceb4b0 0x40045c01:0x3fceb570 0x40043ab6:0x3fceb6f0 0x40034c45:0x3fceb710




ELF file SHA256: 404b1b407

Rebooting...
ESP-ROM:esp32s3-20210327
Build:Mar 27 2021
rst:0xc (RTC_SW_CPU_RST),boot:0x29 (SPI_FAST_FLASH_BOOT)
Saved PC:0x403773f8
SPIWP:0xee
mode:DIO, clock div:1
load:0x3fce2810,len:0x178c
load:0x403c8700,len:0x4
load:0x403c8704,len:0xc10
load:0x403cb700,len:0x2e20
entry 0x403c8904
I (26) boot: ESP-IDF v5.3.1 2nd stage bootloader
I (26) boot: compile time Sep 29 2026 13:01:14
I (26) boot: Multicore bootloader
I (27) boot: chip revision: v0.2
I (27) boot.esp32s3: Boot SPI Speed : 80MHz
I (27) boot.esp32s3: SPI Mode       : DIO
I (27) boot.esp32s3: SPI Flash Size : 8MB
I (27) boot: Enabling RNG early entropy source...
I (28) boot: Partition Table:
I (28) boot: ## Label            Usage          Type ST Offset   Length
I (28) boot:  0 nvs              WiFi data        01 02 00009000 00006000
I (28) boot:  1 otadata          OTA data         01 00 0000f000 00002000
I (29) boot:  2 phy_init         RF data          01 01 00011000 00001000
I (29) boot:  3 nvs_keys         NVS keys         01 04 00012000 00001000
I (30) boot:  4 secret           WiFi data        01 02 00013000 00003000
I (30) boot:  5 factory          factory app      00 00 00020000 00250000
I (30) boot:  6 ota_0            OTA app          00 10 00270000 00250000
I (31) boot:  7 ota_1            OTA app          00 11 004c0000 00250000
I (31) boot: End of partition table
I (32) boot: Defaulting to factory image
I (32) esp_image: segment 0: paddr=00020020 vaddr=3c0c0020 size=39928h (235816) map
I (75) esp_image: segment 1: paddr=00059950 vaddr=3fc9dc00 size=05344h ( 21316) load
I (79) esp_image: segment 2: paddr=0005ec9c vaddr=40374000 size=0137ch (  4988) load
I (81) esp_image: segment 3: paddr=00060020 vaddr=42000020 size=b1edch (728796) map
I (212) esp_image: segment 4: paddr=00111f04 vaddr=4037537c size=18808h (100360) load
I (234) esp_image: segment 5: paddr=0012a714 vaddr=50000000 size=00c8ch (  3212) load
I (235) esp_image: segment 6: paddr=0012b3a8 vaddr=600fe000 size=00100h (   256) load
I (236) esp_image: segment 7: paddr=0012b4b0 vaddr=600fe100 size=00008h (     8) load
I (236) esp_image: segment 8: paddr=0012b4c0 vaddr=00000000 size=04b10h ( 19216) 
I (251) boot: Loaded app from partition at offset 0x20000
I (252) boot: Disabling RNG early entropy source...
I (253) octal_psram: vendor id    : 0x0d (AP)
I (253) octal_psram: dev id       : 0x02 (generation 3)
I (253) octal_psram: density      : 0x03 (64 Mbit)
I (253) octal_psram: good-die     : 0x01 (Pass)
I (254) octal_psram: Latency      : 0x01 (Fixed)
I (254) octal_psram: VCC          : 0x01 (3V)
I (254) octal_psram: SRF          : 0x01 (Fast Refresh)
I (254) octal_psram: BurstType    : 0x01 (Hybrid Wrap)
I (255) octal_psram: BurstLen     : 0x01 (32 Byte)
I (255) octal_psram: Readlatency  : 0x02 (10 cycles@Fixed)
I (255) octal_psram: DriveStrength: 0x00 (1/1)
I (256) MSPI Timing: PSRAM timing tuning index: 5
I (256) esp_psram: Found 8MB PSRAM device
I (257) esp_psram: Speed: 80MHz
I (257) cpu_start: Multicore app
I (266) cpu_start: Pro cpu start user code
I (266) cpu_start: cpu freq: 160000000 Hz
I (266) app_init: Application information:
I (266) app_init: Project name:     skypane
I (267) app_init: App version:      fw-v9.9.8-bench
I (267) app_init: Compile time:     Sep 29 2026 13:01:11
I (267) app_init: ELF file SHA256:  404b1b407...
I (267) app_init: ESP-IDF:          v5.3.1
I (267) efuse_init: Min chip rev:     v0.0
I (268) efuse_init: Max chip rev:     v0.99 
I (268) efuse_init: Chip rev:         v0.2
I (268) heap_init: Initializing. RAM available for dynamic allocation:
I (268) heap_init: At 3FCA97B0 len 0003FF60 (255 KiB): RAM
I (269) heap_init: At 3FCE9710 len 00005724 (21 KiB): RAM
I (269) heap_init: At 3FCF0000 len 00008000 (32 KiB): DRAM
I (269) heap_init: At 600FE108 len 00001EE0 (7 KiB): RTCRAM
I (270) esp_psram: Adding pool of 8192K of PSRAM memory to heap allocator
I (271) spi_flash: detected chip: generic
I (271) spi_flash: flash io: dio
W (271) spi_flash: Detected size(16384k) larger than the size in the binary image header(8192k). Using the size in the binary image header.
E (273) secure_boot_v2: No signatures were found for the running app
E (273) secure_boot: This app is not signed, but check signature on update is enabled in config. It won't be possible to verify any update.

abort() was called at PC 0x42003624 on core 0


Backtrace: 0x403774be:0x3fceb0d0 0x4037ff99:0x3fceb0f0 0x40388c09:0x3fceb110 0x42003624:0x3fceb180 0x4200364b:0x3fceb210 0x4200312f:0x3fceb230 0x4200313b:0x3fceb250 0x42005bde:0x3fceb280 0x42005c29:0x3fceb2a0 0x42005c93:0x3fceb2c0 0x40376e56:0x3fceb2e0 0x403cc950:0x3fceb340 0x403ccdb5:0x3fceb380 0x403c896d:0x3fceb4b0 0x40045c01:0x3fceb570 0x40043ab6:0x3fceb6f0 0x40034c45:0x3fceb710




ELF file SHA256: 404b1b407

Rebooting...
ESP-ROM:esp32s3-20210327
Build:Mar 27 2021
rst:0xc (RTC_SW_CPU_RST),boot:0x29 (SPI_FAST_FLASH_BOOT)
Saved PC:0x403773f8
SPIWP:0xee
mode:DIO, clock div:1
load:0x3fce2810,len:0x178c
load:0x403c8700,len:0x4
load:0x403c8704,len:0xc10
load:0x403cb700,len:0x2e20
entry 0x403c8904
I (26) boot: ESP-IDF v5.3.1 2nd stage bootloader
I (26) boot: compile time Sep 29 2026 13:01:14
I (26) boot: Multicore bootloader
I (27) boot: chip revision: v0.2
I (27) boot.esp32s3: Boot SPI Speed : 80MHz
I (27) boot.esp32s3: SPI Mode       : DIO
I (27) boot.esp32s3: SPI Flash Size : 8MB
I (27) boot: Enabling RNG early entropy source...
I (28) boot: Partition Table:
I (28) boot: ## Label            Usage          Type ST Offset   Length
I (28) boot:  0 nvs              WiFi data        01 02 00009000 00006000
I (28) boot:  1 otadata          OTA data         01 00 0000f000 00002000
I (29) boot:  2 phy_init         RF data          01 01 00011000 00001000
I (29) boot:  3 nvs_keys         NVS keys         01 04 00012000 00001000
I (30) boot:  4 secret           WiFi data        01 02 00013000 00003000
I (30) boot:  5 factory          factory app      00 00 00020000 00250000
I (30) boot:  6 ota_0            OTA app          00 10 00270000 00250000
I (31) boot:  7 ota_1            OTA app          00 11 004c0000 00250000
I (31) boot: End of partition table
I (32) boot: Defaulting to factory image
I (32) esp_image: segment 0: paddr=00020020 vaddr=3c0c0020 size=39928h (235816) map
I (75) esp_image: segment 1: paddr=00059950 vaddr=3fc9dc00 size=05344h ( 21316) load
I (79) esp_image: segment 2: paddr=0005ec9c vaddr=40374000 size=0137ch (  4988) load
I (81) esp_image: segment 3: paddr=00060020 vaddr=42000020 size=b1edch (728796) map
I (212) esp_image: segment 4: paddr=00111f04 vaddr=4037537c size=18808h (100360) load
I (234) esp_image: segment 5: paddr=0012a714 vaddr=50000000 size=00c8ch (  3212) load
I (235) esp_image: segment 6: paddr=0012b3a8 vaddr=600fe000 size=00100h (   256) load
I (236) esp_image: segment 7: paddr=0012b4b0 vaddr=600fe100 size=00008h (     8) load
I (236) esp_image: segment 8: paddr=0012b4c0 vaddr=00000000 size=04b10h ( 19216) 
I (251) boot: Loaded app from partition at offset 0x20000
I (251) boot: Disabling RNG early entropy source...
I (253) octal_psram: vendor id    : 0x0d (AP)
I (253) octal_psram: dev id       : 0x02 (generation 3)
I (253) octal_psram: density      : 0x03 (64 Mbit)
I (253) octal_psram: good-die     : 0x01 (Pass)
I (253) octal_psram: Latency      : 0x01 (Fixed)
I (254) octal_psram: VCC          : 0x01 (3V)
I (254) octal_psram: SRF          : 0x01 (Fast Refresh)
I (254) octal_psram: BurstType    : 0x01 (Hybrid Wrap)
I (255) octal_psram: BurstLen     : 0x01 (32 Byte)
I (255) octal_psram: Readlatency  : 0x02 (10 cycles@Fixed)
I (255) octal_psram: DriveStrength: 0x00 (1/1)
I (256) MSPI Timing: PSRAM timing tuning index: 5
I (256) esp_psram: Found 8MB PSRAM device
I (256) esp_psram: Speed: 80MHz
I (257) cpu_start: Multicore app
I (266) cpu_start: Pro cpu start user code
I (266) cpu_start: cpu freq: 160000000 Hz
I (266) app_init: Application information:
I (266) app_init: Project name:     skypane
I (266) app_init: App version:      fw-v9.9.8-bench
I (267) app_init: Compile time:     Sep 29 2026 13:01:11
I (267) app_init: ELF file SHA256:  404b1b407...
I (267) app_init: ESP-IDF:          v5.3.1
I (267) efuse_init: Min chip rev:     v0.0
I (267) efuse_init: Max chip rev:     v0.99 
I (268) efuse_init: Chip rev:         v0.2
I (268) heap_init: Initializing. RAM available for dynamic allocation:
I (268) heap_init: At 3FCA97B0 len 0003FF60 (255 KiB): RAM
I (268) heap_init: At 3FCE9710 len 00005724 (21 KiB): RAM
I (269) heap_init: At 3FCF0000 len 00008000 (32 KiB): DRAM
I (269) heap_init: At 600FE108 len 00001EE0 (7 KiB): RTCRAM
I (269) esp_psram: Adding pool of 8192K of PSRAM memory to heap allocator
I (271) spi_flash: detected chip: generic
I (271) spi_flash: flash io: dio
W (271) spi_flash: Detected size(16384k) larger than the size in the binary image header(8192k). Using the size in the binary image header.
E (273) secure_boot_v2: No signatures were found for the running app
E (273) secure_boot: This app is not signed, but check signature on update is enabled in config. It won't be possible to verify any update.

abort() was called at PC 0x42003624 on core 0


Backtrace: 0x403774be:0x3fceb0d0 0x4037ff99:0x3fceb0f0 0x40388c09:0x3fceb110 0x42003624:0x3fceb180 0x4200364b:0x3fceb210 0x4200312f:0x3fceb230 0x4200313b:0x3fceb250 0x42005bde:0x3fceb280 0x42005c29:0x3fceb2a0 0x42005c93:0x3fceb2c0 0x40376e56:0x3fceb2e0 0x403cc950:0x3fceb340 0x403ccdb5:0x3fceb380 0x403c896d:0x3fceb4b0 0x40045c01:0x3fceb570 0x40043ab6:0x3fceb6f0 0x40034c45:0x3fceb710




ELF file SHA256: 404b1b407

Rebooting...
ESP-ROM:esp32s3-20210327
Build:Mar 27 2021
rst:0xc (RTC_SW_CPU_RST),boot:0x29 (SPI_FAST_FLASH_BOOT)
Saved PC:0x403773f8
SPIWP:0xee
mode:DIO, clock div:1
load:0x3fce2810,len:0x178c
load:0x403c8700,len:0x4
load:0x403c8704,len:0xc10
load:0x403cb700,len:0x2e20
entry 0x403c8904
I (26) boot: ESP-IDF v5.3.1 2nd stage bootloader
I (26) boot: compile time Sep 29 2026 13:01:14
I (26) boot: Multicore bootloader
I (27) boot: chip revision: v0.2
I (27) boot.esp32s3: Boot SPI Speed : 80MHz
I (27) boot.esp32s3: SPI Mode       : DIO
I (27) boot.esp32s3: SPI Flash Size : 8MB
I (27) boot: Enabling RNG early entropy source...
I (28) boot: Partition Table:
I (28) boot: ## Label            Usage          Type ST Offset   Length
I (28) boot:  0 nvs              WiFi data        01 02 00009000 00006000
I (28) boot:  1 otadata          OTA data         01 00 0000f000 00002000
I (29) boot:  2 phy_init         RF data          01 01 00011000 00001000
I (29) boot:  3 nvs_keys         NVS keys         01 04 00012000 00001000
I (30) boot:  4 secret           WiFi data        01 02 00013000 00003000
I (30) boot:  5 factory          factory app      00 00 00020000 00250000
I (30) boot:  6 ota_0            OTA app          00 10 00270000 00250000
I (31) boot:  7 ota_1            OTA app          00 11 004c0000 00250000
I (31) boot: End of partition table
I (32) boot: Defaulting to factory image
I (32) esp_image: segment 0: paddr=00020020 vaddr=3c0c0020 size=39928h (235816) map
I (75) esp_image: segment 1: paddr=00059950 vaddr=3fc9dc00 size=05344h ( 21316) load
I (79) esp_image: segment 2: paddr=0005ec9c vaddr=40374000 size=0137ch (  4988) load
I (81) esp_image: segment 3: paddr=00060020 vaddr=42000020 size=b1edch (728796) map
I (212) esp_image: segment 4: paddr=00111f04 vaddr=4037537c size=18808h (100360) load
I (234) esp_image: segment 5: paddr=0012a714 vaddr=50000000 size=00c8ch (  3212) load
I (235) esp_image: segment 6: paddr=0012b3a8 vaddr=600fe000 size=00100h (   256) load
I (236) esp_image: segment 7: paddr=0012b4b0 vaddr=600fe100 size=00008h (     8) load
I (236) esp_image: segment 8: paddr=0012b4c0 vaddr=00000000 size=04b10h ( 19216) 
I (251) boot: Loaded app from partition at offset 0x20000
I (251) boot: Disabling RNG early entropy source...
I (253) octal_psram: vendor id    : 0x0d (AP)
I (253) octal_psram: dev id       : 0x02 (generation 3)
I (253) octal_psram: density      : 0x03 (64 Mbit)
I (253) octal_psram: good-die     : 0x01 (Pass)
I (253) octal_psram: Latency      : 0x01 (Fixed)
I (254) octal_psram: VCC          : 0x01 (3V)
I (254) octal_psram: SRF          : 0x01 (Fast Refresh)
I (254) octal_psram: BurstType    : 0x01 (Hybrid Wrap)
I (255) octal_psram: BurstLen     : 0x01 (32 Byte)
I (255) octal_psram: Readlatency  : 0x02 (10 cycles@Fixed)
I (255) octal_psram: DriveStrength: 0x00 (1/1)
I (256) MSPI Timing: PSRAM timing tuning index: 4
I (256) esp_psram: Found 8MB PSRAM device
I (256) esp_psram: Speed: 80MHz
I (257) cpu_start: Multicore app
I (266) cpu_start: Pro cpu start user code
I (266) cpu_start: cpu freq: 160000000 Hz
I (266) app_init: Application information:
I (266) app_init: Project name:     skypane
I (266) app_init: App version:      fw-v9.9.8-bench
I (267) app_init: Compile time:     Sep 29 2026 13:01:11
I (267) app_init: ELF file SHA256:  404b1b407...
I (267) app_init: ESP-IDF:          v5.3.1
I (267) efuse_init: Min chip rev:     v0.0
I (267) efuse_init: Max chip rev:     v0.99 
I (268) efuse_init: Chip rev:         v0.2
I (268) heap_init: Initializing. RAM available for dynamic allocation:
I (268) heap_init: At 3FCA97B0 len 0003FF60 (255 KiB): RAM
I (268) heap_init: At 3FCE9710 len 00005724 (21 KiB): RAM
I (269) heap_init: At 3FCF0000 len 00008000 (32 KiB): DRAM
I (269) heap_init: At 600FE108 len 00001EE0 (7 KiB): RTCRAM
I (270) esp_psram: Adding pool of 8192K of PSRAM memory to heap allocator
I (271) spi_flash: detected chip: generic
I (271) spi_flash: flash io: dio
W (271) spi_flash: Detected size(16384k) larger than the size in the binary image header(8192k). Using the size in the binary image header.
E (273) secure_boot_v2: No signatures were found for the running app
E (273) secure_boot: This app is not signed, but check signature on update is enabled in config. It won't be possible to verify any update.

abort() was called at PC 0x42003624 on core 0


Backtrace: 0x403774be:0x3fceb0d0 0x4037ff99:0x3fceb0f0 0x40388c09:0x3fceb110 0x42003624:0x3fceb180 0x4200364b:0x3fceb210 0x4200312f:0x3fceb230 0x4200313b:0x3fceb250 0x42005bde:0x3fceb280 0x42005c29:0x3fceb2a0 0x42005c93:0x3fceb2c0 0x40376e56:0x3fceb2e0 0x403cc950:0x3fceb340 0x403ccdb5:0x3fceb380 0x403c896d:0x3fceb4b0 0x40045c01:0x3fceb570 0x40043ab6:0x3fceb6f0 0x40034c45:0x3fceb710




ELF file SHA256: 404b1b407

Rebooting...
ESP-ROM:esp32s3-20210327
Build:Mar 27 2021
rst:0xc (RTC_SW_CPU_RST),boot:0x29 (SPI_FAST_FLASH_BOOT)
Saved PC:0x403773f8
SPIWP:0xee
mode:DIO, clock div:1
load:0x3fce2810,len:0x178c
load:0x403c8700,len:0x4
load:0x403c8704,len:0xc10
load:0x403cb700,len:0x2e20
entry 0x403c8904
I (26) boot: ESP-IDF v5.3.1 2nd stage bootloader
I (26) boot: compile time Sep 29 2026 13:01:14
I (26) boot: Multicore bootloader
I (27) boot: chip revision: v0.2
I (27) boot.esp32s3: Boot SPI Speed : 80MHz
I (27) boot.esp32s3: SPI Mode       : DIO
I (27) boot.esp32s3: SPI Flash Size : 8MB
I (27) boot: Enabling RNG early entropy source...
I (28) boot: Partition Table:
I (28) boot: ## Label            Usage          Type ST Offset   Length
I (28) boot:  0 nvs              WiFi data        01 02 00009000 00006000
I (29) boot:  1 otadata          OTA data         01 00 0000f000 00002000
I (29) boot:  2 phy_init         RF data          01 01 00011000 00001000
I (29) boot:  3 nvs_keys         NVS keys         01 04 00012000 00001000
I (30) boot:  4 secret           WiFi data        01 02 00013000 00003000
I (30) boot:  5 factory          factory app      00 00 00020000 00250000
I (31) boot:  6 ota_0            OTA app          00 10 00270000 00250000
I (31) boot:  7 ota_1            OTA app          00 11 004c0000 00250000
I (31) boot: End of partition table
I (32) boot: Defaulting to factory image
I (32) esp_image: segment 0: paddr=00020020 vaddr=3c0c0020 size=39928h (235816) map
I (75) esp_image: segment 1: paddr=00059950 vaddr=3fc9dc00 size=05344h ( 21316) load
I (79) esp_image: segment 2: paddr=0005ec9c vaddr=40374000 size=0137ch (  4988) load
I (81) esp_image: segment 3: paddr=00060020 vaddr=42000020 size=b1edch (728796) map
I (212) esp_image: segment 4: paddr=00111f04 vaddr=4037537c size=18808h (100360) load
I (234) esp_image: segment 5: paddr=0012a714 vaddr=50000000 size=00c8ch (  3212) load
I (235) esp_image: segment 6: paddr=0012b3a8 vaddr=600fe000 size=00100h (   256) load
I (236) esp_image: segment 7: paddr=0012b4b0 vaddr=600fe100 size=00008h (     8) load
I (236) esp_image: segment 8: paddr=0012b4c0 vaddr=00000000 size=04b10h ( 19216) 
I (251) boot: Loaded app from partition at offset 0x20000
I (252) boot: Disabling RNG early entropy source...
I (253) octal_psram: vendor id    : 0x0d (AP)
I (253) octal_psram: dev id       : 0x02 (generation 3)
I (253) octal_psram: density      : 0x03 (64 Mbit)
I (253) octal_psram: good-die     : 0x01 (Pass)
I (254) octal_psram: Latency      : 0x01 (Fixed)
I (254) octal_psram: VCC          : 0x01 (3V)
I (254) octal_psram: SRF          : 0x01 (Fast Refresh)
I (254) octal_psram: BurstType    : 0x01 (Hybrid Wrap)
I (255) octal_psram: BurstLen     : 0x01 (32 Byte)
I (255) octal_psram: Readlatency  : 0x02 (10 cycles@Fixed)
I (255) octal_psram: DriveStrength: 0x00 (1/1)
I (256) MSPI Timing: PSRAM timing tuning index: 5
I (256) esp_psram: Found 8MB PSRAM device
I (257) esp_psram: Speed: 80MHz
I (257) cpu_start: Multicore app
I (266) cpu_start: Pro cpu start user code
I (266) cpu_start: cpu freq: 160000000 Hz
I (266) app_init: Application information:
I (266) app_init: Project name:     skypane
I (267) app_init: App version:      fw-v9.9.8-bench
I (267) app_init: Compile time:     Sep 29 2026 13:01:11
I (267) app_init: ELF file SHA256:  404b1b407...
I (267) app_init: ESP-IDF:          v5.3.1
I (267) efuse_init: Min chip rev:     v0.0
I (268) efuse_init: Max chip rev:     v0.99 
I (268) efuse_init: Chip rev:         v0.2
I (268) heap_init: Initializing. RAM available for dynamic allocation:
I (268) heap_init: At 3FCA97B0 len 0003FF60 (255 KiB): RAM
I (268) heap_init: At 3FCE9710 len 00005724 (21 KiB): RAM
I (269) heap_init: At 3FCF0000 len 00008000 (32 KiB): DRAM
I (269) heap_init: At 600FE108 len 00001EE0 (7 KiB): RTCRAM
I (269) esp_psram: Adding pool of 8192K of PSRAM memory to heap allocator
I (271) spi_flash: detected chip: generic
I (271) spi_flash: flash io: dio
W (271) spi_flash: Detected size(16384k) larger than the size in the binary image header(8192k). Using the size in the binary image header.
E (273) secure_boot_v2: No signatures were found for the running app
E (273) secure_boot: This app is not signed, but check signature on update is enabled in config. It won't be possible to verify any update.

abort() was called at PC 0x42003624 on core 0


Backtrace: 0x403774be:0x3fceb0d0 0x4037ff99:0x3fceb0f0 0x40388c09:0x3fceb110 0x42003624:0x3fceb180 0x4200364b:0x3fceb210 0x4200312f:0x3fceb230 0x4200313b:0x3fceb250 0x42005bde:0x3fceb280 0x42005c29:0x3fceb2a0 0x42005c93:0x3fceb2c0 0x40376e56:0x3fceb2e0 0x403cc950:0x3fceb340 0x403ccdb5:0x3fceb380 0x403c896d:0x3fceb4b0 0x40045c01:0x3fceb570 0x40043ab6:0x3fceb6f0 0x40034c45:0x3fceb710




ELF file SHA256: 404b1b407

Rebooting...
ESP-ROM:esp32s3-20210327
Build:Mar 27 2021
rst:0xc (RTC_SW_CPU_RST),boot:0x29 (SPI_FAST_FLASH_BOOT)
Saved PC:0x403773f8
SPIWP:0xee
mode:DIO, clock div:1
load:0x3fce2810,len:0x178c
load:0x403c8700,len:0x4
load:0x403c8704,len:0xc10
load:0x403cb700,len:0x2e20
entry 0x403c8904
I (26) boot: ESP-IDF v5.3.1 2nd stage bootloader
I (26) boot: compile time Sep 29 2026 13:01:14
I (26) boot: Multicore bootloader
I (27) boot: chip revision: v0.2
I (27) boot.esp32s3: Boot SPI Speed : 80MHz
I (27) boot.esp32s3: SPI Mode       : DIO
I (27) boot.esp32s3: SPI Flash Size : 8MB
I (27) boot: Enabling RNG early entropy source...
I (28) boot: Partition Table:
I (28) boot: ## Label            Usage          Type ST Offset   Length
I (28) boot:  0 nvs              WiFi data        01 02 00009000 00006000
I (28) boot:  1 otadata          OTA data         01 00 0000f000 00002000
I (29) boot:  2 phy_init         RF data          01 01 00011000 00001000
I (29) boot:  3 nvs_keys         NVS keys         01 04 00012000 00001000
I (30) boot:  4 secret           WiFi data        01 02 00013000 00003000
I (30) boot:  5 factory          factory app      00 00 00020000 00250000
I (30) boot:  6 ota_0            OTA app          00 10 00270000 00250000
I (31) boot:  7 ota_1            OTA app          00 11 004c0000 00250000
I (31) boot: End of partition table
I (32) boot: Defaulting to factory image
I (32) esp_image: segment 0: paddr=00020020 vaddr=3c0c0020 size=39928h (235816) map
I (74) esp_image: segment 1: paddr=00059950 vaddr=3fc9dc00 size=05344h ( 21316) load
I (79) esp_image: segment 2: paddr=0005ec9c vaddr=40374000 size=0137ch (  4988) load
I (81) esp_image: segment 3: paddr=00060020 vaddr=42000020 size=b1edch (728796) map
I (212) esp_image: segment 4: paddr=00111f04 vaddr=4037537c size=18808h (100360) load
I (234) esp_image: segment 5: paddr=0012a714 vaddr=50000000 size=00c8ch (  3212) load
I (235) esp_image: segment 6: paddr=0012b3a8 vaddr=600fe000 size=00100h (   256) load
I (236) esp_image: segment 7: paddr=0012b4b0 vaddr=600fe100 size=00008h (     8) load
I (236) esp_image: segment 8: paddr=0012b4c0 vaddr=00000000 size=04b10h ( 19216) 
I (251) boot: Loaded app from partition at offset 0x20000
I (251) boot: Disabling RNG early entropy source...
I (252) octal_psram: vendor id    : 0x0d (AP)
I (253) octal_psram: dev id       : 0x02 (generation 3)
I (253) octal_psram: density      : 0x03 (64 Mbit)
I (253) octal_psram: good-die     : 0x01 (Pass)
I (253) octal_psram: Latency      : 0x01 (Fixed)
I (254) octal_psram: VCC          : 0x01 (3V)
I (254) octal_psram: SRF          : 0x01 (Fast Refresh)
I (254) octal_psram: BurstType    : 0x01 (Hybrid Wrap)
I (255) octal_psram: BurstLen     : 0x01 (32 Byte)
I (255) octal_psram: Readlatency  : 0x02 (10 cycles@Fixed)
I (255) octal_psram: DriveStrength: 0x00 (1/1)
I (256) MSPI Timing: PSRAM timing tuning index: 5
I (256) esp_psram: Found 8MB PSRAM device
I (256) esp_psram: Speed: 80MHz
I (257) cpu_start: Multicore app
I (266) cpu_start: Pro cpu start user code
I (266) cpu_start: cpu freq: 160000000 Hz
I (266) app_init: Application information:
I (266) app_init: Project name:     skypane
I (266) app_init: App version:      fw-v9.9.8-bench
I (267) app_init: Compile time:     Sep 29 2026 13:01:11
I (267) app_init: ELF file SHA256:  404b1b407...
I (267) app_init: ESP-IDF:          v5.3.1
I (267) efuse_init: Min chip rev:     v0.0
I (267) efuse_init: Max chip rev:     v0.99 
I (268) efuse_init: Chip rev:         v0.2
I (268) heap_init: Initializing. RAM available for dynamic allocation:
I (268) heap_init: At 3FCA97B0 len 0003FF60 (255 KiB): RAM
I (268) heap_init: At 3FCE9710 len 00005724 (21 KiB): RAM
I (269) heap_init: At 3FCF0000 len 00008000 (32 KiB): DRAM
I (269) heap_init: At 600FE108 len 00001EE0 (7 KiB): RTCRAM
I (269) esp_psram: Adding pool of 8192K of PSRAM memory to heap allocator
I (271) spi_flash: detected chip: generic
I (271) spi_flash: flash io: dio
W (271) spi_flash: Detected size(16384k) larger than the size in the binary image header(8192k). Using the size in the binary image header.
E (273) secure_boot_v2: No signatures were found for the running app
E (273) secure_boot: This app is not signed, but check signature on update is enabled in config. It won't be possible to verify any update.

abort() was called at PC 0x42003624 on core 0


Backtrace: 0x403774be:0x3fceb0d0 0x4037ff99:0x3fceb0f0 0x40388c09:0x3fceb110 0x42003624:0x3fceb180 0x4200364b:0x3fceb210 0x4200312f:0x3fceb230 0x4200313b:0x3fceb250 0x42005bde:0x3fceb280 0x42005c29:0x3fceb2a0 0x42005c93:0x3fceb2c0 0x40376e56:0x3fceb2e0 0x403cc950:0x3fceb340 0x403ccdb5:0x3fceb380 0x403c896d:0x3fceb4b0 0x40045c01:0x3fceb570 0x40043ab6:0x3fceb6f0 0x40034c45:0x3fceb710




ELF file SHA256: 404b1b407

Rebooting...
ESP-ROM:esp32s3-20210327
Build:Mar 27 2021
rst:0xc (RTC_SW_CPU_RST),boot:0x29 (SPI_FAST_FLASH_BOOT)
Saved PC:0x403773f8
SPIWP:0xee
mode:DIO, clock div:1
load:0x3fce2810,len:0x178c
load:0x403c8700,len:0x4
load:0x403c8704,len:0xc10
load:0x403cb700,len:0x2e20
entry 0x403c8904
I (26) boot: ESP-IDF v5.3.1 2nd stage bootloader
I (26) boot: compile time Sep 29 2026 13:01:14
I (26) boot: Multicore bootloader
I (27) boot: chip revision: v0.2
I (27) boot.esp32s3: Boot SPI Speed : 80MHz
I (27) boot.esp32s3: SPI Mode       : DIO
I (27) boot.esp32s3: SPI Flash Size : 8MB
I (27) boot: Enabling RNG early entropy source...
I (28) boot: Partition Table:
I (28) boot: ## Label            Usage          Type ST Offset   Length
I (28) boot:  0 nvs              WiFi data        01 02 00009000 00006000
I (28) boot:  1 otadata          OTA data         01 00 0000f000 00002000
I (29) boot:  2 phy_init         RF data          01 01 00011000 00001000
I (29) boot:  3 nvs_keys         NVS keys         01 04 00012000 00001000
I (30) boot:  4 secret           WiFi data        01 02 00013000 00003000
I (30) boot:  5 factory          factory app      00 00 00020000 00250000
I (30) boot:  6 ota_0            OTA app          00 10 00270000 00250000
I (31) boot:  7 ota_1            OTA app          00 11 004c0000 00250000
I (31) boot: End of partition table
I (32) boot: Defaulting to factory image
I (32) esp_image: segment 0: paddr=00020020 vaddr=3c0c0020 size=39928h (235816) map
I (75) esp_image: segment 1: paddr=00059950 vaddr=3fc9dc00 size=05344h ( 21316) load
I (79) esp_image: segment 2: paddr=0005ec9c vaddr=40374000 size=0137ch (  4988) load
I (81) esp_image: segment 3: paddr=00060020 vaddr=42000020 size=b1edch (728796) map
I (212) esp_image: segment 4: paddr=00111f04 vaddr=4037537c size=18808h (100360) load
I (234) esp_image: segment 5: paddr=0012a714 vaddr=50000000 size=00c8ch (  3212) load
I (235) esp_image: segment 6: paddr=0012b3a8 vaddr=600fe000 size=00100h (   256) load
I (236) esp_image: segment 7: paddr=0012b4b0 vaddr=600fe100 size=00008h (     8) load
I (236) esp_image: segment 8: paddr=0012b4c0 vaddr=00000000 size=04b10h ( 19216) 
I (251) boot: Loaded app from partition at offset 0x20000
I (251) boot: Disabling RNG early entropy source...
I (253) octal_psram: vendor id    : 0x0d (AP)
I (253) octal_psram: dev id       : 0x02 (generation 3)
I (253) octal_psram: density      : 0x03 (64 Mbit)
I (253) octal_psram: good-die     : 0x01 (Pass)
I (253) octal_psram: Latency      : 0x01 (Fixed)
I (254) octal_psram: VCC          : 0x01 (3V)
I (254) octal_psram: SRF          : 0x01 (Fast Refresh)
I (254) octal_psram: BurstType    : 0x01 (Hybrid Wrap)
I (255) octal_psram: BurstLen     : 0x01 (32 Byte)
I (255) octal_psram: Readlatency  : 0x02 (10 cycles@Fixed)
I (255) octal_psram: DriveStrength: 0x00 (1/1)
I (256) MSPI Timing: PSRAM timing tuning index: 5
I (256) esp_psram: Found 8MB PSRAM device
I (256) esp_psram: Speed: 80MHz
I (257) cpu_start: Multicore app
I (266) cpu_start: Pro cpu start user code
I (266) cpu_start: cpu freq: 160000000 Hz
I (266) app_init: Application information:
I (266) app_init: Project name:     skypane
I (266) app_init: App version:      fw-v9.9.8-bench
I (267) app_init: Compile time:     Sep 29 2026 13:01:11
I (267) app_init: ELF file SHA256:  404b1b407...
I (267) app_init: ESP-IDF:          v5.3.1
I (267) efuse_init: Min chip rev:     v0.0
I (267) efuse_init: Max chip rev:     v0.99 
I (268) efuse_init: Chip rev:         v0.2
I (268) heap_init: Initializing. RAM available for dynamic allocation:
I (268) heap_init: At 3FCA97B0 len 0003FF60 (255 KiB): RAM
I (268) heap_init: At 3FCE9710 len 00005724 (21 KiB): RAM
I (269) heap_init: At 3FCF0000 len 00008000 (32 KiB): DRAM
I (269) heap_init: At 600FE108 len 00001EE0 (7 KiB): RTCRAM
I (269) esp_psram: Adding pool of 8192K of PSRAM memory to heap allocator
I (271) spi_flash: detected chip: generic
I (271) spi_flash: flash io: dio
W (271) spi_flash: Detected size(16384k) larger than the size in the binary image header(8192k). Using the size in the binary image header.
E (273) secure_boot_v2: No signatures were found for the running app
E (273) secure_boot: This app is not signed, but check signature on update is enabled in config. It won't be possible to verify any update.

abort() was called at PC 0x42003624 on core 0


Backtrace: 0x403774be:0x3fceb0d0 0x4037ff99:0x3fceb0f0 0x40388c09:0x3fceb110 0x42003624:0x3fceb180 0x4200364b:0x3fceb210 0x4200312f:0x3fceb230 0x4200313b:0x3fceb250 0x42005bde:0x3fceb280 0x42005c29:0x3fceb2a0 0x42005c93:0x3fceb2c0 0x40376e56:0x3fceb2e0 0x403cc950:0x3fceb340 0x403ccdb5:0x3fceb380 0x403c896d:0x3fceb4b0 0x40045c01:0x3fceb570 0x40043ab6:0x3fceb6f0 0x40034c45:0x3fceb710




ELF file SHA256: 404b1b407

Rebooting...
ESP-ROM:esp32s3-20210327
Build:Mar 27 2021
rst:0xc (RTC_SW_CPU_RST),boot:0x29 (SPI_FAST_FLASH_BOOT)
Saved PC:0x403773f8
SPIWP:0xee
mode:DIO, clock div:1
load:0x3fce2810,len:0x178c
load:0x403c8700,len:0x4
load:0x403c8704,len:0xc10
load:0x403cb700,len:0x2e20
entry 0x403c8904
I (26) boot: ESP-IDF v5.3.1 2nd stage bootloader
I (26) boot: compile time Sep 29 2026 13:01:14
I (26) boot: Multicore bootloader
I (27) boot: chip revision: v0.2
I (27) boot.esp32s3: Boot SPI Speed : 80MHz
I (27) boot.esp32s3: SPI Mode       : DIO
I (27) boot.esp32s3: SPI Flash Size : 8MB
I (27) boot: Enabling RNG early entropy source...
I (28) boot: Partition Table:
I (28) boot: ## Label            Usage          Type ST Offset   Length
I (28) boot:  0 nvs              WiFi data        01 02 00009000 00006000
I (28) boot:  1 otadata          OTA data         01 00 0000f000 00002000
I (29) boot:  2 phy_init         RF data          01 01 00011000 00001000
I (29) boot:  3 nvs_keys         NVS keys         01 04 00012000 00001000
I (30) boot:  4 secret           WiFi data        01 02 00013000 00003000
I (30) boot:  5 factory          factory app      00 00 00020000 00250000
I (30) boot:  6 ota_0            OTA app          00 10 00270000 00250000
I (31) boot:  7 ota_1            OTA app          00 11 004c0000 00250000
I (31) boot: End of partition table
I (32) boot: Defaulting to factory image
I (32) esp_image: segment 0: paddr=00020020 vaddr=3c0c0020 size=39928h (235816) map
I (75) esp_image: segment 1: paddr=00059950 vaddr=3fc9dc00 size=05344h ( 21316) load
I (79) esp_image: segment 2: paddr=0005ec9c vaddr=40374000 size=0137ch (  4988) load
I (81) esp_image: segment 3: paddr=00060020 vaddr=42000020 size=b1edch (728796) map
I (212) esp_image: segment 4: paddr=00111f04 vaddr=4037537c size=18808h (100360) load
I (234) esp_image: segment 5: paddr=0012a714 vaddr=50000000 size=00c8ch (  3212) load
I (235) esp_image: segment 6: paddr=0012b3a8 vaddr=600fe000 size=00100h (   256) load
I (236) esp_image: segment 7: paddr=0012b4b0 vaddr=600fe100 size=00008h (     8) load
I (236) esp_image: segment 8: paddr=0012b4c0 vaddr=00000000 size=04b10h ( 19216) 
I (251) boot: Loaded app from partition at offset 0x20000
I (252) boot: Disabling RNG early entropy source...
I (253) octal_psram: vendor id    : 0x0d (AP)
I (253) octal_psram: dev id       : 0x02 (generation 3)
I (253) octal_psram: density      : 0x03 (64 Mbit)
I (253) octal_psram: good-die     : 0x01 (Pass)
I (254) octal_psram: Latency      : 0x01 (Fixed)
I (254) octal_psram: VCC          : 0x01 (3V)
I (254) octal_psram: SRF          : 0x01 (Fast Refresh)
I (254) octal_psram: BurstType    : 0x01 (Hybrid Wrap)
I (255) octal_psram: BurstLen     : 0x01 (32 Byte)
I (255) octal_psram: Readlatency  : 0x02 (10 cycles@Fixed)
I (255) octal_psram: DriveStrength: 0x00 (1/1)
I (256) MSPI Timing: PSRAM timing tuning index: 5
I (256) esp_psram: Found 8MB PSRAM device
I (257) esp_psram: Speed: 80MHz
I (257) cpu_start: Multicore app
I (266) cpu_start: Pro cpu start user code
I (266) cpu_start: cpu freq: 160000000 Hz
I (266) app_init: Application information:
I (267) app_init: Project name:     skypane
I (267) app_init: App version:      fw-v9.9.8-bench
I (267) app_init: Compile time:     Sep 29 2026 13:01:11
I (267) app_init: ELF file SHA256:  404b1b407...
I (267) app_init: ESP-IDF:          v5.3.1
I (268) efuse_init: Min chip rev:     v0.0
I (268) efuse_init: Max chip rev:     v0.99 
I (268) efuse_init: Chip rev:         v0.2
I (268) heap_init: Initializing. RAM available for dynamic allocation:
I (268) heap_init: At 3FCA97B0 len 0003FF60 (255 KiB): RAM
I (269) heap_init: At 3FCE9710 len 00005724 (21 KiB): RAM
I (269) heap_init: At 3FCF0000 len 00008000 (32 KiB): DRAM
I (269) heap_init: At 600FE108 len 00001EE0 (7 KiB): RTCRAM
I (270) esp_psram: Adding pool of 8192K of PSRAM memory to heap allocator
I (271) spi_flash: detected chip: generic
I (271) spi_flash: flash io: dio
W (271) spi_flash: Detected size(16384k) larger than the size in the binary image header(8192k). Using the size in the binary image header.
E (273) secure_boot_v2: No signatures were found for the running app
E (274) secure_boot: This app is not signed, but check signature on update is enabled in config. It won't be possible to verify any update.

abort() was called at PC 0x42003624 on core 0


Backtrace: 0x403774be:0x3fceb0d0 0x4037ff99:0x3fceb0f0 0x40388c09:0x3fceb110 0x42003624:0x3fceb180 0x4200364b:0x3fceb210 0x4200312f:0x3fceb230 0x4200313b:0x3fceb250 0x42005bde:0x3fceb280 0x42005c29:0x3fceb2a0 0x42005c93:0x3fceb2c0 0x40376e56:0x3fceb2e0 0x403cc950:0x3fceb340 0x403ccdb5:0x3fceb380 0x403c896d:0x3fceb4b0 0x40045c01:0x3fceb570 0x40043ab6:0x3fceb6f0 0x40034c45:0x3fceb710




ELF file SHA256: 404b1b407

Rebooting...
ESP-ROM:esp32s3-20210327
Build:Mar 27 2021
rst:0xc (RTC_SW_CPU_RST),boot:0x29 (SPI_FAST_FLASH_BOOT)
Saved PC:0x403773f8
SPIWP:0xee
mode:DIO, clock div:1
load:0x3fce2810,len:0x178c
load:0x403c8700,len:0x4
load:0x403c8704,len:0xc10
load:0x403cb700,len:0x2e20
entry 0x403c8904
I (26) boot: ESP-IDF v5.3.1 2nd stage bootloader
I (26) boot: compile time Sep 29 2026 13:01:14
I (26) boot: Multicore bootloader
I (27) boot: chip revision: v0.2
I (27) boot.esp32s3: Boot SPI Speed : 80MHz
I (27) boot.esp32s3: SPI Mode       : DIO
I (27) boot.esp32s3: SPI Flash Size : 8MB
I (27) boot: Enabling RNG early entropy source...
I (28) boot: Partition Table:
I (28) boot: ## Label            Usage          Type ST Offset   Length
I (28) boot:  0 nvs              WiFi data        01 02 00009000 00006000
I (28) boot:  1 otadata          OTA data         01 00 0000f000 00002000
I (29) boot:  2 phy_init         RF data          01 01 00011000 00001000
I (29) boot:  3 nvs_keys         NVS keys         01 04 00012000 00001000
I (30) boot:  4 secret           WiFi data        01 02 00013000 00003000
I (30) boot:  5 factory          factory app      00 00 00020000 00250000
I (30) boot:  6 ota_0            OTA app          00 10 00270000 00250000
I (31) boot:  7 ota_1            OTA app          00 11 004c0000 00250000
I (31) boot: End of partition table
I (32) boot: Defaulting to factory image
I (32) esp_image: segment 0: paddr=00020020 vaddr=3c0c0020 size=39928h (235816) map
I (75) esp_image: segment 1: paddr=00059950 vaddr=3fc9dc00 size=05344h ( 21316) load
I (79) esp_image: segment 2: paddr=0005ec9c vaddr=40374000 size=0137ch (  4988) load
I (81) esp_image: segment 3: paddr=00060020 vaddr=42000020 size=b1edch (728796) map
I (212) esp_image: segment 4: paddr=00111f04 vaddr=4037537c size=18808h (100360) load
I (234) esp_image: segment 5: paddr=0012a714 vaddr=50000000 size=00c8ch (  3212) load
I (235) esp_image: segment 6: paddr=0012b3a8 vaddr=600fe000 size=00100h (   256) load
I (236) esp_image: segment 7: paddr=0012b4b0 vaddr=600fe100 size=00008h (     8) load
I (236) esp_image: segment 8: paddr=0012b4c0 vaddr=00000000 size=04b10h ( 19216) 
I (251) boot: Loaded app from partition at offset 0x20000
I (251) boot: Disabling RNG early entropy source...
I (253) octal_psram: vendor id    : 0x0d (AP)
I (253) octal_psram: dev id       : 0x02 (generation 3)
I (253) octal_psram: density      : 0x03 (64 Mbit)
I (253) octal_psram: good-die     : 0x01 (Pass)
I (253) octal_psram: Latency      : 0x01 (Fixed)
I (254) octal_psram: VCC          : 0x01 (3V)
I (254) octal_psram: SRF          : 0x01 (Fast Refresh)
I (254) octal_psram: BurstType    : 0x01 (Hybrid Wrap)
I (255) octal_psram: BurstLen     : 0x01 (32 Byte)
I (255) octal_psram: Readlatency  : 0x02 (10 cycles@Fixed)
I (255) octal_psram: DriveStrength: 0x00 (1/1)
I (256) MSPI Timing: PSRAM timing tuning index: 5
I (256) esp_psram: Found 8MB PSRAM device
I (256) esp_psram: Speed: 80MHz
I (257) cpu_start: Multicore app
I (266) cpu_start: Pro cpu start user code
I (266) cpu_start: cpu freq: 160000000 Hz
I (266) app_init: Application information:
I (266) app_init: Project name:     skypane
I (266) app_init: App version:      fw-v9.9.8-bench
I (267) app_init: Compile time:     Sep 29 2026 13:01:11
I (267) app_init: ELF file SHA256:  404b1b407...
I (267) app_init: ESP-IDF:          v5.3.1
I (267) efuse_init: Min chip rev:     v0.0
I (267) efuse_init: Max chip rev:     v0.99 
I (268) efuse_init: Chip rev:         v0.2
I (268) heap_init: Initializing. RAM available for dynamic allocation:
I (268) heap_init: At 3FCA97B0 len 0003FF60 (255 KiB): RAM
I (268) heap_init: At 3FCE9710 len 00005724 (21 KiB): RAM
I (269) heap_init: At 3FCF0000 len 00008000 (32 KiB): DRAM
I (269) heap_init: At 600FE108 len 00001EE0 (7 KiB): RTCRAM
I (269) esp_psram: Adding pool of 8192K of PSRAM memory to heap allocator
I (271) spi_flash: detected chip: generic
I (271) spi_flash: flash io: dio
W (271) spi_flash: Detected size(16384k) larger than the size in the binary image header(8192k). Using the size in the binary image header.
E (273) secure_boot_v2: No signatures were found for the running app
E (273) secure_boot: This app is not signed, but check signature on update is enabled in config. It won't be possible to verify any update.

abort() was called at PC 0x42003624 on core 0


Backtrace: 0x403774be:0x3fceb0d0 0x4037ff99:0x3fceb0f0 0x40388c09:0x3fceb110 0x42003624:0x3fceb180 0x4200364b:0x3fceb210 0x4200312f:0x3fceb230 0x4200313b:0x3fceb250 0x42005bde:0x3fceb280 0x42005c29:0x3fceb2a0 0x42005c93:0x3fceb2c0 0x40376e56:0x3fceb2e0 0x403cc950:0x3fceb340 0x403ccdb5:0x3fceb380 0x403c896d:0x3fceb4b0 0x40045c01:0x3fceb570 0x40043ab6:0x3fceb6f0 0x40034c45:0x3fceb710




ELF file SHA256: 404b1b407

Rebooting...
ESP-ROM:esp32s3-20210327
Build:Mar 27 2021
rst:0xc (RTC_SW_CPU_RST),boot:0x29 (SPI_FAST_FLASH_BOOT)
Saved PC:0x403773f8
SPIWP:0xee
mode:DIO, clock div:1
load:0x3fce2810,len:0x178c
load:0x403c8700,len:0x4
load:0x403c8704,len:0xc10
load:0x403cb700,len:0x2e20
entry 0x403c8904
I (26) boot: ESP-IDF v5.3.1 2nd stage bootloader
I (26) boot: compile time Sep 29 2026 13:01:14
I (26) boot: Multicore bootloader
I (27) boot: chip revision: v0.2
I (27) boot.esp32s3: Boot SPI Speed : 80MHz
I (27) boot.esp32s3: SPI Mode       : DIO
I (27) boot.esp32s3: SPI Flash Size : 8MB
I (27) boot: Enabling RNG early entropy source...
I (28) boot: Partition Table:
I (28) boot: ## Label            Usage          Type ST Offset   Length
I (28) boot:  0 nvs              WiFi data        01 02 00009000 00006000
I (28) boot:  1 otadata          OTA data         01 00 0000f000 00002000
I (29) boot:  2 phy_init         RF data          01 01 00011000 00001000
I (29) boot:  3 nvs_keys         NVS keys         01 04 00012000 00001000
I (30) boot:  4 secret           WiFi data        01 02 00013000 00003000
I (30) boot:  5 factory          factory app      00 00 00020000 00250000
I (30) boot:  6 ota_0            OTA app          00 10 00270000 00250000
I (31) boot:  7 ota_1            OTA app          00 11 004c0000 00250000
I (31) boot: End of partition table
I (32) boot: Defaulting to factory image
I (32) esp_image: segment 0: paddr=00020020 vaddr=3c0c0020 size=39928h (235816) map
I (75) esp_image: segment 1: paddr=00059950 vaddr=3fc9dc00 size=05344h ( 21316) load
I (79) esp_image: segment 2: paddr=0005ec9c vaddr=40374000 size=0137ch (  4988) load
I (81) esp_image: segment 3: paddr=00060020 vaddr=42000020 size=b1edch (728796) map
I (212) esp_image: segment 4: paddr=00111f04 vaddr=4037537c size=18808h (100360) load
I (234) esp_image: segment 5: paddr=0012a714 vaddr=50000000 size=00c8ch (  3212) load
I (235) esp_image: segment 6: paddr=0012b3a8 vaddr=600fe000 size=00100h (   256) load
I (236) esp_image: segment 7: paddr=0012b4b0 vaddr=600fe100 size=00008h (     8) load
I (236) esp_image: segment 8: paddr=0012b4c0 vaddr=00000000 size=04b10h ( 19216) 
I (251) boot: Loaded app from partition at offset 0x20000
I (251) boot: Disabling RNG early entropy source...
I (253) octal_psram: vendor id    : 0x0d (AP)
I (253) octal_psram: dev id       : 0x02 (generation 3)
I (253) octal_psram: density      : 0x03 (64 Mbit)
I (253) octal_psram: good-die     : 0x01 (Pass)
I (253) octal_psram: Latency      : 0x01 (Fixed)
I (254) octal_psram: VCC          : 0x01 (3V)
I (254) octal_psram: SRF          : 0x01 (Fast Refresh)
I (254) octal_psram: BurstType    : 0x01 (Hybrid Wrap)
I (255) octal_psram: BurstLen     : 0x01 (32 Byte)
I (255) octal_psram: Readlatency  : 0x02 (10 cycles@Fixed)
I (255) octal_psram: DriveStrength: 0x00 (1/1)
I (256) MSPI Timing: PSRAM timing tuning index: 5
I (256) esp_psram: Found 8MB PSRAM device
I (256) esp_psram: Speed: 80MHz
I (257) cpu_start: Multicore app
I (266) cpu_start: Pro cpu start user code
I (266) cpu_start: cpu freq: 160000000 Hz
I (266) app_init: Application information:
I (266) app_init: Project name:     skypane
I (267) app_init: App version:      fw-v9.9.8-bench
I (267) app_init: Compile time:     Sep 29 2026 13:01:11
I (267) app_init: ELF file SHA256:  404b1b407...
I (267) app_init: ESP-IDF:          v5.3.1
I (267) efuse_init: Min chip rev:     v0.0
I (268) efuse_init: Max chip rev:     v0.99 
I (268) efuse_init: Chip rev:         v0.2
I (268) heap_init: Initializing. RAM available for dynamic allocation:
I (268) heap_init: At 3FCA97B0 len 0003FF60 (255 KiB): RAM
I (268) heap_init: At 3FCE9710 len 00005724 (21 KiB): RAM
I (269) heap_init: At 3FCF0000 len 00008000 (32 KiB): DRAM
I (269) heap_init: At 600FE108 len 00001EE0 (7 KiB): RTCRAM
I (270) esp_psram: Adding pool of 8192K of PSRAM memory to heap allocator
I (271) spi_flash: detected chip: generic
I (271) spi_flash: flash io: dio
W (271) spi_flash: Detected size(16384k) larger than the size in the binary image header(8192k). Using the size in the binary image header.
E (273) secure_boot_v2: No signatures were found for the running app
E (273) secure_boot: This app is not signed, but check signature on update is enabled in config. It won't be possible to verify any update.

abort() was called at PC 0x42003624 on core 0


Backtrace: 0x403774be:0x3fceb0d0 0x4037ff99:0x3fceb0f0 0x40388c09:0x3fceb110 0x42003624:0x3fceb180 0x4200364b:0x3fceb210 0x4200312f:0x3fceb230 0x4200313b:0x3fceb250 0x42005bde:0x3fceb280 0x42005c29:0x3fceb2a0 0x42005c93:0x3fceb2c0 0x40376e56:0x3fceb2e0 0x403cc950:0x3fceb340 0x403ccdb5:0x3fceb380 0x403c896d:0x3fceb4b0 0x40045c01:0x3fceb570 0x40043ab6:0x3fceb6f0 0x40034c45:0x3fceb710




ELF file SHA256: 404b1b407

Rebooting...
ESP-ROM:esp32s3-20210327
Build:Mar 27 2021
rst:0xc (RTC_SW_CPU_RST),boot:0x29 (SPI_FAST_FLASH_BOOT)
Saved PC:0x403773f8
SPIWP:0xee
mode:DIO, clock div:1
load:0x3fce2810,len:0x178c
load:0x403c8700,len:0x4
load:0x403c8704,len:0xc10
load:0x403cb700,len:0x2e20
entry 0x403c8904
I (26) boot: ESP-IDF v5.3.1 2nd stage bootloader
I (26) boot: compile time Sep 29 2026 13:01:14
I (26) boot: Multicore bootloader
I (27) boot: chip revision: v0.2
I (27) boot.esp32s3: Boot SPI Speed : 80MHz
I (27) boot.esp32s3: SPI Mode       : DIO
I (27) boot.esp32s3: SPI Flash Size : 8MB
I (27) boot: Enabling RNG early entropy source...
I (28) boot: Partition Table:
I (28) boot: ## Label            Usage          Type ST Offset   Length
I (28) boot:  0 nvs              WiFi data        01 02 00009000 00006000
I (28) boot:  1 otadata          OTA data         01 00 0000f000 00002000
I (29) boot:  2 phy_init         RF data          01 01 00011000 00001000
I (29) boot:  3 nvs_keys         NVS keys         01 04 00012000 00001000
I (30) boot:  4 secret           WiFi data        01 02 00013000 00003000
I (30) boot:  5 factory          factory app      00 00 00020000 00250000
I (30) boot:  6 ota_0            OTA app          00 10 00270000 00250000
I (31) boot:  7 ota_1            OTA app          00 11 004c0000 00250000
I (31) boot: End of partition table
I (32) boot: Defaulting to factory image
I (32) esp_image: segment 0: paddr=00020020 vaddr=3c0c0020 size=39928h (235816) map
I (75) esp_image: segment 1: paddr=00059950 vaddr=3fc9dc00 size=05344h ( 21316) load
I (79) esp_image: segment 2: paddr=0005ec9c vaddr=40374000 size=0137ch (  4988) load
I (81) esp_image: segment 3: paddr=00060020 vaddr=42000020 size=b1edch (728796) map
I (212) esp_image: segment 4: paddr=00111f04 vaddr=4037537c size=18808h (100360) load
I (234) esp_image: segment 5: paddr=0012a714 vaddr=50000000 size=00c8ch (  3212) load
I (235) esp_image: segment 6: paddr=0012b3a8 vaddr=600fe000 size=00100h (   256) load
I (236) esp_image: segment 7: paddr=0012b4b0 vaddr=600fe100 size=00008h (     8) load
I (236) esp_image: segment 8: paddr=0012b4c0 vaddr=00000000 size=04b10h ( 19216) 
I (251) boot: Loaded app from partition at offset 0x20000
I (252) boot: Disabling RNG early entropy source...
I (253) octal_psram: vendor id    : 0x0d (AP)
I (253) octal_psram: dev id       : 0x02 (generation 3)
I (253) octal_psram: density      : 0x03 (64 Mbit)
I (253) octal_psram: good-die     : 0x01 (Pass)
I (254) octal_psram: Latency      : 0x01 (Fixed)
I (254) octal_psram: VCC          : 0x01 (3V)
I (254) octal_psram: SRF          : 0x01 (Fast Refresh)
I (254) octal_psram: BurstType    : 0x01 (Hybrid Wrap)
I (255) octal_psram: BurstLen     : 0x01 (32 Byte)
I (255) octal_psram: Readlatency  : 0x02 (10 cycles@Fixed)
I (255) octal_psram: DriveStrength: 0x00 (1/1)
I (256) MSPI Timing: PSRAM timing tuning index: 4
I (257) esp_psram: Found 8MB PSRAM device
I (257) esp_psram: Speed: 80MHz
I (257) cpu_start: Multicore app
I (266) cpu_start: Pro cpu start user code
I (266) cpu_start: cpu freq: 160000000 Hz
I (267) app_init: Application information:
I (267) app_init: Project name:     skypane
I (267) app_init: App version:      fw-v9.9.8-bench
I (267) app_init: Compile time:     Sep 29 2026 13:01:11
I (267) app_init: ELF file SHA256:  404b1b407...
I (267) app_init: ESP-IDF:          v5.3.1
I (268) efuse_init: Min chip rev:     v0.0
I (268) efuse_init: Max chip rev:     v0.99 
I (268) efuse_init: Chip rev:         v0.2
I (268) heap_init: Initializing. RAM available for dynamic allocation:
I (269) heap_init: At 3FCA97B0 len 0003FF60 (255 KiB): RAM
I (269) heap_init: At 3FCE9710 len 00005724 (21 KiB): RAM
I (269) heap_init: At 3FCF0000 len 00008000 (32 KiB): DRAM
I (269) heap_init: At 600FE108 len 00001EE0 (7 KiB): RTCRAM
I (270) esp_psram: Adding pool of 8192K of PSRAM memory to heap allocator
I (271) spi_flash: detected chip: generic
I (271) spi_flash: flash io: dio
W (271) spi_flash: Detected size(16384k) larger than the size in the binary image header(8192k). Using the size in the binary image header.
E (273) secure_boot_v2: No signatures were found for the running app
E (274) secure_boot: This app is not signed, but check signature on update is enabled in config. It won't be possible to verify any update.

abort() was called at PC 0x42003624 on core 0


Backtrace: 0x403774be:0x3fceb0d0 0x4037ff99:0x3fceb0f0 0x40388c09:0x3fceb110 0x42003624:0x3fceb180 0x4200364b:0x3fceb210 0x4200312f:0x3fceb230 0x4200313b:0x3fceb250 0x42005bde:0x3fceb280 0x42005c29:0x3fceb2a0 0x42005c93:0x3fceb2c0 0x40376e56:0x3fceb2e0 0x403cc950:0x3fceb340 0x403ccdb5:0x3fceb380 0x403c896d:0x3fceb4b0 0x40045c01:0x3fceb570 0x40043ab6:0x3fceb6f0 0x40034c45:0x3fceb710




ELF file SHA256: 404b1b407

Rebooting...
ESP-ROM:esp32s3-20210327
Build:Mar 27 2021
rst:0xc (RTC_SW_CPU_RST),boot:0x29 (SPI_FAST_FLASH_BOOT)
Saved PC:0x403773f8
SPIWP:0xee
mode:DIO, clock div:1
load:0x3fce2810,len:0x178c
load:0x403c8700,len:0x4
load:0x403c8704,len:0xc10
load:0x403cb700,len:0x2e20
entry 0x403c8904
I (26) boot: ESP-IDF v5.3.1 2nd stage bootloader
I (26) boot: compile time Sep 29 2026 13:01:14
I (26) boot: Multicore bootloader
I (27) boot: chip revision: v0.2
I (27) boot.esp32s3: Boot SPI Speed : 80MHz
I (27) boot.esp32s3: SPI Mode       : DIO
I (27) boot.esp32s3: SPI Flash Size : 8MB
I (27) boot: Enabling RNG early entropy source...
I (28) boot: Partition Table:
I (28) boot: ## Label            Usage          Type ST Offset   Length
I (28) boot:  0 nvs              WiFi data        01 02 00009000 00006000
I (28) boot:  1 otadata          OTA data         01 00 0000f000 00002000
I (29) boot:  2 phy_init         RF data          01 01 00011000 00001000
I (29) boot:  3 nvs_keys         NVS keys         01 04 00012000 00001000
I (30) boot:  4 secret           WiFi data        01 02 00013000 00003000
I (30) boot:  5 factory          factory app      00 00 00020000 00250000
I (30) boot:  6 ota_0            OTA app          00 10 00270000 00250000
I (31) boot:  7 ota_1            OTA app          00 11 004c0000 00250000
I (31) boot: End of partition table
I (32) boot: Defaulting to factory image
I (32) esp_image: segment 0: paddr=00020020 vaddr=3c0c0020 size=39928h (235816) map
I (75) esp_image: segment 1: paddr=00059950 vaddr=3fc9dc00 size=05344h ( 21316) load
I (79) esp_image: segment 2: paddr=0005ec9c vaddr=40374000 size=0137ch (  4988) load
I (81) esp_image: segment 3: paddr=00060020 vaddr=42000020 size=b1edch (728796) map
I (212) esp_image: segment 4: paddr=00111f04 vaddr=4037537c size=18808h (100360) load
I (234) esp_image: segment 5: paddr=0012a714 vaddr=50000000 size=00c8ch (  3212) load
I (235) esp_image: segment 6: paddr=0012b3a8 vaddr=600fe000 size=00100h (   256) load
I (236) esp_image: segment 7: paddr=0012b4b0 vaddr=600fe100 size=00008h (     8) load
I (236) esp_image: segment 8: paddr=0012b4c0 vaddr=00000000 size=04b10h ( 19216) 
I (251) boot: Loaded app from partition at offset 0x20000
I (252) boot: Disabling RNG early entropy source...
I (253) octal_psram: vendor id    : 0x0d (AP)
I (253) octal_psram: dev id       : 0x02 (generation 3)
I (253) octal_psram: density      : 0x03 (64 Mbit)
I (253) octal_psram: good-die     : 0x01 (Pass)
I (254) octal_psram: Latency      : 0x01 (Fixed)
I (254) octal_psram: VCC          : 0x01 (3V)
I (254) octal_psram: SRF          : 0x01 (Fast Refresh)
I (254) octal_psram: BurstType    : 0x01 (Hybrid Wrap)
I (255) octal_psram: BurstLen     : 0x01 (32 Byte)
I (255) octal_psram: Readlatency  : 0x02 (10 cycles@Fixed)
I (255) octal_psram: DriveStrength: 0x00 (1/1)
I (256) MSPI Timing: PSRAM timing tuning index: 5
I (256) esp_psram: Found 8MB PSRAM device
I (257) esp_psram: Speed: 80MHz
I (257) cpu_start: Multicore app
I (266) cpu_start: Pro cpu start user code
I (266) cpu_start: cpu freq: 160000000 Hz
I (266) app_init: Application information:
I (267) app_init: Project name:     skypane
I (267) app_init: App version:      fw-v9.9.8-bench
I (267) app_init: Compile time:     Sep 29 2026 13:01:11
I (267) app_init: ELF file SHA256:  404b1b407...
I (267) app_init: ESP-IDF:          v5.3.1
I (267) efuse_init: Min chip rev:     v0.0
I (268) efuse_init: Max chip rev:     v0.99 
I (268) efuse_init: Chip rev:         v0.2
I (268) heap_init: Initializing. RAM available for dynamic allocation:
I (268) heap_init: At 3FCA97B0 len 0003FF60 (255 KiB): RAM
I (269) heap_init: At 3FCE9710 len 00005724 (21 KiB): RAM
I (269) heap_init: At 3FCF0000 len 00008000 (32 KiB): DRAM
I (269) heap_init: At 600FE108 len 00001EE0 (7 KiB): RTCRAM
I (270) esp_psram: Adding pool of 8192K of PSRAM memory to heap allocator
I (271) spi_flash: detected chip: generic
I (271) spi_flash: flash io: dio
W (271) spi_flash: Detected size(16384k) larger than the size in the binary image header(8192k). Using the size in the binary image header.
E (273) secure_boot_v2: No signatures were found for the running app
E (273) secure_boot: This app is not signed, but check signature on update is enabled in config. It won't be possible to verify any update.

abort() was called at PC 0x42003624 on core 0


Backtrace: 0x403774be:0x3fceb0d0 0x4037ff99:0x3fceb0f0 0x40388c09:0x3fceb110 0x42003624:0x3fceb180 0x4200364b:0x3fceb210 0x4200312f:0x3fceb230 0x4200313b:0x3fceb250 0x42005bde:0x3fceb280 0x42005c29:0x3fceb2a0 0x42005c93:0x3fceb2c0 0x40376e56:0x3fceb2e0 0x403cc950:0x3fceb340 0x403ccdb5:0x3fceb380 0x403c896d:0x3fceb4b0 0x40045c01:0x3fceb570 0x40043ab6:0x3fceb6f0 0x40034c45:0x3fceb710




ELF file SHA256: 404b1b407

Rebooting...
ESP-ROM:esp32s3-20210327
Build:Mar 27 2021
rst:0xc (RTC_SW_CPU_RST),boot:0x29 (SPI_FAST_FLASH_BOOT)
Saved PC:0x403773f8
SPIWP:0xee
mode:DIO, clock div:1
load:0x3fce2810,len:0x178c
load:0x403c8700,len:0x4
load:0x403c8704,len:0xc10
load:0x403cb700,len:0x2e20
entry 0x403c8904
I (26) boot: ESP-IDF v5.3.1 2nd stage bootloader
I (26) boot: compile time Sep 29 2026 13:01:14
I (26) boot: Multicore bootloader
I (27) boot: chip revision: v0.2
I (27) boot.esp32s3: Boot SPI Speed : 80MHz
I (27) boot.esp32s3: SPI Mode       : DIO
I (27) boot.esp32s3: SPI Flash Size : 8MB
I (27) boot: Enabling RNG early entropy source...
I (28) boot: Partition Table:
I (28) boot: ## Label            Usage          Type ST Offset   Length
I (28) boot:  0 nvs              WiFi data        01 02 00009000 00006000
I (28) boot:  1 otadata          OTA data         01 00 0000f000 00002000
I (29) boot:  2 phy_init         RF data          01 01 00011000 00001000
I (29) boot:  3 nvs_keys         NVS keys         01 04 00012000 00001000
I (30) boot:  4 secret           WiFi data        01 02 00013000 00003000
I (30) boot:  5 factory          factory app      00 00 00020000 00250000
I (30) boot:  6 ota_0            OTA app          00 10 00270000 00250000
I (31) boot:  7 ota_1            OTA app          00 11 004c0000 00250000
I (31) boot: End of partition table
I (32) boot: Defaulting to factory image
I (32) esp_image: segment 0: paddr=00020020 vaddr=3c0c0020 size=39928h (235816) map
I (75) esp_image: segment 1: paddr=00059950 vaddr=3fc9dc00 size=05344h ( 21316) load
I (79) esp_image: segment 2: paddr=0005ec9c vaddr=40374000 size=0137ch (  4988) load
I (81) esp_image: segment 3: paddr=00060020 vaddr=42000020 size=b1edch (728796) map
I (212) esp_image: segment 4: paddr=00111f04 vaddr=4037537c size=18808h (100360) load
I (234) esp_image: segment 5: paddr=0012a714 vaddr=50000000 size=00c8ch (  3212) load
I (235) esp_image: segment 6: paddr=0012b3a8 vaddr=600fe000 size=00100h (   256) load
I (236) esp_image: segment 7: paddr=0012b4b0 vaddr=600fe100 size=00008h (     8) load
I (236) esp_image: segment 8: paddr=0012b4c0 vaddr=00000000 size=04b10h ( 19216) 
I (251) boot: Loaded app from partition at offset 0x20000
I (251) boot: Disabling RNG early entropy source...
I (253) octal_psram: vendor id    : 0x0d (AP)
I (253) octal_psram: dev id       : 0x02 (generation 3)
I (253) octal_psram: density      : 0x03 (64 Mbit)
I (253) octal_psram: good-die     : 0x01 (Pass)
I (253) octal_psram: Latency      : 0x01 (Fixed)
I (254) octal_psram: VCC          : 0x01 (3V)
I (254) octal_psram: SRF          : 0x01 (Fast Refresh)
I (254) octal_psram: BurstType    : 0x01 (Hybrid Wrap)
I (255) octal_psram: BurstLen     : 0x01 (32 Byte)
I (255) octal_psram: Readlatency  : 0x02 (10 cycles@Fixed)
I (255) octal_psram: DriveStrength: 0x00 (1/1)
I (256) MSPI Timing: PSRAM timing tuning index: 5
I (256) esp_psram: Found 8MB PSRAM device
I (256) esp_psram: Speed: 80MHz
I (257) cpu_start: Multicore app
I (266) cpu_start: Pro cpu start user code
I (266) cpu_start: cpu freq: 160000000 Hz
I (266) app_init: Application information:
I (266) app_init: Project name:     skypane
I (266) app_init: App version:      fw-v9.9.8-bench
I (267) app_init: Compile time:     Sep 29 2026 13:01:11
I (267) app_init: ELF file SHA256:  404b1b407...
I (267) app_init: ESP-IDF:          v5.3.1
I (267) efuse_init: Min chip rev:     v0.0
I (267) efuse_init: Max chip rev:     v0.99 
I (268) efuse_init: Chip rev:         v0.2
I (268) heap_init: Initializing. RAM available for dynamic allocation:
I (268) heap_init: At 3FCA97B0 len 0003FF60 (255 KiB): RAM
I (268) heap_init: At 3FCE9710 len 00005724 (21 KiB): RAM
I (269) heap_init: At 3FCF0000 len 00008000 (32 KiB): DRAM
I (269) heap_init: At 600FE108 len 00001EE0 (7 KiB): RTCRAM
I (269) esp_psram: Adding pool of 8192K of PSRAM memory to heap allocator
I (271) spi_flash: detected chip: generic
I (271) spi_flash: flash io: dio
W (271) spi_flash: Detected size(16384k) larger than the size in the binary image header(8192k). Using the size in the binary image header.
E (273) secure_boot_v2: No signatures were found for the running app
E (273) secure_boot: This app is not signed, but check signature on update is enabled in config. It won't be possible to verify any update.

abort() was called at PC 0x42003624 on core 0


Backtrace: 0x403774be:0x3fceb0d0 0x4037ff99:0x3fceb0f0 0x40388c09:0x3fceb110 0x42003624:0x3fceb180 0x4200364b:0x3fceb210 0x4200312f:0x3fceb230 0x4200313b:0x3fceb250 0x42005bde:0x3fceb280 0x42005c29:0x3fceb2a0 0x42005c93:0x3fceb2c0 0x40376e56:0x3fceb2e0 0x403cc950:0x3fceb340 0x403ccdb5:0x3fceb380 0x403c896d:0x3fceb4b0 0x40045c01:0x3fceb570 0x40043ab6:0x3fceb6f0 0x40034c45:0x3fceb710




ELF file SHA256: 404b1b407

Rebooting...
ESP-ROM:esp32s3-20210327
Build:Mar 27 2021
rst:0xc (RTC_SW_CPU_RST),boot:0x29 (SPI_FAST_FLASH_BOOT)
Saved PC:0x403773f8
SPIWP:0xee
mode:DIO, clock div:1
load:0x3fce2810,len:0x178c
load:0x403c8700,len:0x4
load:0x403c8704,len:0xc10
load:0x403cb700,len:0x2e20
entry 0x403c8904
I (26) boot: ESP-IDF v5.3.1 2nd stage bootloader
I (26) boot: compile time Sep 29 2026 13:01:14
I (26) boot: Multicore bootloader
I (27) boot: chip revision: v0.2
I (27) boot.esp32s3: Boot SPI Speed : 80MHz
I (27) boot.esp32s3: SPI Mode       : DIO
I (27) boot.esp32s3: SPI Flash Size : 8MB
I (27) boot: Enabling RNG early entropy source...
I (28) boot: Partition Table:
I (28) boot: ## Label            Usage          Type ST Offset   Length
I (28) boot:  0 nvs              WiFi data        01 02 00009000 00006000
I (28) boot:  1 otadata          OTA data         01 00 0000f000 00002000
I (29) boot:  2 phy_init         RF data          01 01 00011000 00001000
I (29) boot:  3 nvs_keys         NVS keys         01 04 00012000 00001000
I (30) boot:  4 secret           WiFi data        01 02 00013000 00003000
I (30) boot:  5 factory          factory app      00 00 00020000 00250000
I (30) boot:  6 ota_0            OTA app          00 10 00270000 00250000
I (31) boot:  7 ota_1            OTA app          00 11 004c0000 00250000
I (31) boot: End of partition table
I (32) boot: Defaulting to factory image
I (32) esp_image: segment 0: paddr=00020020 vaddr=3c0c0020 size=39928h (235816) map
I (74) esp_image: segment 1: paddr=00059950 vaddr=3fc9dc00 size=05344h ( 21316) load
I (79) esp_image: segment 2: paddr=0005ec9c vaddr=40374000 size=0137ch (  4988) load
I (81) esp_image: segment 3: paddr=00060020 vaddr=42000020 size=b1edch (728796) map
I (212) esp_image: segment 4: paddr=00111f04 vaddr=4037537c size=18808h (100360) load
I (234) esp_image: segment 5: paddr=0012a714 vaddr=50000000 size=00c8ch (  3212) load
I (235) esp_image: segment 6: paddr=0012b3a8 vaddr=600fe000 size=00100h (   256) load
I (236) esp_image: segment 7: paddr=0012b4b0 vaddr=600fe100 size=00008h (     8) load
I (236) esp_image: segment 8: paddr=0012b4c0 vaddr=00000000 size=04b10h ( 19216) 
I (251) boot: Loaded app from partition at offset 0x20000
I (251) boot: Disabling RNG early entropy source...
I (252) octal_psram: vendor id    : 0x0d (AP)
I (253) octal_psram: dev id       : 0x02 (generation 3)
I (253) octal_psram: density      : 0x03 (64 Mbit)
I (253) octal_psram: good-die     : 0x01 (Pass)
I (253) octal_psram: Latency      : 0x01 (Fixed)
I (254) octal_psram: VCC          : 0x01 (3V)
I (254) octal_psram: SRF          : 0x01 (Fast Refresh)
I (254) octal_psram: BurstType    : 0x01 (Hybrid Wrap)
I (254) octal_psram: BurstLen     : 0x01 (32 Byte)
I (255) octal_psram: Readlatency  : 0x02 (10 cycles@Fixed)
I (255) octal_psram: DriveStrength: 0x00 (1/1)
I (256) MSPI Timing: PSRAM timing tuning index: 4
I (256) esp_psram: Found 8MB PSRAM device
I (256) esp_psram: Speed: 80MHz
I (257) cpu_start: Multicore app
I (266) cpu_start: Pro cpu start user code
I (266) cpu_start: cpu freq: 160000000 Hz
I (266) app_init: Application information:
I (266) app_init: Project name:     skypane
I (266) app_init: App version:      fw-v9.9.8-bench
I (267) app_init: Compile time:     Sep 29 2026 13:01:11
I (267) app_init: ELF file SHA256:  404b1b407...
I (267) app_init: ESP-IDF:          v5.3.1
I (267) efuse_init: Min chip rev:     v0.0
I (267) efuse_init: Max chip rev:     v0.99 
I (267) efuse_init: Chip rev:         v0.2
I (268) heap_init: Initializing. RAM available for dynamic allocation:
I (268) heap_init: At 3FCA97B0 len 0003FF60 (255 KiB): RAM
I (268) heap_init: At 3FCE9710 len 00005724 (21 KiB): RAM
I (269) heap_init: At 3FCF0000 len 00008000 (32 KiB): DRAM
I (269) heap_init: At 600FE108 len 00001EE0 (7 KiB): RTCRAM
I (269) esp_psram: Adding pool of 8192K of PSRAM memory to heap allocator
I (270) spi_flash: detected chip: generic
I (271) spi_flash: flash io: dio
W (271) spi_flash: Detected size(16384k) larger than the size in the binary image header(8192k). Using the size in the binary image header.
E (273) secure_boot_v2: No signatures were found for the running app
E (273) secure_boot: This app is not signed, but check signature on update is enabled in config. It won't be possible to verify any update.

abort() was called at PC 0x42003624 on core 0


Backtrace: 0x403774be:0x3fceb0d0 0x4037ff99:0x3fceb0f0 0x40388c09:0x3fceb110 0x42003624:0x3fceb180 0x4200364b:0x3fceb210 0x4200312f:0x3fceb230 0x4200313b:0x3fceb250 0x42005bde:0x3fceb280 0x42005c29:0x3fceb2a0 0x42005c93:0x3fceb2c0 0x40376e56:0x3fceb2e0 0x403cc950:0x3fceb340 0x403ccdb5:0x3fceb380 0x403c896d:0x3fceb4b0 0x40045c01:0x3fceb570 0x40043ab6:0x3fceb6f0 0x40034c45:0x3fceb710




ELF file SHA256: 404b1b407

Rebooting...
ESP-ROM:esp32s3-20210327
Build:Mar 27 2021
rst:0xc (RTC_SW_CPU_RST),boot:0x29 (SPI_FAST_FLASH_BOOT)
Saved PC:0x403773f8
SPIWP:0xee
mode:DIO, clock div:1
load:0x3fce2810,len:0x178c
load:0x403c8700,len:0x4
load:0x403c8704,len:0xc10
load:0x403cb700,len:0x2e20
entry 0x403c8904
I (26) boot: ESP-IDF v5.3.1 2nd stage bootloader
I (26) boot: compile time Sep 29 2026 13:01:14
I (26) boot: Multicore bootloader
I (27) boot: chip revision: v0.2
I (27) boot.esp32s3: Boot SPI Speed : 80MHz
I (27) boot.esp32s3: SPI Mode       : DIO
I (27) boot.esp32s3: SPI Flash Size : 8MB
I (27) boot: Enabling RNG early entropy source...
I (28) boot: Partition Table:
I (28) boot: ## Label            Usage          Type ST Offset   Length
I (28) boot:  0 nvs              WiFi data        01 02 00009000 00006000
I (28) boot:  1 otadata          OTA data         01 00 0000f000 00002000
I (29) boot:  2 phy_init         RF data          01 01 00011000 00001000
I (29) boot:  3 nvs_keys         NVS keys         01 04 00012000 00001000
I (30) boot:  4 secret           WiFi data        01 02 00013000 00003000
I (30) boot:  5 factory          factory app      00 00 00020000 00250000
I (30) boot:  6 ota_0            OTA app          00 10 00270000 00250000
I (31) boot:  7 ota_1            OTA app          00 11 004c0000 00250000
I (31) boot: End of partition table
I (32) boot: Defaulting to factory image
I (32) esp_image: segment 0: paddr=00020020 vaddr=3c0c0020 size=39928h (235816) map
I (75) esp_image: segment 1: paddr=00059950 vaddr=3fc9dc00 size=05344h ( 21316) load
I (79) esp_image: segment 2: paddr=0005ec9c vaddr=40374000 size=0137ch (  4988) load
I (81) esp_image: segment 3: paddr=00060020 vaddr=42000020 size=b1edch (728796) map
I (212) esp_image: segment 4: paddr=00111f04 vaddr=4037537c size=18808h (100360) load
I (234) esp_image: segment 5: paddr=0012a714 vaddr=50000000 size=00c8ch (  3212) load
I (235) esp_image: segment 6: paddr=0012b3a8 vaddr=600fe000 size=00100h (   256) load
I (236) esp_image: segment 7: paddr=0012b4b0 vaddr=600fe100 size=00008h (     8) load
I (236) esp_image: segment 8: paddr=0012b4c0 vaddr=00000000 size=04b10h ( 19216) 
I (251) boot: Loaded app from partition at offset 0x20000
I (251) boot: Disabling RNG early entropy source...
I (253) octal_psram: vendor id    : 0x0d (AP)
I (253) octal_psram: dev id       : 0x02 (generation 3)
I (253) octal_psram: density      : 0x03 (64 Mbit)
I (253) octal_psram: good-die     : 0x01 (Pass)
I (253) octal_psram: Latency      : 0x01 (Fixed)
I (254) octal_psram: VCC          : 0x01 (3V)
I (254) octal_psram: SRF          : 0x01 (Fast Refresh)
I (254) octal_psram: BurstType    : 0x01 (Hybrid Wrap)
I (255) octal_psram: BurstLen     : 0x01 (32 Byte)
I (255) octal_psram: Readlatency  : 0x02 (10 cycles@Fixed)
I (255) octal_psram: DriveStrength: 0x00 (1/1)
I (256) MSPI Timing: PSRAM timing tuning index: 5
I (256) esp_psram: Found 8MB PSRAM device
I (256) esp_psram: Speed: 80MHz
I (257) cpu_start: Multicore app
I (266) cpu_start: Pro cpu start user code
I (266) cpu_start: cpu freq: 160000000 Hz
I (266) app_init: Application information:
I (266) app_init: Project name:     skypane
I (266) app_init: App version:      fw-v9.9.8-bench
I (267) app_init: Compile time:     Sep 29 2026 13:01:11
I (267) app_init: ELF file SHA256:  404b1b407...
I (267) app_init: ESP-IDF:          v5.3.1
I (267) efuse_init: Min chip rev:     v0.0
I (267) efuse_init: Max chip rev:     v0.99 
I (268) efuse_init: Chip rev:         v0.2
I (268) heap_init: Initializing. RAM available for dynamic allocation:
I (268) heap_init: At 3FCA97B0 len 0003FF60 (255 KiB): RAM
I (268) heap_init: At 3FCE9710 len 00005724 (21 KiB): RAM
I (269) heap_init: At 3FCF0000 len 00008000 (32 KiB): DRAM
I (269) heap_init: At 600FE108 len 00001EE0 (7 KiB): RTCRAM
I (269) esp_psram: Adding pool of 8192K of PSRAM memory to heap allocator
I (271) spi_flash: detected chip: generic
I (271) spi_flash: flash io: dio
W (271) spi_flash: Detected size(16384k) larger than the size in the binary image header(8192k). Using the size in the binary image header.
E (273) secure_boot_v2: No signatures were found for the running app
E (273) secure_boot: This app is not signed, but check signature on update is enabled in config. It won't be possible to verify any update.

abort() was called at PC 0x42003624 on core 0


Backtrace: 0x403774be:0x3fceb0d0 0x4037ff99:0x3fceb0f0 0x40388c09:0x3fceb110 0x42003624:0x3fceb180 0x4200364b:0x3fceb210 0x4200312f:0x3fceb230 0x4200313b:0x3fceb250 0x42005bde:0x3fceb280 0x42005c29:0x3fceb2a0 0x42005c93:0x3fceb2c0 0x40376e56:0x3fceb2e0 0x403cc950:0x3fceb340 0x403ccdb5:0x3fceb380 0x403c896d:0x3fceb4b0 0x40045c01:0x3fceb570 0x40043ab6:0x3fceb6f0 0x40034c45:0x3fceb710




ELF file SHA256: 404b1b407

Rebooting...
ESP-ROM:esp32s3-20210327
Build:Mar 27 2021
rst:0xc (RTC_SW_CPU_RST),boot:0x29 (SPI_FAST_FLASH_BOOT)
Saved PC:0x403773f8
SPIWP:0xee
mode:DIO, clock div:1
load:0x3fce2810,len:0x178c
load:0x403c8700,len:0x4
load:0x403c8704,len:0xc10
load:0x403cb700,len:0x2e20
entry 0x403c8904
I (26) boot: ESP-IDF v5.3.1 2nd stage bootloader
I (26) boot: compile time Sep 29 2026 13:01:14
I (26) boot: Multicore bootloader
I (27) boot: chip revision: v0.2
I (27) boot.esp32s3: Boot SPI Speed : 80MHz
I (27) boot.esp32s3: SPI Mode       : DIO
I (27) boot.esp32s3: SPI Flash Size : 8MB
I (27) boot: Enabling RNG early entropy source...
I (28) boot: Partition Table:
I (28) boot: ## Label            Usage          Type ST Offset   Length
I (28) boot:  0 nvs              WiFi data        01 02 00009000 00006000
I (28) boot:  1 otadata          OTA data         01 00 0000f000 00002000
I (29) boot:  2 phy_init         RF data          01 01 00011000 00001000
I (29) boot:  3 nvs_keys         NVS keys         01 04 00012000 00001000
I (30) boot:  4 secret           WiFi data        01 02 00013000 00003000
I (30) boot:  5 factory          factory app      00 00 00020000 00250000
I (30) boot:  6 ota_0            OTA app          00 10 00270000 00250000
I (31) boot:  7 ota_1            OTA app          00 11 004c0000 00250000
I (31) boot: End of partition table
I (32) boot: Defaulting to factory image
I (32) esp_image: segment 0: paddr=00020020 vaddr=3c0c0020 size=39928h (235816) map
I (75) esp_image: segment 1: paddr=00059950 vaddr=3fc9dc00 size=05344h ( 21316) load
I (79) esp_image: segment 2: paddr=0005ec9c vaddr=40374000 size=0137ch (  4988) load
I (81) esp_image: segment 3: paddr=00060020 vaddr=42000020 size=b1edch (728796) map
I (212) esp_image: segment 4: paddr=00111f04 vaddr=4037537c size=18808h (100360) load
I (234) esp_image: segment 5: paddr=0012a714 vaddr=50000000 size=00c8ch (  3212) load
I (235) esp_image: segment 6: paddr=0012b3a8 vaddr=600fe000 size=00100h (   256) load
I (236) esp_image: segment 7: paddr=0012b4b0 vaddr=600fe100 size=00008h (     8) load
I (236) esp_image: segment 8: paddr=0012b4c0 vaddr=00000000 size=04b10h ( 19216) 
I (251) boot: Loaded app from partition at offset 0x20000
I (251) boot: Disabling RNG early entropy source...
I (253) octal_psram: vendor id    : 0x0d (AP)
I (253) octal_psram: dev id       : 0x02 (generation 3)
I (253) octal_psram: density      : 0x03 (64 Mbit)
I (253) octal_psram: good-die     : 0x01 (Pass)
I (253) octal_psram: Latency      : 0x01 (Fixed)
I (254) octal_psram: VCC          : 0x01 (3V)
I (254) octal_psram: SRF          : 0x01 (Fast Refresh)
I (254) octal_psram: BurstType    : 0x01 (Hybrid Wrap)
I (255) octal_psram: BurstLen     : 0x01 (32 Byte)
I (255) octal_psram: Readlatency  : 0x02 (10 cycles@Fixed)
I (255) octal_psram: DriveStrength: 0x00 (1/1)
I (256) MSPI Timing: PSRAM timing tuning index: 5
I (256) esp_psram: Found 8MB PSRAM device
I (257) esp_psram: Speed: 80MHz
I (257) cpu_start: Multicore app
I (266) cpu_start: Pro cpu start user code
I (266) cpu_start: cpu freq: 160000000 Hz
I (266) app_init: Application information:
I (266) app_init: Project name:     skypane
I (267) app_init: App version:      fw-v9.9.8-bench
I (267) app_init: Compile time:     Sep 29 2026 13:01:11
I (267) app_init: ELF file SHA256:  404b1b407...
I (267) app_init: ESP-IDF:          v5.3.1
I (267) efuse_init: Min chip rev:     v0.0
I (268) efuse_init: Max chip rev:     v0.99 
I (268) efuse_init: Chip rev:         v0.2
I (268) heap_init: Initializing. RAM available for dynamic allocation:
I (268) heap_init: At 3FCA97B0 len 0003FF60 (255 KiB): RAM
I (269) heap_init: At 3FCE9710 len 00005724 (21 KiB): RAM
I (269) heap_init: At 3FCF0000 len 00008000 (32 KiB): DRAM
I (269) heap_init: At 600FE108 len 00001EE0 (7 KiB): RTCRAM
I (270) esp_psram: Adding pool of 8192K of PSRAM memory to heap allocator
I (271) spi_flash: detected chip: generic
I (271) spi_flash: flash io: dio
W (271) spi_flash: Detected size(16384k) larger than the size in the binary image header(8192k). Using the size in the binary image header.
E (273) secure_boot_v2: No signatures were found for the running app
E (273) secure_boot: This app is not signed, but check signature on update is enabled in config. It won't be possible to verify any update.

abort() was called at PC 0x42003624 on core 0


Backtrace: 0x403774be:0x3fceb0d0 0x4037ff99:0x3fceb0f0 0x40388c09:0x3fceb110 0x42003624:0x3fceb180 0x4200364b:0x3fceb210 0x4200312f:0x3fceb230 0x4200313b:0x3fceb250 0x42005bde:0x3fceb280 0x42005c29:0x3fceb2a0 0x42005c93:0x3fceb2c0 0x40376e56:0x3fceb2e0 0x403cc950:0x3fceb340 0x403ccdb5:0x3fceb380 0x403c896d:0x3fceb4b0 0x40045c01:0x3fceb570 0x40043ab6:0x3fceb6f0 0x40034c45:0x3fceb710




ELF file SHA256: 404b1b407

Rebooting...
ESP-ROM:esp32s3-20210327
Build:Mar 27 2021
rst:0xc (RTC_SW_CPU_RST),boot:0x29 (SPI_FAST_FLASH_BOOT)
Saved PC:0x403773f8
SPIWP:0xee
mode:DIO, clock div:1
load:0x3fce2810,len:0x178c
load:0x403c8700,len:0x4
load:0x403c8704,len:0xc10
load:0x403cb700,len:0x2e20
entry 0x403c8904
I (26) boot: ESP-IDF v5.3.1 2nd stage bootloader
I (26) boot: compile time Sep 29 2026 13:01:14
I (26) boot: Multicore bootloader
I (27) boot: chip revision: v0.2
I (27) boot.esp32s3: Boot SPI Speed : 80MHz
I (27) boot.esp32s3: SPI Mode       : DIO
I (27) boot.esp32s3: SPI Flash Size : 8MB
I (27) boot: Enabling RNG early entropy source...
I (28) boot: Partition Table:
I (28) boot: ## Label            Usage          Type ST Offset   Length
I (28) boot:  0 nvs              WiFi data        01 02 00009000 00006000
I (29) boot:  1 otadata          OTA data         01 00 0000f000 00002000
I (29) boot:  2 phy_init         RF data          01 01 00011000 00001000
I (29) boot:  3 nvs_keys         NVS keys         01 04 00012000 00001000
I (30) boot:  4 secret           WiFi data        01 02 00013000 00003000
I (30) boot:  5 factory          factory app      00 00 00020000 00250000
I (31) boot:  6 ota_0            OTA app          00 10 00270000 00250000
I (31) boot:  7 ota_1            OTA app          00 11 004c0000 00250000
I (31) boot: End of partition table
I (32) boot: Defaulting to factory image
I (32) esp_image: segment 0: paddr=00020020 vaddr=3c0c0020 size=39928h (235816) map
I (75) esp_image: segment 1: paddr=00059950 vaddr=3fc9dc00 size=05344h ( 21316) load
I (79) esp_image: segment 2: paddr=0005ec9c vaddr=40374000 size=0137ch (  4988) load
I (81) esp_image: segment 3: paddr=00060020 vaddr=42000020 size=b1edch (728796) map
I (212) esp_image: segment 4: paddr=00111f04 vaddr=4037537c size=18808h (100360) load
I (234) esp_image: segment 5: paddr=0012a714 vaddr=50000000 size=00c8ch (  3212) load
I (235) esp_image: segment 6: paddr=0012b3a8 vaddr=600fe000 size=00100h (   256) load
I (236) esp_image: segment 7: paddr=0012b4b0 vaddr=600fe100 size=00008h (     8) load
I (236) esp_image: segment 8: paddr=0012b4c0 vaddr=00000000 size=04b10h ( 19216) 
I (251) boot: Loaded app from partition at offset 0x20000
I (252) boot: Disabling RNG early entropy source...
I (253) octal_psram: vendor id    : 0x0d (AP)
I (253) octal_psram: dev id       : 0x02 (generation 3)
I (253) octal_psram: density      : 0x03 (64 Mbit)
I (253) octal_psram: good-die     : 0x01 (Pass)
I (254) octal_psram: Latency      : 0x01 (Fixed)
I (254) octal_psram: VCC          : 0x01 (3V)
I (254) octal_psram: SRF          : 0x01 (Fast Refresh)
I (254) octal_psram: BurstType    : 0x01 (Hybrid Wrap)
I (255) octal_psram: BurstLen     : 0x01 (32 Byte)
I (255) octal_psram: Readlatency  : 0x02 (10 cycles@Fixed)
I (255) octal_psram: DriveStrength: 0x00 (1/1)
I (256) MSPI Timing: PSRAM timing tuning index: 5
I (256) esp_psram: Found 8MB PSRAM device
I (257) esp_psram: Speed: 80MHz
I (257) cpu_start: Multicore app
I (266) cpu_start: Pro cpu start user code
I (266) cpu_start: cpu freq: 160000000 Hz
I (266) app_init: Application information:
I (266) app_init: Project name:     skypane
I (267) app_init: App version:      fw-v9.9.8-bench
I (267) app_init: Compile time:     Sep 29 2026 13:01:11
I (267) app_init: ELF file SHA256:  404b1b407...
I (267) app_init: ESP-IDF:          v5.3.1
I (267) efuse_init: Min chip rev:     v0.0
I (268) efuse_init: Max chip rev:     v0.99 
I (268) efuse_init: Chip rev:         v0.2
I (268) heap_init: Initializing. RAM available for dynamic allocation:
I (268) heap_init: At 3FCA97B0 len 0003FF60 (255 KiB): RAM
I (268) heap_init: At 3FCE9710 len 00005724 (21 KiB): RAM
I (269) heap_init: At 3FCF0000 len 00008000 (32 KiB): DRAM
I (269) heap_init: At 600FE108 len 00001EE0 (7 KiB): RTCRAM
I (269) esp_psram: Adding pool of 8192K of PSRAM memory to heap allocator
I (271) spi_flash: detected chip: generic
I (271) spi_flash: flash io: dio
W (271) spi_flash: Detected size(16384k) larger than the size in the binary image header(8192k). Using the size in the binary image header.
E (273) secure_boot_v2: No signatures were found for the running app
E (273) secure_boot: This app is not signed, but check signature on update is enabled in config. It won't be possible to verify any update.

abort() was called at PC 0x42003624 on core 0


Backtrace: 0x403774be:0x3fceb0d0 0x4037ff99:0x3fceb0f0 0x40388c09:0x3fceb110 0x42003624:0x3fceb180 0x4200364b:0x3fceb210 0x4200312f:0x3fceb230 0x4200313b:0x3fceb250 0x42005bde:0x3fceb280 0x42005c29:0x3fceb2a0 0x42005c93:0x3fceb2c0 0x40376e56:0x3fceb2e0 0x403cc950:0x3fceb340 0x403ccdb5:0x3fceb380 0x403c896d:0x3fceb4b0 0x40045c01:0x3fceb570 0x40043ab6:0x3fceb6f0 0x40034c45:0x3fceb710




ELF file SHA256: 404b1b407

Rebooting...
ESP-ROM:esp32s3-20210327
Build:Mar 27 2021
rst:0xc (RTC_SW_CPU_RST),boot:0x29 (SPI_FAST_FLASH_BOOT)
Saved PC:0x403773f8
SPIWP:0xee
mode:DIO, clock div:1
load:0x3fce2810,len:0x178c
load:0x403c8700,len:0x4
load:0x403c8704,len:0xc10
load:0x403cb700,len:0x2e20
entry 0x403c8904
I (26) boot: ESP-IDF v5.3.1 2nd stage bootloader
I (26) boot: compile time Sep 29 2026 13:01:14
I (26) boot: Multicore bootloader
I (27) boot: chip revision: v0.2
I (27) boot.esp32s3: Boot SPI Speed : 80MHz
I (27) boot.esp32s3: SPI Mode       : DIO
I (27) boot.esp32s3: SPI Flash Size : 8MB
I (27) boot: Enabling RNG early entropy source...
I (28) boot: Partition Table:
I (28) boot: ## Label            Usage          Type ST Offset   Length
I (28) boot:  0 nvs              WiFi data        01 02 00009000 00006000
I (28) boot:  1 otadata          OTA data         01 00 0000f000 00002000
I (29) boot:  2 phy_init         RF data          01 01 00011000 00001000
I (29) boot:  3 nvs_keys         NVS keys         01 04 00012000 00001000
I (30) boot:  4 secret           WiFi data        01 02 00013000 00003000
I (30) boot:  5 factory          factory app      00 00 00020000 00250000
I (30) boot:  6 ota_0            OTA app          00 10 00270000 00250000
I (31) boot:  7 ota_1            OTA app          00 11 004c0000 00250000
I (31) boot: End of partition table
I (32) boot: Defaulting to factory image
I (32) esp_image: segment 0: paddr=00020020 vaddr=3c0c0020 size=39928h (235816) map
I (75) esp_image: segment 1: paddr=00059950 vaddr=3fc9dc00 size=05344h ( 21316) load
I (79) esp_image: segment 2: paddr=0005ec9c vaddr=40374000 size=0137ch (  4988) load
I (81) esp_image: segment 3: paddr=00060020 vaddr=42000020 size=b1edch (728796) map
I (212) esp_image: segment 4: paddr=00111f04 vaddr=4037537c size=18808h (100360) load
I (234) esp_image: segment 5: paddr=0012a714 vaddr=50000000 size=00c8ch (  3212) load
I (235) esp_image: segment 6: paddr=0012b3a8 vaddr=600fe000 size=00100h (   256) load
I (236) esp_image: segment 7: paddr=0012b4b0 vaddr=600fe100 size=00008h (     8) load
I (236) esp_image: segment 8: paddr=0012b4c0 vaddr=00000000 size=04b10h ( 19216) 
I (251) boot: Loaded app from partition at offset 0x20000
I (251) boot: Disabling RNG early entropy source...
I (253) octal_psram: vendor id    : 0x0d (AP)
I (253) octal_psram: dev id       : 0x02 (generation 3)
I (253) octal_psram: density      : 0x03 (64 Mbit)
I (253) octal_psram: good-die     : 0x01 (Pass)
I (253) octal_psram: Latency      : 0x01 (Fixed)
I (254) octal_psram: VCC          : 0x01 (3V)
I (254) octal_psram: SRF          : 0x01 (Fast Refresh)
I (254) octal_psram: BurstType    : 0x01 (Hybrid Wrap)
I (255) octal_psram: BurstLen     : 0x01 (32 Byte)
I (255) octal_psram: Readlatency  : 0x02 (10 cycles@Fixed)
I (255) octal_psram: DriveStrength: 0x00 (1/1)
I (256) MSPI Timing: PSRAM timing tuning index: 5
I (256) esp_psram: Found 8MB PSRAM device
I (256) esp_psram: Speed: 80MHz
I (257) cpu_start: Multicore app
I (266) cpu_start: Pro cpu start user code
I (266) cpu_start: cpu freq: 160000000 Hz
I (266) app_init: Application information:
I (266) app_init: Project name:     skypane
I (266) app_init: App version:      fw-v9.9.8-bench
I (267) app_init: Compile time:     Sep 29 2026 13:01:11
I (267) app_init: ELF file SHA256:  404b1b407...
I (267) app_init: ESP-IDF:          v5.3.1
I (267) efuse_init: Min chip rev:     v0.0
I (267) efuse_init: Max chip rev:     v0.99 
I (268) efuse_init: Chip rev:         v0.2
I (268) heap_init: Initializing. RAM available for dynamic allocation:
I (268) heap_init: At 3FCA97B0 len 0003FF60 (255 KiB): RAM
I (268) heap_init: At 3FCE9710 len 00005724 (21 KiB): RAM
I (269) heap_init: At 3FCF0000 len 00008000 (32 KiB): DRAM
I (269) heap_init: At 600FE108 len 00001EE0 (7 KiB): RTCRAM
I (269) esp_psram: Adding pool of 8192K of PSRAM memory to heap allocator
I (271) spi_flash: detected chip: generic
I (271) spi_flash: flash io: dio
W (271) spi_flash: Detected size(16384k) larger than the size in the binary image header(8192k). Using the size in the binary image header.
E (273) secure_boot_v2: No signatures were found for the running app
E (273) secure_boot: This app is not signed, but check signature on update is enabled in config. It won't be possible to verify any update.

abort() was called at PC 0x42003624 on core 0


Backtrace: 0x403774be:0x3fceb0d0 0x4037ff99:0x3fceb0f0 0x40388c09:0x3fceb110 0x42003624:0x3fceb180 0x4200364b:0x3fceb210 0x4200312f:0x3fceb230 0x4200313b:0x3fceb250 0x42005bde:0x3fceb280 0x42005c29:0x3fceb2a0 0x42005c93:0x3fceb2c0 0x40376e56:0x3fceb2e0 0x403cc950:0x3fceb340 0x403ccdb5:0x3fceb380 0x403c896d:0x3fceb4b0 0x40045c01:0x3fceb570 0x40043ab6:0x3fceb6f0 0x40034c45:0x3fceb710




ELF file SHA256: 404b1b407

Rebooting...
ESP-ROM:esp32s3-20210327
Build:Mar 27 2021
rst:0xc (RTC_SW_CPU_RST),boot:0x29 (SPI_FAST_FLASH_BOOT)
Saved PC:0x403773f8
SPIWP:0xee
mode:DIO, clock div:1
load:0x3fce2810,len:0x178c
load:0x403c8700,len:0x4
load:0x403c8704,len:0xc10
load:0x403cb700,len:0x2e20
entry 0x403c8904
I (26) boot: ESP-IDF v5.3.1 2nd stage bootloader
I (26) boot: compile time Sep 29 2026 13:01:14
I (26) boot: Multicore bootloader
I (27) boot: chip revision: v0.2
I (27) boot.esp32s3: Boot SPI Speed : 80MHz
I (27) boot.esp32s3: SPI Mode       : DIO
I (27) boot.esp32s3: SPI Flash Size : 8MB
I (27) boot: Enabling RNG early entropy source...
I (28) boot: Partition Table:
I (28) boot: ## Label            Usage          Type ST Offset   Length
I (28) boot:  0 nvs              WiFi data        01 02 00009000 00006000
I (29) boot:  1 otadata          OTA data         01 00 0000f000 00002000
I (29) boot:  2 phy_init         RF data          01 01 00011000 00001000
I (29) boot:  3 nvs_keys         NVS keys         01 04 00012000 00001000
I (30) boot:  4 secret           WiFi data        01 02 00013000 00003000
I (30) boot:  5 factory          factory app      00 00 00020000 00250000
I (31) boot:  6 ota_0            OTA app          00 10 00270000 00250000
I (31) boot:  7 ota_1            OTA app          00 11 004c0000 00250000
I (31) boot: End of partition table
I (32) boot: Defaulting to factory image
I (32) esp_image: segment 0: paddr=00020020 vaddr=3c0c0020 size=39928h (235816) map
I (75) esp_image: segment 1: paddr=00059950 vaddr=3fc9dc00 size=05344h ( 21316) load
I (79) esp_image: segment 2: paddr=0005ec9c vaddr=40374000 size=0137ch (  4988) load
I (81) esp_image: segment 3: paddr=00060020 vaddr=42000020 size=b1edch (728796) map
I (212) esp_image: segment 4: paddr=00111f04 vaddr=4037537c size=18808h (100360) load
I (234) esp_image: segment 5: paddr=0012a714 vaddr=50000000 size=00c8ch (  3212) load
I (235) esp_image: segment 6: paddr=0012b3a8 vaddr=600fe000 size=00100h (   256) load
I (236) esp_image: segment 7: paddr=0012b4b0 vaddr=600fe100 size=00008h (     8) load
I (236) esp_image: segment 8: paddr=0012b4c0 vaddr=00000000 size=04b10h ( 19216) 
I (251) boot: Loaded app from partition at offset 0x20000
I (252) boot: Disabling RNG early entropy source...
I (253) octal_psram: vendor id    : 0x0d (AP)
I (253) octal_psram: dev id       : 0x02 (generation 3)
I (253) octal_psram: density      : 0x03 (64 Mbit)
I (253) octal_psram: good-die     : 0x01 (Pass)
I (254) octal_psram: Latency      : 0x01 (Fixed)
I (254) octal_psram: VCC          : 0x01 (3V)
I (254) octal_psram: SRF          : 0x01 (Fast Refresh)
I (254) octal_psram: BurstType    : 0x01 (Hybrid Wrap)
I (255) octal_psram: BurstLen     : 0x01 (32 Byte)
I (255) octal_psram: Readlatency  : 0x02 (10 cycles@Fixed)
I (255) octal_psram: DriveStrength: 0x00 (1/1)
I (256) MSPI Timing: PSRAM timing tuning index: 4
I (256) esp_psram: Found 8MB PSRAM device
I (257) esp_psram: Speed: 80MHz
I (257) cpu_start: Multicore app
I (266) cpu_start: Pro cpu start user code
I (266) cpu_start: cpu freq: 160000000 Hz
I (266) app_init: Application information:
I (266) app_init: Project name:     skypane
I (267) app_init: App version:      fw-v9.9.8-bench
I (267) app_init: Compile time:     Sep 29 2026 13:01:11
I (267) app_init: ELF file SHA256:  404b1b407...
I (267) app_init: ESP-IDF:          v5.3.1
I (267) efuse_init: Min chip rev:     v0.0
I (268) efuse_init: Max chip rev:     v0.99 
I (268) efuse_init: Chip rev:         v0.2
I (268) heap_init: Initializing. RAM available for dynamic allocation:
I (268) heap_init: At 3FCA97B0 len 0003FF60 (255 KiB): RAM
I (269) heap_init: At 3FCE9710 len 00005724 (21 KiB): RAM
I (269) heap_init: At 3FCF0000 len 00008000 (32 KiB): DRAM
I (269) heap_init: At 600FE108 len 00001EE0 (7 KiB): RTCRAM
I (270) esp_psram: Adding pool of 8192K of PSRAM memory to heap allocator
I (271) spi_flash: detected chip: generic
I (271) spi_flash: flash io: dio
W (271) spi_flash: Detected size(16384k) larger than the size in the binary image header(8192k). Using the size in the binary image header.
E (273) secure_boot_v2: No signatures were found for the running app
E (274) secure_boot: This app is not signed, but check signature on update is enabled in config. It won't be possible to verify any update.

abort() was called at PC 0x42003624 on core 0


Backtrace: 0x403774be:0x3fceb0d0 0x4037ff99:0x3fceb0f0 0x40388c09:0x3fceb110 0x42003624:0x3fceb180 0x4200364b:0x3fceb210 0x4200312f:0x3fceb230 0x4200313b:0x3fceb250 0x42005bde:0x3fceb280 0x42005c29:0x3fceb2a0 0x42005c93:0x3fceb2c0 0x40376e56:0x3fceb2e0 0x403cc950:0x3fceb340 0x403ccdb5:0x3fceb380 0x403c896d:0x3fceb4b0 0x40045c01:0x3fceb570 0x40043ab6:0x3fceb6f0 0x40034c45:0x3fceb710




ELF file SHA256: 404b1b407

Rebooting...
ESP-ROM:esp32s3-20210327
Build:Mar 27 2021
rst:0xc (RTC_SW_CPU_RST),boot:0x29 (SPI_FAST_FLASH_BOOT)
Saved PC:0x403773f8
SPIWP:0xee
mode:DIO, clock div:1
load:0x3fce2810,len:0x178c
load:0x403c8700,len:0x4
load:0x403c8704,len:0xc10
load:0x403cb700,len:0x2e20
entry 0x403c8904
I (26) boot: ESP-IDF v5.3.1 2nd stage bootloader
I (26) boot: compile time Sep 29 2026 13:01:14
I (26) boot: Multicore bootloader
I (27) boot: chip revision: v0.2
I (27) boot.esp32s3: Boot SPI Speed : 80MHz
I (27) boot.esp32s3: SPI Mode       : DIO
I (27) boot.esp32s3: SPI Flash Size : 8MB
I (27) boot: Enabling RNG early entropy source...
I (28) boot: Partition Table:
I (28) boot: ## Label            Usage          Type ST Offset   Length
I (28) boot:  0 nvs              WiFi data        01 02 00009000 00006000
I (29) boot:  1 otadata          OTA data         01 00 0000f000 00002000
I (29) boot:  2 phy_init         RF data          01 01 00011000 00001000
I (29) boot:  3 nvs_keys         NVS keys         01 04 00012000 00001000
I (30) boot:  4 secret           WiFi data        01 02 00013000 00003000
I (30) boot:  5 factory          factory app      00 00 00020000 00250000
I (31) boot:  6 ota_0            OTA app          00 10 00270000 00250000
I (31) boot:  7 ota_1            OTA app          00 11 004c0000 00250000
I (31) boot: End of partition table
I (32) boot: Defaulting to factory image
I (32) esp_image: segment 0: paddr=00020020 vaddr=3c0c0020 size=39928h (235816) map
I (75) esp_image: segment 1: paddr=00059950 vaddr=3fc9dc00 size=05344h ( 21316) load
I (79) esp_image: segment 2: paddr=0005ec9c vaddr=40374000 size=0137ch (  4988) load
I (81) esp_image: segment 3: paddr=00060020 vaddr=42000020 size=b1edch (728796) map
I (212) esp_image: segment 4: paddr=00111f04 vaddr=4037537c size=18808h (100360) load
I (234) esp_image: segment 5: paddr=0012a714 vaddr=50000000 size=00c8ch (  3212) load
I (235) esp_image: segment 6: paddr=0012b3a8 vaddr=600fe000 size=00100h (   256) load
I (236) esp_image: segment 7: paddr=0012b4b0 vaddr=600fe100 size=00008h (     8) load
I (236) esp_image: segment 8: paddr=0012b4c0 vaddr=00000000 size=04b10h ( 19216) 
I (251) boot: Loaded app from partition at offset 0x20000
I (252) boot: Disabling RNG early entropy source...
I (253) octal_psram: vendor id    : 0x0d (AP)
I (253) octal_psram: dev id       : 0x02 (generation 3)
I (253) octal_psram: density      : 0x03 (64 Mbit)
I (253) octal_psram: good-die     : 0x01 (Pass)
I (254) octal_psram: Latency      : 0x01 (Fixed)
I (254) octal_psram: VCC          : 0x01 (3V)
I (254) octal_psram: SRF          : 0x01 (Fast Refresh)
I (254) octal_psram: BurstType    : 0x01 (Hybrid Wrap)
I (255) octal_psram: BurstLen     : 0x01 (32 Byte)
I (255) octal_psram: Readlatency  : 0x02 (10 cycles@Fixed)
I (255) octal_psram: DriveStrength: 0x00 (1/1)
I (256) MSPI Timing: PSRAM timing tuning index: 5
I (256) esp_psram: Found 8MB PSRAM device
I (257) esp_psram: Speed: 80MHz
I (257) cpu_start: Multicore app
I (266) cpu_start: Pro cpu start user code
I (266) cpu_start: cpu freq: 160000000 Hz
I (266) app_init: Application information:
I (266) app_init: Project name:     skypane
I (267) app_init: App version:      fw-v9.9.8-bench
I (267) app_init: Compile time:     Sep 29 2026 13:01:11
I (267) app_init: ELF file SHA256:  404b1b407...
I (267) app_init: ESP-IDF:          v5.3.1
I (267) efuse_init: Min chip rev:     v0.0
I (268) efuse_init: Max chip rev:     v0.99 
I (268) efuse_init: Chip rev:         v0.2
I (268) heap_init: Initializing. RAM available for dynamic allocation:
I (268) heap_init: At 3FCA97B0 len 0003FF60 (255 KiB): RAM
I (269) heap_init: At 3FCE9710 len 00005724 (21 KiB): RAM
I (269) heap_init: At 3FCF0000 len 00008000 (32 KiB): DRAM
I (269) heap_init: At 600FE108 len 00001EE0 (7 KiB): RTCRAM
I (270) esp_psram: Adding pool of 8192K of PSRAM memory to heap allocator
I (271) spi_flash: detected chip: generic
I (271) spi_flash: flash io: dio
W (271) spi_flash: Detected size(16384k) larger than the size in the binary image header(8192k). Using the size in the binary image header.
E (273) secure_boot_v2: No signatures were found for the running app
E (274) secure_boot: This app is not signed, but check signature on update is enabled in config. It won't be possible to verify any update.

abort() was called at PC 0x42003624 on core 0


Backtrace: 0x403774be:0x3fceb0d0 0x4037ff99:0x3fceb0f0 0x40388c09:0x3fceb110 0x42003624:0x3fceb180 0x4200364b:0x3fceb210 0x4200312f:0x3fceb230 0x4200313b:0x3fceb250 0x42005bde:0x3fceb280 0x42005c29:0x3fceb2a0 0x42005c93:0x3fceb2c0 0x40376e56:0x3fceb2e0 0x403cc950:0x3fceb340 0x403ccdb5:0x3fceb380 0x403c896d:0x3fceb4b0 0x40045c01:0x3fceb570 0x40043ab6:0x3fceb6f0 0x40034c45:0x3fceb710




ELF file SHA256: 404b1b407

Rebooting...
ESP-ROM:esp32s3-20210327
Build:Mar 27 2021
rst:0xc (RTC_SW_CPU_RST),boot:0x29 (SPI_FAST_FLASH_BOOT)
Saved PC:0x403773f8
SPIWP:0xee
mode:DIO, clock div:1
load:0x3fce2810,len:0x178c
load:0x403c8700,len:0x4
load:0x403c8704,len:0xc10
load:0x403cb700,len:0x2e20
entry 0x403c8904
I (26) boot: ESP-IDF v5.3.1 2nd stage bootloader
I (26) boot: compile time Sep 29 2026 13:01:14
I (26) boot: Multicore bootloader
I (27) boot: chip revision: v0.2
I (27) boot.esp32s3: Boot SPI Speed : 80MHz
I (27) boot.esp32s3: SPI Mode       : DIO
I (27) boot.esp32s3: SPI Flash Size : 8MB
I (27) boot: Enabling RNG early entropy source...
I (28) boot: Partition Table:
I (28) boot: ## Label            Usage          Type ST Offset   Length
I (28) boot:  0 nvs              WiFi data        01 02 00009000 00006000
I (29) boot:  1 otadata          OTA data         01 00 0000f000 00002000
I (29) boot:  2 phy_init         RF data          01 01 00011000 00001000
I (29) boot:  3 nvs_keys         NVS keys         01 04 00012000 00001000
I (30) boot:  4 secret           WiFi data        01 02 00013000 00003000
I (30) boot:  5 factory          factory app      00 00 00020000 00250000
I (31) boot:  6 ota_0            OTA app          00 10 00270000 00250000
I (31) boot:  7 ota_1            OTA app          00 11 004c0000 00250000
I (31) boot: End of partition table
I (32) boot: Defaulting to factory image
I (32) esp_image: segment 0: paddr=00020020 vaddr=3c0c0020 size=39928h (235816) map
I (75) esp_image: segment 1: paddr=00059950 vaddr=3fc9dc00 size=05344h ( 21316) load
I (79) esp_image: segment 2: paddr=0005ec9c vaddr=40374000 size=0137ch (  4988) load
I (81) esp_image: segment 3: paddr=00060020 vaddr=42000020 size=b1edch (728796) map
I (212) esp_image: segment 4: paddr=00111f04 vaddr=4037537c size=18808h (100360) load
I (234) esp_image: segment 5: paddr=0012a714 vaddr=50000000 size=00c8ch (  3212) load
I (235) esp_image: segment 6: paddr=0012b3a8 vaddr=600fe000 size=00100h (   256) load
I (236) esp_image: segment 7: paddr=0012b4b0 vaddr=600fe100 size=00008h (     8) load
I (236) esp_image: segment 8: paddr=0012b4c0 vaddr=00000000 size=04b10h ( 19216) 
I (251) boot: Loaded app from partition at offset 0x20000
I (252) boot: Disabling RNG early entropy source...
I (253) octal_psram: vendor id    : 0x0d (AP)
I (253) octal_psram: dev id       : 0x02 (generation 3)
I (253) octal_psram: density      : 0x03 (64 Mbit)
I (253) octal_psram: good-die     : 0x01 (Pass)
I (254) octal_psram: Latency      : 0x01 (Fixed)
I (254) octal_psram: VCC          : 0x01 (3V)
I (254) octal_psram: SRF          : 0x01 (Fast Refresh)
I (254) octal_psram: BurstType    : 0x01 (Hybrid Wrap)
I (255) octal_psram: BurstLen     : 0x01 (32 Byte)
I (255) octal_psram: Readlatency  : 0x02 (10 cycles@Fixed)
I (255) octal_psram: DriveStrength: 0x00 (1/1)
I (256) MSPI Timing: PSRAM timing tuning index: 4
I (256) esp_psram: Found 8MB PSRAM device
I (257) esp_psram: Speed: 80MHz
I (257) cpu_start: Multicore app
I (266) cpu_start: Pro cpu start user code
I (266) cpu_start: cpu freq: 160000000 Hz
I (266) app_init: Application information:
I (267) app_init: Project name:     skypane
I (267) app_init: App version:      fw-v9.9.8-bench
I (267) app_init: Compile time:     Sep 29 2026 13:01:11
I (267) app_init: ELF file SHA256:  404b1b407...
I (267) app_init: ESP-IDF:          v5.3.1
I (268) efuse_init: Min chip rev:     v0.0
I (268) efuse_init: Max chip rev:     v0.99 
I (268) efuse_init: Chip rev:         v0.2
I (268) heap_init: Initializing. RAM available for dynamic allocation:
I (268) heap_init: At 3FCA97B0 len 0003FF60 (255 KiB): RAM
I (269) heap_init: At 3FCE9710 len 00005724 (21 KiB): RAM
I (269) heap_init: At 3FCF0000 len 00008000 (32 KiB): DRAM
I (269) heap_init: At 600FE108 len 00001EE0 (7 KiB): RTCRAM
I (270) esp_psram: Adding pool of 8192K of PSRAM memory to heap allocator
I (271) spi_flash: detected chip: generic
I (271) spi_flash: flash io: dio
W (271) spi_flash: Detected size(16384k) larger than the size in the binary image header(8192k). Using the size in the binary image header.
E (273) secure_boot_v2: No signatures were found for the running app
E (274) secure_boot: This app is not signed, but check signature on update is enabled in config. It won't be possible to verify any update.

abort() was called at PC 0x42003624 on core 0


Backtrace: 0x403774be:0x3fceb0d0 0x4037ff99:0x3fceb0f0 0x40388c09:0x3fceb110 0x42003624:0x3fceb180 0x4200364b:0x3fceb210 0x4200312f:0x3fceb230 0x4200313b:0x3fceb250 0x42005bde:0x3fceb280 0x42005c29:0x3fceb2a0 0x42005c93:0x3fceb2c0 0x40376e56:0x3fceb2e0 0x403cc950:0x3fceb340 0x403ccdb5:0x3fceb380 0x403c896d:0x3fceb4b0 0x40045c01:0x3fceb570 0x40043ab6:0x3fceb6f0 0x40034c45:0x3fceb710




ELF file SHA256: 404b1b407

Rebooting...
ESP-ROM:esp32s3-20210327
Build:Mar 27 2021
rst:0xc (RTC_SW_CPU_RST),boot:0x29 (SPI_FAST_FLASH_BOOT)
Saved PC:0x403773f8
SPIWP:0xee
mode:DIO, clock div:1
load:0x3fce2810,len:0x178c
load:0x403c8700,len:0x4
load:0x403c8704,len:0xc10
load:0x403cb700,len:0x2e20
entry 0x403c8904
I (26) boot: ESP-IDF v5.3.1 2nd stage bootloader
I (26) boot: compile time Sep 29 2026 13:01:14
I (26) boot: Multicore bootloader
I (27) boot: chip revision: v0.2
I (27) boot.esp32s3: Boot SPI Speed : 80MHz
I (27) boot.esp32s3: SPI Mode       : DIO
I (27) boot.esp32s3: SPI Flash Size : 8MB
I (27) boot: Enabling RNG early entropy source...
I (28) boot: Partition Table:
I (28) boot: ## Label            Usage          Type ST Offset   Length
I (28) boot:  0 nvs              WiFi data        01 02 00009000 00006000
I (28) boot:  1 otadata          OTA data         01 00 0000f000 00002000
I (29) boot:  2 phy_init         RF data          01 01 00011000 00001000
I (29) boot:  3 nvs_keys         NVS keys         01 04 00012000 00001000
I (30) boot:  4 secret           WiFi data        01 02 00013000 00003000
I (30) boot:  5 factory          factory app      00 00 00020000 00250000
I (30) boot:  6 ota_0            OTA app          00 10 00270000 00250000
I (31) boot:  7 ota_1            OTA app          00 11 004c0000 00250000
I (31) boot: End of partition table
I (32) boot: Defaulting to factory image
I (32) esp_image: segment 0: paddr=00020020 vaddr=3c0c0020 size=39928h (235816) map
I (75) esp_image: segment 1: paddr=00059950 vaddr=3fc9dc00 size=05344h ( 21316) load
I (79) esp_image: segment 2: paddr=0005ec9c vaddr=40374000 size=0137ch (  4988) load
I (81) esp_image: segment 3: paddr=00060020 vaddr=42000020 size=b1edch (728796) map
I (212) esp_image: segment 4: paddr=00111f04 vaddr=4037537c size=18808h (100360) load
I (234) esp_image: segment 5: paddr=0012a714 vaddr=50000000 size=00c8ch (  3212) load
I (235) esp_image: segment 6: paddr=0012b3a8 vaddr=600fe000 size=00100h (   256) load
I (236) esp_image: segment 7: paddr=0012b4b0 vaddr=600fe100 size=00008h (     8) load
I (236) esp_image: segment 8: paddr=0012b4c0 vaddr=00000000 size=04b10h ( 19216) 
I (251) boot: Loaded app from partition at offset 0x20000
I (252) boot: Disabling RNG early entropy source...
I (253) octal_psram: vendor id    : 0x0d (AP)
I (253) octal_psram: dev id       : 0x02 (generation 3)
I (253) octal_psram: density      : 0x03 (64 Mbit)
I (253) octal_psram: good-die     : 0x01 (Pass)
I (254) octal_psram: Latency      : 0x01 (Fixed)
I (254) octal_psram: VCC          : 0x01 (3V)
I (254) octal_psram: SRF          : 0x01 (Fast Refresh)
I (254) octal_psram: BurstType    : 0x01 (Hybrid Wrap)
I (255) octal_psram: BurstLen     : 0x01 (32 Byte)
I (255) octal_psram: Readlatency  : 0x02 (10 cycles@Fixed)
I (255) octal_psram: DriveStrength: 0x00 (1/1)
I (256) MSPI Timing: PSRAM timing tuning index: 4
I (257) esp_psram: Found 8MB PSRAM device
I (257) esp_psram: Speed: 80MHz
I (257) cpu_start: Multicore app
I (266) cpu_start: Pro cpu start user code
I (266) cpu_start: cpu freq: 160000000 Hz
I (267) app_init: Application information:
I (267) app_init: Project name:     skypane
I (267) app_init: App version:      fw-v9.9.8-bench
I (267) app_init: Compile time:     Sep 29 2026 13:01:11
I (267) app_init: ELF file SHA256:  404b1b407...
I (267) app_init: ESP-IDF:          v5.3.1
I (268) efuse_init: Min chip rev:     v0.0
I (268) efuse_init: Max chip rev:     v0.99 
I (268) efuse_init: Chip rev:         v0.2
I (268) heap_init: Initializing. RAM available for dynamic allocation:
I (269) heap_init: At 3FCA97B0 len 0003FF60 (255 KiB): RAM
I (269) heap_init: At 3FCE9710 len 00005724 (21 KiB): RAM
I (269) heap_init: At 3FCF0000 len 00008000 (32 KiB): DRAM
I (269) heap_init: At 600FE108 len 00001EE0 (7 KiB): RTCRAM
I (270) esp_psram: Adding pool of 8192K of PSRAM memory to heap allocator
I (271) spi_flash: detected chip: generic
I (271) spi_flash: flash io: dio
W (271) spi_flash: Detected size(16384k) larger than the size in the binary image header(8192k). Using the size in the binary image header.
E (273) secure_boot_v2: No signatures were found for the running app
E (274) secure_boot: This app is not signed, but check signature on update is enabled in config. It won't be possible to verify any update.

abort() was called at PC 0x42003624 on core 0


Backtrace: 0x403774be:0x3fceb0d0 0x4037ff99:0x3fceb0f0 0x40388c09:0x3fceb110 0x42003624:0x3fceb180 0x4200364b:0x3fceb210 0x4200312f:0x3fceb230 0x4200313b:0x3fceb250 0x42005bde:0x3fceb280 0x42005c29:0x3fceb2a0 0x42005c93:0x3fceb2c0 0x40376e56:0x3fceb2e0 0x403cc950:0x3fceb340 0x403ccdb5:0x3fceb380 0x403c896d:0x3fceb4b0 0x40045c01:0x3fceb570 0x40043ab6:0x3fceb6f0 0x40034c45:0x3fceb710




ELF file SHA256: 404b1b407

Rebooting...
ESP-ROM:esp32s3-20210327
Build:Mar 27 2021
rst:0xc (RTC_SW_CPU_RST),boot:0x29 (SPI_FAST_FLASH_BOOT)
Saved PC:0x403773f8
SPIWP:0xee
mode:DIO, clock div:1
load:0x3fce2810,len:0x178c
load:0x403c8700,len:0x4
load:0x403c8704,len:0xc10
load:0x403cb700,len:0x2e20
entry 0x403c8904
I (26) boot: ESP-IDF v5.3.1 2nd stage bootloader
I (26) boot: compile time Sep 29 2026 13:01:14
I (26) boot: Multicore bootloader
I (27) boot: chip revision: v0.2
I (27) boot.esp32s3: Boot SPI Speed : 80MHz
I (27) boot.esp32s3: SPI Mode       : DIO
I (27) boot.esp32s3: SPI Flash Size : 8MB
I (27) boot: Enabling RNG early entropy source...
I (28) boot: Partition Table:
I (28) boot: ## Label            Usage          Type ST Offset   Length
I (28) boot:  0 nvs              WiFi data        01 02 00009000 00006000
I (28) boot:  1 otadata          OTA data         01 00 0000f000 00002000
I (29) boot:  2 phy_init         RF data          01 01 00011000 00001000
I (29) boot:  3 nvs_keys         NVS keys         01 04 00012000 00001000
I (30) boot:  4 secret           WiFi data        01 02 00013000 00003000
I (30) boot:  5 factory          factory app      00 00 00020000 00250000
I (30) boot:  6 ota_0            OTA app          00 10 00270000 00250000
I (31) boot:  7 ota_1            OTA app          00 11 004c0000 00250000
I (31) boot: End of partition table
I (32) boot: Defaulting to factory image
I (32) esp_image: segment 0: paddr=00020020 vaddr=3c0c0020 size=39928h (235816) map
I (75) esp_image: segment 1: paddr=00059950 vaddr=3fc9dc00 size=05344h ( 21316) load
I (79) esp_image: segment 2: paddr=0005ec9c vaddr=40374000 size=0137ch (  4988) load
I (81) esp_image: segment 3: paddr=00060020 vaddr=42000020 size=b1edch (728796) map
I (212) esp_image: segment 4: paddr=00111f04 vaddr=4037537c size=18808h (100360) load
I (234) esp_image: segment 5: paddr=0012a714 vaddr=50000000 size=00c8ch (  3212) load
I (235) esp_image: segment 6: paddr=0012b3a8 vaddr=600fe000 size=00100h (   256) load
I (236) esp_image: segment 7: paddr=0012b4b0 vaddr=600fe100 size=00008h (     8) load
I (236) esp_image: segment 8: paddr=0012b4c0 vaddr=00000000 size=04b10h ( 19216) 
I (251) boot: Loaded app from partition at offset 0x20000
I (252) boot: Disabling RNG early entropy source...
I (253) octal_psram: vendor id    : 0x0d (AP)
I (253) octal_psram: dev id       : 0x02 (generation 3)
I (253) octal_psram: density      : 0x03 (64 Mbit)
I (253) octal_psram: good-die     : 0x01 (Pass)
I (254) octal_psram: Latency      : 0x01 (Fixed)
I (254) octal_psram: VCC          : 0x01 (3V)
I (254) octal_psram: SRF          : 0x01 (Fast Refresh)
I (254) octal_psram: BurstType    : 0x01 (Hybrid Wrap)
I (255) octal_psram: BurstLen     : 0x01 (32 Byte)
I (255) octal_psram: Readlatency  : 0x02 (10 cycles@Fixed)
I (255) octal_psram: DriveStrength: 0x00 (1/1)
I (256) MSPI Timing: PSRAM timing tuning index: 5
I (256) esp_psram: Found 8MB PSRAM device
I (257) esp_psram: Speed: 80MHz
I (257) cpu_start: Multicore app
I (266) cpu_start: Pro cpu start user code
I (266) cpu_start: cpu freq: 160000000 Hz
I (266) app_init: Application information:
I (266) app_init: Project name:     skypane
I (267) app_init: App version:      fw-v9.9.8-bench
I (267) app_init: Compile time:     Sep 29 2026 13:01:11
I (267) app_init: ELF file SHA256:  404b1b407...
I (267) app_init: ESP-IDF:          v5.3.1
I (267) efuse_init: Min chip rev:     v0.0
I (268) efuse_init: Max chip rev:     v0.99 
I (268) efuse_init: Chip rev:         v0.2
I (268) heap_init: Initializing. RAM available for dynamic allocation:
I (268) heap_init: At 3FCA97B0 len 0003FF60 (255 KiB): RAM
I (269) heap_init: At 3FCE9710 len 00005724 (21 KiB): RAM
I (269) heap_init: At 3FCF0000 len 00008000 (32 KiB): DRAM
I (269) heap_init: At 600FE108 len 00001EE0 (7 KiB): RTCRAM
I (270) esp_psram: Adding pool of 8192K of PSRAM memory to heap allocator
I (271) spi_flash: detected chip: generic
I (271) spi_flash: flash io: dio
W (271) spi_flash: Detected size(16384k) larger than the size in the binary image header(8192k). Using the size in the binary image header.
E (273) secure_boot_v2: No signatures were found for the running app
E (273) secure_boot: This app is not signed, but check signature on update is enabled in config. It won't be possible to verify any update.

abort() was called at PC 0x42003624 on core 0


Backtrace: 0x403774be:0x3fceb0d0 0x4037ff99:0x3fceb0f0 0x40388c09:0x3fceb110 0x42003624:0x3fceb180 0x4200364b:0x3fceb210 0x4200312f:0x3fceb230 0x4200313b:0x3fceb250 0x42005bde:0x3fceb280 0x42005c29:0x3fceb2a0 0x42005c93:0x3fceb2c0 0x40376e56:0x3fceb2e0 0x403cc950:0x3fceb340 0x403ccdb5:0x3fceb380 0x403c896d:0x3fceb4b0 0x40045c01:0x3fceb570 0x40043ab6:0x3fceb6f0 0x40034c45:0x3fceb710




ELF file SHA256: 404b1b407

Rebooting...
ESP-ROM:esp32s3-20210327
Build:Mar 27 2021
rst:0xc (RTC_SW_CPU_RST),boot:0x29 (SPI_FAST_FLASH_BOOT)
Saved PC:0x403773f8
SPIWP:0xee
mode:DIO, clock div:1
load:0x3fce2810,len:0x178c
load:0x403c8700,len:0x4
load:0x403c8704,len:0xc10
load:0x403cb700,len:0x2e20
entry 0x403c8904
I (26) boot: ESP-IDF v5.3.1 2nd stage bootloader
I (26) boot: compile time Sep 29 2026 13:01:14
I (26) boot: Multicore bootloader
I (27) boot: chip revision: v0.2
I (27) boot.esp32s3: Boot SPI Speed : 80MHz
I (27) boot.esp32s3: SPI Mode       : DIO
I (27) boot.esp32s3: SPI Flash Size : 8MB
I (27) boot: Enabling RNG early entropy source...
I (28) boot: Partition Table:
I (28) boot: ## Label            Usage          Type ST Offset   Length
I (28) boot:  0 nvs              WiFi data        01 02 00009000 00006000
I (28) boot:  1 otadata          OTA data         01 00 0000f000 00002000
I (29) boot:  2 phy_init         RF data          01 01 00011000 00001000
I (29) boot:  3 nvs_keys         NVS keys         01 04 00012000 00001000
I (30) boot:  4 secret           WiFi data        01 02 00013000 00003000
I (30) boot:  5 factory          factory app      00 00 00020000 00250000
I (30) boot:  6 ota_0            OTA app          00 10 00270000 00250000
I (31) boot:  7 ota_1            OTA app          00 11 004c0000 00250000
I (31) boot: End of partition table
I (32) boot: Defaulting to factory image
I (32) esp_image: segment 0: paddr=00020020 vaddr=3c0c0020 size=39928h (235816) map
I (75) esp_image: segment 1: paddr=00059950 vaddr=3fc9dc00 size=05344h ( 21316) load
I (79) esp_image: segment 2: paddr=0005ec9c vaddr=40374000 size=0137ch (  4988) load
I (81) esp_image: segment 3: paddr=00060020 vaddr=42000020 size=b1edch (728796) map
I (212) esp_image: segment 4: paddr=00111f04 vaddr=4037537c size=18808h (100360) load
I (234) esp_image: segment 5: paddr=0012a714 vaddr=50000000 size=00c8ch (  3212) load
I (235) esp_image: segment 6: paddr=0012b3a8 vaddr=600fe000 size=00100h (   256) load
I (236) esp_image: segment 7: paddr=0012b4b0 vaddr=600fe100 size=00008h (     8) load
I (236) esp_image: segment 8: paddr=0012b4c0 vaddr=00000000 size=04b10h ( 19216) 
I (251) boot: Loaded app from partition at offset 0x20000
I (251) boot: Disabling RNG early entropy source...
I (253) octal_psram: vendor id    : 0x0d (AP)
I (253) octal_psram: dev id       : 0x02 (generation 3)
I (253) octal_psram: density      : 0x03 (64 Mbit)
I (253) octal_psram: good-die     : 0x01 (Pass)
I (253) octal_psram: Latency      : 0x01 (Fixed)
I (254) octal_psram: VCC          : 0x01 (3V)
I (254) octal_psram: SRF          : 0x01 (Fast Refresh)
I (254) octal_psram: BurstType    : 0x01 (Hybrid Wrap)
I (255) octal_psram: BurstLen     : 0x01 (32 Byte)
I (255) octal_psram: Readlatency  : 0x02 (10 cycles@Fixed)
I (255) octal_psram: DriveStrength: 0x00 (1/1)
I (256) MSPI Timing: PSRAM timing tuning index: 5
I (256) esp_psram: Found 8MB PSRAM device
I (256) esp_psram: Speed: 80MHz
I (257) cpu_start: Multicore app
I (266) cpu_start: Pro cpu start user code
I (266) cpu_start: cpu freq: 160000000 Hz
I (266) app_init: Application information:
I (266) app_init: Project name:     skypane
I (266) app_init: App version:      fw-v9.9.8-bench
I (267) app_init: Compile time:     Sep 29 2026 13:01:11
I (267) app_init: ELF file SHA256:  404b1b407...
I (267) app_init: ESP-IDF:          v5.3.1
I (267) efuse_init: Min chip rev:     v0.0
I (267) efuse_init: Max chip rev:     v0.99 
I (268) efuse_init: Chip rev:         v0.2
I (268) heap_init: Initializing. RAM available for dynamic allocation:
I (268) heap_init: At 3FCA97B0 len 0003FF60 (255 KiB): RAM
I (268) heap_init: At 3FCE9710 len 00005724 (21 KiB): RAM
I (269) heap_init: At 3FCF0000 len 00008000 (32 KiB): DRAM
I (269) heap_init: At 600FE108 len 00001EE0 (7 KiB): RTCRAM
I (269) esp_psram: Adding pool of 8192K of PSRAM memory to heap allocator
I (271) spi_flash: detected chip: generic
I (271) spi_flash: flash io: dio
W (271) spi_flash: Detected size(16384k) larger than the size in the binary image header(8192k). Using the size in the binary image header.
E (273) secure_boot_v2: No signatures were found for the running app
E (273) secure_boot: This app is not signed, but check signature on update is enabled in config. It won't be possible to verify any update.

abort() was called at PC 0x42003624 on core 0


Backtrace: 0x403774be:0x3fceb0d0 0x4037ff99:0x3fceb0f0 0x40388c09:0x3fceb110 0x42003624:0x3fceb180 0x4200364b:0x3fceb210 0x4200312f:0x3fceb230 0x4200313b:0x3fceb250 0x42005bde:0x3fceb280 0x42005c29:0x3fceb2a0 0x42005c93:0x3fceb2c0 0x40376e56:0x3fceb2e0 0x403cc950:0x3fceb340 0x403ccdb5:0x3fceb380 0x403c896d:0x3fceb4b0 0x40045c01:0x3fceb570 0x40043ab6:0x3fceb6f0 0x40034c45:0x3fceb710




ELF file SHA256: 404b1b407

Rebooting...
ESP-ROM:esp32s3-20210327
Build:Mar 27 2021
rst:0xc (RTC_SW_CPU_RST),boot:0x29 (SPI_FAST_FLASH_BOOT)
Saved PC:0x403773f8
SPIWP:0xee
mode:DIO, clock div:1
load:0x3fce2810,len:0x178c
load:0x403c8700,len:0x4
load:0x403c8704,len:0xc10
load:0x403cb700,len:0x2e20
entry 0x403c8904
I (26) boot: ESP-IDF v5.3.1 2nd stage bootloader
I (26) boot: compile time Sep 29 2026 13:01:14
I (26) boot: Multicore bootloader
I (27) boot: chip revision: v0.2
I (27) boot.esp32s3: Boot SPI Speed : 80MHz
I (27) boot.esp32s3: SPI Mode       : DIO
I (27) boot.esp32s3: SPI Flash Size : 8MB
I (27) boot: Enabling RNG early entropy source...
I (28) boot: Partition Table:
I (28) boot: ## Label            Usage          Type ST Offset   Length
I (28) boot:  0 nvs              WiFi data        01 02 00009000 00006000
I (28) boot:  1 otadata          OTA data         01 00 0000f000 00002000
I (29) boot:  2 phy_init         RF data          01 01 00011000 00001000
I (29) boot:  3 nvs_keys         NVS keys         01 04 00012000 00001000
I (30) boot:  4 secret           WiFi data        01 02 00013000 00003000
I (30) boot:  5 factory          factory app      00 00 00020000 00250000
I (30) boot:  6 ota_0            OTA app          00 10 00270000 00250000
I (31) boot:  7 ota_1            OTA app          00 11 004c0000 00250000
I (31) boot: End of partition table
I (32) boot: Defaulting to factory image
I (32) esp_image: segment 0: paddr=00020020 vaddr=3c0c0020 size=39928h (235816) map
I (75) esp_image: segment 1: paddr=00059950 vaddr=3fc9dc00 size=05344h ( 21316) load
I (79) esp_image: segment 2: paddr=0005ec9c vaddr=40374000 size=0137ch (  4988) load
I (81) esp_image: segment 3: paddr=00060020 vaddr=42000020 size=b1edch (728796) map
I (212) esp_image: segment 4: paddr=00111f04 vaddr=4037537c size=18808h (100360) load
I (234) esp_image: segment 5: paddr=0012a714 vaddr=50000000 size=00c8ch (  3212) load
I (235) esp_image: segment 6: paddr=0012b3a8 vaddr=600fe000 size=00100h (   256) load
I (236) esp_image: segment 7: paddr=0012b4b0 vaddr=600fe100 size=00008h (     8) load
I (236) esp_image: segment 8: paddr=0012b4c0 vaddr=00000000 size=04b10h ( 19216) 
I (251) boot: Loaded app from partition at offset 0x20000
I (251) boot: Disabling RNG early entropy source...
I (253) octal_psram: vendor id    : 0x0d (AP)
I (253) octal_psram: dev id       : 0x02 (generation 3)
I (253) octal_psram: density      : 0x03 (64 Mbit)
I (253) octal_psram: good-die     : 0x01 (Pass)
I (253) octal_psram: Latency      : 0x01 (Fixed)
I (254) octal_psram: VCC          : 0x01 (3V)
I (254) octal_psram: SRF          : 0x01 (Fast Refresh)
I (254) octal_psram: BurstType    : 0x01 (Hybrid Wrap)
I (255) octal_psram: BurstLen     : 0x01 (32 Byte)
I (255) octal_psram: Readlatency  : 0x02 (10 cycles@Fixed)
I (255) octal_psram: DriveStrength: 0x00 (1/1)
I (256) MSPI Timing: PSRAM timing tuning index: 5
I (256) esp_psram: Found 8MB PSRAM device
I (256) esp_psram: Speed: 80MHz
I (257) cpu_start: Multicore app
I (266) cpu_start: Pro cpu start user code
I (266) cpu_start: cpu freq: 160000000 Hz
I (266) app_init: Application information:
I (266) app_init: Project name:     skypane
I (266) app_init: App version:      fw-v9.9.8-bench
I (267) app_init: Compile time:     Sep 29 2026 13:01:11
I (267) app_init: ELF file SHA256:  404b1b407...
I (267) app_init: ESP-IDF:          v5.3.1
I (267) efuse_init: Min chip rev:     v0.0
I (267) efuse_init: Max chip rev:     v0.99 
I (268) efuse_init: Chip rev:         v0.2
I (268) heap_init: Initializing. RAM available for dynamic allocation:
I (268) heap_init: At 3FCA97B0 len 0003FF60 (255 KiB): RAM
I (268) heap_init: At 3FCE9710 len 00005724 (21 KiB): RAM
I (269) heap_init: At 3FCF0000 len 00008000 (32 KiB): DRAM
I (269) heap_init: At 600FE108 len 00001EE0 (7 KiB): RTCRAM
I (269) esp_psram: Adding pool of 8192K of PSRAM memory to heap allocator
I (271) spi_flash: detected chip: generic
I (271) spi_flash: flash io: dio
W (271) spi_flash: Detected size(16384k) larger than the size in the binary image header(8192k). Using the size in the binary image header.
E (273) secure_boot_v2: No signatures were found for the running app
E (273) secure_boot: This app is not signed, but check signature on update is enabled in config. It won't be possible to verify any update.

abort() was called at PC 0x42003624 on core 0


Backtrace: 0x403774be:0x3fceb0d0 0x4037ff99:0x3fceb0f0 0x40388c09:0x3fceb110 0x42003624:0x3fceb180 0x4200364b:0x3fceb210 0x4200312f:0x3fceb230 0x4200313b:0x3fceb250 0x42005bde:0x3fceb280 0x42005c29:0x3fceb2a0 0x42005c93:0x3fceb2c0 0x40376e56:0x3fceb2e0 0x403cc950:0x3fceb340 0x403ccdb5:0x3fceb380 0x403c896d:0x3fceb4b0 0x40045c01:0x3fceb570 0x40043ab6:0x3fceb6f0 0x40034c45:0x3fceb710




ELF file SHA256: 404b1b407

Rebooting...
ESP-ROM:esp32s3-20210327
Build:Mar 27 2021
rst:0xc (RTC_SW_CPU_RST),boot:0x29 (SPI_FAST_FLASH_BOOT)
Saved PC:0x403773f8
SPIWP:0xee
mode:DIO, clock div:1
load:0x3fce2810,len:0x178c
load:0x403c8700,len:0x4
load:0x403c8704,len:0xc10
load:0x403cb700,len:0x2e20
entry 0x403c8904
I (26) boot: ESP-IDF v5.3.1 2nd stage bootloader
I (26) boot: compile time Sep 29 2026 13:01:14
I (26) boot: Multicore bootloader
I (27) boot: chip revision: v0.2
I (27) boot.esp32s3: Boot SPI Speed : 80MHz
I (27) boot.esp32s3: SPI Mode       : DIO
I (27) boot.esp32s3: SPI Flash Size : 8MB
I (27) boot: Enabling RNG early entropy source...
I (28) boot: Partition Table:
I (28) boot: ## Label            Usage          Type ST Offset   Length
I (28) boot:  0 nvs              WiFi data        01 02 00009000 00006000
I (28) boot:  1 otadata          OTA data         01 00 0000f000 00002000
I (29) boot:  2 phy_init         RF data          01 01 00011000 00001000
I (29) boot:  3 nvs_keys         NVS keys         01 04 00012000 00001000
I (30) boot:  4 secret           WiFi data        01 02 00013000 00003000
I (30) boot:  5 factory          factory app      00 00 00020000 00250000
I (30) boot:  6 ota_0            OTA app          00 10 00270000 00250000
I (31) boot:  7 ota_1            OTA app          00 11 004c0000 00250000
I (31) boot: End of partition table
I (32) boot: Defaulting to factory image
I (32) esp_image: segment 0: paddr=00020020 vaddr=3c0c0020 size=39928h (235816) map
I (75) esp_image: segment 1: paddr=00059950 vaddr=3fc9dc00 size=05344h ( 21316) load
I (79) esp_image: segment 2: paddr=0005ec9c vaddr=40374000 size=0137ch (  4988) load
I (81) esp_image: segment 3: paddr=00060020 vaddr=42000020 size=b1edch (728796) map
I (212) esp_image: segment 4: paddr=00111f04 vaddr=4037537c size=18808h (100360) load
I (234) esp_image: segment 5: paddr=0012a714 vaddr=50000000 size=00c8ch (  3212) load
I (235) esp_image: segment 6: paddr=0012b3a8 vaddr=600fe000 size=00100h (   256) load
I (236) esp_image: segment 7: paddr=0012b4b0 vaddr=600fe100 size=00008h (     8) load
I (236) esp_image: segment 8: paddr=0012b4c0 vaddr=00000000 size=04b10h ( 19216) 
I (251) boot: Loaded app from partition at offset 0x20000
I (252) boot: Disabling RNG early entropy source...
I (253) octal_psram: vendor id    : 0x0d (AP)
I (253) octal_psram: dev id       : 0x02 (generation 3)
I (253) octal_psram: density      : 0x03 (64 Mbit)
I (253) octal_psram: good-die     : 0x01 (Pass)
I (254) octal_psram: Latency      : 0x01 (Fixed)
I (254) octal_psram: VCC          : 0x01 (3V)
I (254) octal_psram: SRF          : 0x01 (Fast Refresh)
I (255) octal_psram: BurstType    : 0x01 (Hybrid Wrap)
I (255) octal_psram: BurstLen     : 0x01 (32 Byte)
I (255) octal_psram: Readlatency  : 0x02 (10 cycles@Fixed)
I (255) octal_psram: DriveStrength: 0x00 (1/1)
I (256) MSPI Timing: PSRAM timing tuning index: 5
I (257) esp_psram: Found 8MB PSRAM device
I (257) esp_psram: Speed: 80MHz
I (257) cpu_start: Multicore app
I (266) cpu_start: Pro cpu start user code
I (266) cpu_start: cpu freq: 160000000 Hz
I (266) app_init: Application information:
I (267) app_init: Project name:     skypane
I (267) app_init: App version:      fw-v9.9.8-bench
I (267) app_init: Compile time:     Sep 29 2026 13:01:11
I (267) app_init: ELF file SHA256:  404b1b407...
I (267) app_init: ESP-IDF:          v5.3.1
I (268) efuse_init: Min chip rev:     v0.0
I (268) efuse_init: Max chip rev:     v0.99 
I (268) efuse_init: Chip rev:         v0.2
I (268) heap_init: Initializing. RAM available for dynamic allocation:
I (268) heap_init: At 3FCA97B0 len 0003FF60 (255 KiB): RAM
I (269) heap_init: At 3FCE9710 len 00005724 (21 KiB): RAM
I (269) heap_init: At 3FCF0000 len 00008000 (32 KiB): DRAM
I (269) heap_init: At 600FE108 len 00001EE0 (7 KiB): RTCRAM
I (270) esp_psram: Adding pool of 8192K of PSRAM memory to heap allocator
I (271) spi_flash: detected chip: generic
I (271) spi_flash: flash io: dio
W (271) spi_flash: Detected size(16384k) larger than the size in the binary image header(8192k). Using the size in the binary image header.
E (273) secure_boot_v2: No signatures were found for the running app
E (274) secure_boot: This app is not signed, but check signature on update is enabled in config. It won't be possible to verify any update.

abort() was called at PC 0x42003624 on core 0


Backtrace: 0x403774be:0x3fceb0d0 0x4037ff99:0x3fceb0f0 0x40388c09:0x3fceb110 0x42003624:0x3fceb180 0x4200364b:0x3fceb210 0x4200312f:0x3fceb230 0x4200313b:0x3fceb250 0x42005bde:0x3fceb280 0x42005c29:0x3fceb2a0 0x42005c93:0x3fceb2c0 0x40376e56:0x3fceb2e0 0x403cc950:0x3fceb340 0x403ccdb5:0x3fceb380 0x403c896d:0x3fceb4b0 0x40045c01:0x3fceb570 0x40043ab6:0x3fceb6f0 0x40034c45:0x3fceb710




ELF file SHA256: 404b1b407

Rebooting...
ESP-ROM:esp32s3-20210327
Build:Mar 27 2021
rst:0xc (RTC_SW_CPU_RST),boot:0x29 (SPI_FAST_FLASH_BOOT)
Saved PC:0x403773f8
SPIWP:0xee
mode:DIO, clock div:1
load:0x3fce2810,len:0x178c
load:0x403c8700,len:0x4
load:0x403c8704,len:0xc10
load:0x403cb700,len:0x2e20
entry 0x403c8904
I (26) boot: ESP-IDF v5.3.1 2nd stage bootloader
I (26) boot: compile time Sep 29 2026 13:01:14
I (26) boot: Multicore bootloader
I (27) boot: chip revision: v0.2
I (27) boot.esp32s3: Boot SPI Speed : 80MHz
I (27) boot.esp32s3: SPI Mode       : DIO
I (27) boot.esp32s3: SPI Flash Size : 8MB
I (27) boot: Enabling RNG early entropy source...
I (28) boot: Partition Table:
I (28) boot: ## Label            Usage          Type ST Offset   Length
I (28) boot:  0 nvs              WiFi data        01 02 00009000 00006000
I (28) boot:  1 otadata          OTA data         01 00 0000f000 00002000
I (29) boot:  2 phy_init         RF data          01 01 00011000 00001000
I (29) boot:  3 nvs_keys         NVS keys         01 04 00012000 00001000
I (30) boot:  4 secret           WiFi data        01 02 00013000 00003000
I (30) boot:  5 factory          factory app      00 00 00020000 00250000
I (30) boot:  6 ota_0            OTA app          00 10 00270000 00250000
I (31) boot:  7 ota_1            OTA app          00 11 004c0000 00250000
I (31) boot: End of partition table
I (32) boot: Defaulting to factory image
I (32) esp_image: segment 0: paddr=00020020 vaddr=3c0c0020 size=39928h (235816) map
I (75) esp_image: segment 1: paddr=00059950 vaddr=3fc9dc00 size=05344h ( 21316) load
I (79) esp_image: segment 2: paddr=0005ec9c vaddr=40374000 size=0137ch (  4988) load
I (81) esp_image: segment 3: paddr=00060020 vaddr=42000020 size=b1edch (728796) map
I (212) esp_image: segment 4: paddr=00111f04 vaddr=4037537c size=18808h (100360) load
I (234) esp_image: segment 5: paddr=0012a714 vaddr=50000000 size=00c8ch (  3212) load
I (235) esp_image: segment 6: paddr=0012b3a8 vaddr=600fe000 size=00100h (   256) load
I (236) esp_image: segment 7: paddr=0012b4b0 vaddr=600fe100 size=00008h (     8) load
I (236) esp_image: segment 8: paddr=0012b4c0 vaddr=00000000 size=04b10h ( 19216) 
I (251) boot: Loaded app from partition at offset 0x20000
I (251) boot: Disabling RNG early entropy source...
I (253) octal_psram: vendor id    : 0x0d (AP)
I (253) octal_psram: dev id       : 0x02 (generation 3)
I (253) octal_psram: density      : 0x03 (64 Mbit)
I (253) octal_psram: good-die     : 0x01 (Pass)
I (253) octal_psram: Latency      : 0x01 (Fixed)
I (254) octal_psram: VCC          : 0x01 (3V)
I (254) octal_psram: SRF          : 0x01 (Fast Refresh)
I (254) octal_psram: BurstType    : 0x01 (Hybrid Wrap)
I (255) octal_psram: BurstLen     : 0x01 (32 Byte)
I (255) octal_psram: Readlatency  : 0x02 (10 cycles@Fixed)
I (255) octal_psram: DriveStrength: 0x00 (1/1)
I (256) MSPI Timing: PSRAM timing tuning index: 5
I (256) esp_psram: Found 8MB PSRAM device
I (256) esp_psram: Speed: 80MHz
I (257) cpu_start: Multicore app
I (266) cpu_start: Pro cpu start user code
I (266) cpu_start: cpu freq: 160000000 Hz
I (266) app_init: Application information:
I (266) app_init: Project name:     skypane
I (266) app_init: App version:      fw-v9.9.8-bench
I (267) app_init: Compile time:     Sep 29 2026 13:01:11
I (267) app_init: ELF file SHA256:  404b1b407...
I (267) app_init: ESP-IDF:          v5.3.1
I (267) efuse_init: Min chip rev:     v0.0
I (267) efuse_init: Max chip rev:     v0.99 
I (268) efuse_init: Chip rev:         v0.2
I (268) heap_init: Initializing. RAM available for dynamic allocation:
I (268) heap_init: At 3FCA97B0 len 0003FF60 (255 KiB): RAM
I (268) heap_init: At 3FCE9710 len 00005724 (21 KiB): RAM
I (269) heap_init: At 3FCF0000 len 00008000 (32 KiB): DRAM
I (269) heap_init: At 600FE108 len 00001EE0 (7 KiB): RTCRAM
I (269) esp_psram: Adding pool of 8192K of PSRAM memory to heap allocator
I (271) spi_flash: detected chip: generic
I (271) spi_flash: flash io: dio
W (271) spi_flash: Detected size(16384k) larger than the size in the binary image header(8192k). Using the size in the binary image header.
E (273) secure_boot_v2: No signatures were found for the running app
E (273) secure_boot: This app is not signed, but check signature on update is enabled in config. It won't be possible to verify any update.

abort() was called at PC 0x42003624 on core 0


Backtrace: 0x403774be:0x3fceb0d0 0x4037ff99:0x3fceb0f0 0x40388c09:0x3fceb110 0x42003624:0x3fceb180 0x4200364b:0x3fceb210 0x4200312f:0x3fceb230 0x4200313b:0x3fceb250 0x42005bde:0x3fceb280 0x42005c29:0x3fceb2a0 0x42005c93:0x3fceb2c0 0x40376e56:0x3fceb2e0 0x403cc950:0x3fceb340 0x403ccdb5:0x3fceb380 0x403c896d:0x3fceb4b0 0x40045c01:0x3fceb570 0x40043ab6:0x3fceb6f0 0x40034c45:0x3fceb710




ELF file SHA256: 404b1b407

Rebooting...
ESP-ROM:esp32s3-20210327
Build:Mar 27 2021
rst:0xc (RTC_SW_CPU_RST),boot:0x29 (SPI_FAST_FLASH_BOOT)
Saved PC:0x403773f8
SPIWP:0xee
mode:DIO, clock div:1
load:0x3fce2810,len:0x178c
load:0x403c8700,len:0x4
load:0x403c8704,len:0xc10
load:0x403cb700,len:0x2e20
entry 0x403c8904
I (26) boot: ESP-IDF v5.3.1 2nd stage bootloader
I (26) boot: compile time Sep 29 2026 13:01:14
I (26) boot: Multicore bootloader
I (27) boot: chip revision: v0.2
I (27) boot.esp32s3: Boot SPI Speed : 80MHz
I (27) boot.esp32s3: SPI Mode       : DIO
I (27) boot.esp32s3: SPI Flash Size : 8MB
I (27) boot: Enabling RNG early entropy source...
I (28) boot: Partition Table:
I (28) boot: ## Label            Usage          Type ST Offset   Length
I (28) boot:  0 nvs              WiFi data        01 02 00009000 00006000
I (28) boot:  1 otadata          OTA data         01 00 0000f000 00002000
I (29) boot:  2 phy_init         RF data          01 01 00011000 00001000
I (29) boot:  3 nvs_keys         NVS keys         01 04 00012000 00001000
I (30) boot:  4 secret           WiFi data        01 02 00013000 00003000
I (30) boot:  5 factory          factory app      00 00 00020000 00250000
I (30) boot:  6 ota_0            OTA app          00 10 00270000 00250000
I (31) boot:  7 ota_1            OTA app          00 11 004c0000 00250000
I (31) boot: End of partition table
I (32) boot: Defaulting to factory image
I (32) esp_image: segment 0: paddr=00020020 vaddr=3c0c0020 size=39928h (235816) map
I (75) esp_image: segment 1: paddr=00059950 vaddr=3fc9dc00 size=05344h ( 21316) load
I (79) esp_image: segment 2: paddr=0005ec9c vaddr=40374000 size=0137ch (  4988) load
I (81) esp_image: segment 3: paddr=00060020 vaddr=42000020 size=b1edch (728796) map
I (212) esp_image: segment 4: paddr=00111f04 vaddr=4037537c size=18808h (100360) load
I (234) esp_image: segment 5: paddr=0012a714 vaddr=50000000 size=00c8ch (  3212) load
I (235) esp_image: segment 6: paddr=0012b3a8 vaddr=600fe000 size=00100h (   256) load
I (236) esp_image: segment 7: paddr=0012b4b0 vaddr=600fe100 size=00008h (     8) load
I (236) esp_image: segment 8: paddr=0012b4c0 vaddr=00000000 size=04b10h ( 19216) 
I (251) boot: Loaded app from partition at offset 0x20000
I (251) boot: Disabling RNG early entropy source...
I (253) octal_psram: vendor id    : 0x0d (AP)
I (253) octal_psram: dev id       : 0x02 (generation 3)
I (253) octal_psram: density      : 0x03 (64 Mbit)
I (253) octal_psram: good-die     : 0x01 (Pass)
I (253) octal_psram: Latency      : 0x01 (Fixed)
I (254) octal_psram: VCC          : 0x01 (3V)
I (254) octal_psram: SRF          : 0x01 (Fast Refresh)
I (254) octal_psram: BurstType    : 0x01 (Hybrid Wrap)
I (255) octal_psram: BurstLen     : 0x01 (32 Byte)
I (255) octal_psram: Readlatency  : 0x02 (10 cycles@Fixed)
I (255) octal_psram: DriveStrength: 0x00 (1/1)
I (256) MSPI Timing: PSRAM timing tuning index: 5
I (256) esp_psram: Found 8MB PSRAM device
I (256) esp_psram: Speed: 80MHz
I (257) cpu_start: Multicore app
I (266) cpu_start: Pro cpu start user code
I (266) cpu_start: cpu freq: 160000000 Hz
I (266) app_init: Application information:
I (266) app_init: Project name:     skypane
I (267) app_init: App version:      fw-v9.9.8-bench
I (267) app_init: Compile time:     Sep 29 2026 13:01:11
I (267) app_init: ELF file SHA256:  404b1b407...
I (267) app_init: ESP-IDF:          v5.3.1
I (267) efuse_init: Min chip rev:     v0.0
I (268) efuse_init: Max chip rev:     v0.99 
I (268) efuse_init: Chip rev:         v0.2
I (268) heap_init: Initializing. RAM available for dynamic allocation:
I (268) heap_init: At 3FCA97B0 len 0003FF60 (255 KiB): RAM
I (268) heap_init: At 3FCE9710 len 00005724 (21 KiB): RAM
I (269) heap_init: At 3FCF0000 len 00008000 (32 KiB): DRAM
I (269) heap_init: At 600FE108 len 00001EE0 (7 KiB): RTCRAM
I (270) esp_psram: Adding pool of 8192K of PSRAM memory to heap allocator
I (271) spi_flash: detected chip: generic
I (271) spi_flash: flash io: dio
W (271) spi_flash: Detected size(16384k) larger than the size in the binary image header(8192k). Using the size in the binary image header.
E (273) secure_boot_v2: No signatures were found for the running app
E (273) secure_boot: This app is not signed, but check signature on update is enabled in config. It won't be possible to verify any update.

abort() was called at PC 0x42003624 on core 0


Backtrace: 0x403774be:0x3fceb0d0 0x4037ff99:0x3fceb0f0 0x40388c09:0x3fceb110 0x42003624:0x3fceb180 0x4200364b:0x3fceb210 0x4200312f:0x3fceb230 0x4200313b:0x3fceb250 0x42005bde:0x3fceb280 0x42005c29:0x3fceb2a0 0x42005c93:0x3fceb2c0 0x40376e56:0x3fceb2e0 0x403cc950:0x3fceb340 0x403ccdb5:0x3fceb380 0x403c896d:0x3fceb4b0 0x40045c01:0x3fceb570 0x40043ab6:0x3fceb6f0 0x40034c45:0x3fceb710




ELF file SHA256: 404b1b407

Rebooting...
ESP-ROM:esp32s3-20210327
Build:Mar 27 2021
rst:0xc (RTC_SW_CPU_RST),boot:0x29 (SPI_FAST_FLASH_BOOT)
Saved PC:0x403773f8
SPIWP:0xee
mode:DIO, clock div:1
load:0x3fce2810,len:0x178c
load:0x403c8700,len:0x4
load:0x403c8704,len:0xc10
load:0x403cb700,len:0x2e20
entry 0x403c8904
I (26) boot: ESP-IDF v5.3.1 2nd stage bootloader
I (26) boot: compile time Sep 29 2026 13:01:14
I (26) boot: Multicore bootloader
I (27) boot: chip revision: v0.2
I (27) boot.esp32s3: Boot SPI Speed : 80MHz
I (27) boot.esp32s3: SPI Mode       : DIO
I (27) boot.esp32s3: SPI Flash Size : 8MB
I (27) boot: Enabling RNG early entropy source...
I (28) boot: Partition Table:
I (28) boot: ## Label            Usage          Type ST Offset   Length
I (28) boot:  0 nvs              WiFi data        01 02 00009000 00006000
I (28) boot:  1 otadata          OTA data         01 00 0000f000 00002000
I (29) boot:  2 phy_init         RF data          01 01 00011000 00001000
I (29) boot:  3 nvs_keys         NVS keys         01 04 00012000 00001000
I (30) boot:  4 secret           WiFi data        01 02 00013000 00003000
I (30) boot:  5 factory          factory app      00 00 00020000 00250000
I (30) boot:  6 ota_0            OTA app          00 10 00270000 00250000
I (31) boot:  7 ota_1            OTA app          00 11 004c0000 00250000
I (31) boot: End of partition table
I (32) boot: Defaulting to factory image
I (32) esp_image: segment 0: paddr=00020020 vaddr=3c0c0020 size=39928h (235816) map
I (75) esp_image: segment 1: paddr=00059950 vaddr=3fc9dc00 size=05344h ( 21316) load
I (79) esp_image: segment 2: paddr=0005ec9c vaddr=40374000 size=0137ch (  4988) load
I (81) esp_image: segment 3: paddr=00060020 vaddr=42000020 size=b1edch (728796) map
I (212) esp_image: segment 4: paddr=00111f04 vaddr=4037537c size=18808h (100360) load
I (234) esp_image: segment 5: paddr=0012a714 vaddr=50000000 size=00c8ch (  3212) load
I (235) esp_image: segment 6: paddr=0012b3a8 vaddr=600fe000 size=00100h (   256) load
I (236) esp_image: segment 7: paddr=0012b4b0 vaddr=600fe100 size=00008h (     8) load
I (236) esp_image: segment 8: paddr=0012b4c0 vaddr=00000000 size=04b10h ( 19216) 
I (251) boot: Loaded app from partition at offset 0x20000
I (252) boot: Disabling RNG early entropy source...
I (253) octal_psram: vendor id    : 0x0d (AP)
I (253) octal_psram: dev id       : 0x02 (generation 3)
I (253) octal_psram: density      : 0x03 (64 Mbit)
I (253) octal_psram: good-die     : 0x01 (Pass)
I (254) octal_psram: Latency      : 0x01 (Fixed)
I (254) octal_psram: VCC          : 0x01 (3V)
I (254) octal_psram: SRF          : 0x01 (Fast Refresh)
I (254) octal_psram: BurstType    : 0x01 (Hybrid Wrap)
I (255) octal_psram: BurstLen     : 0x01 (32 Byte)
I (255) octal_psram: Readlatency  : 0x02 (10 cycles@Fixed)
I (255) octal_psram: DriveStrength: 0x00 (1/1)
I (256) MSPI Timing: PSRAM timing tuning index: 5
I (257) esp_psram: Found 8MB PSRAM device
I (257) esp_psram: Speed: 80MHz
I (257) cpu_start: Multicore app
I (266) cpu_start: Pro cpu start user code
I (266) cpu_start: cpu freq: 160000000 Hz
I (267) app_init: Application information:
I (267) app_init: Project name:     skypane
I (267) app_init: App version:      fw-v9.9.8-bench
I (267) app_init: Compile time:     Sep 29 2026 13:01:11
I (267) app_init: ELF file SHA256:  404b1b407...
I (267) app_init: ESP-IDF:          v5.3.1
I (268) efuse_init: Min chip rev:     v0.0
I (268) efuse_init: Max chip rev:     v0.99 
I (268) efuse_init: Chip rev:         v0.2
I (268) heap_init: Initializing. RAM available for dynamic allocation:
I (269) heap_init: At 3FCA97B0 len 0003FF60 (255 KiB): RAM
I (269) heap_init: At 3FCE9710 len 00005724 (21 KiB): RAM
I (269) heap_init: At 3FCF0000 len 00008000 (32 KiB): DRAM
I (269) heap_init: At 600FE108 len 00001EE0 (7 KiB): RTCRAM
I (270) esp_psram: Adding pool of 8192K of PSRAM memory to heap allocator
I (271) spi_flash: detected chip: generic
I (271) spi_flash: flash io: dio
W (271) spi_flash: Detected size(16384k) larger than the size in the binary image header(8192k). Using the size in the binary image header.
E (273) secure_boot_v2: No signatures were found for the running app
E (274) secure_boot: This app is not signed, but check signature on update is enabled in config. It won't be possible to verify any update.

abort() was called at PC 0x42003624 on core 0


Backtrace: 0x403774be:0x3fceb0d0 0x4037ff99:0x3fceb0f0 0x40388c09:0x3fceb110 0x42003624:0x3fceb180 0x4200364b:0x3fceb210 0x4200312f:0x3fceb230 0x4200313b:0x3fceb250 0x42005bde:0x3fceb280 0x42005c29:0x3fceb2a0 0x42005c93:0x3fceb2c0 0x40376e56:0x3fceb2e0 0x403cc950:0x3fceb340 0x403ccdb5:0x3fceb380 0x403c896d:0x3fceb4b0 0x40045c01:0x3fceb570 0x40043ab6:0x3fceb6f0 0x40034c45:0x3fceb710




ELF file SHA256: 404b1b407

Rebooting...
ESP-ROM:esp32s3-20210327
Build:Mar 27 2021
rst:0xc (RTC_SW_CPU_RST),boot:0x29 (SPI_FAST_FLASH_BOOT)
Saved PC:0x403773f8
SPIWP:0xee
mode:DIO, clock div:1
load:0x3fce2810,len:0x178c
load:0x403c8700,len:0x4
load:0x403c8704,len:0xc10
load:0x403cb700,len:0x2e20
entry 0x403c8904
I (26) boot: ESP-IDF v5.3.1 2nd stage bootloader
I (26) boot: compile time Sep 29 2026 13:01:14
I (26) boot: Multicore bootloader
I (27) boot: chip revision: v0.2
I (27) boot.esp32s3: Boot SPI Speed : 80MHz
I (27) boot.esp32s3: SPI Mode       : DIO
I (27) boot.esp32s3: SPI Flash Size : 8MB
I (27) boot: Enabling RNG early entropy source...
I (28) boot: Partition Table:
I (28) boot: ## Label            Usage          Type ST Offset   Length
I (28) boot:  0 nvs              WiFi data        01 02 00009000 00006000
I (28) boot:  1 otadata          OTA data         01 00 0000f000 00002000
I (29) boot:  2 phy_init         RF data          01 01 00011000 00001000
I (29) boot:  3 nvs_keys         NVS keys         01 04 00012000 00001000
I (30) boot:  4 secret           WiFi data        01 02 00013000 00003000
I (30) boot:  5 factory          factory app      00 00 00020000 00250000
I (30) boot:  6 ota_0            OTA app          00 10 00270000 00250000
I (31) boot:  7 ota_1            OTA app          00 11 004c0000 00250000
I (31) boot: End of partition table
I (32) boot: Defaulting to factory image
I (32) esp_image: segment 0: paddr=00020020 vaddr=3c0c0020 size=39928h (235816) map
I (75) esp_image: segment 1: paddr=00059950 vaddr=3fc9dc00 size=05344h ( 21316) load
I (79) esp_image: segment 2: paddr=0005ec9c vaddr=40374000 size=0137ch (  4988) load
I (81) esp_image: segment 3: paddr=00060020 vaddr=42000020 size=b1edch (728796) map
I (212) esp_image: segment 4: paddr=00111f04 vaddr=4037537c size=18808h (100360) load
I (234) esp_image: segment 5: paddr=0012a714 vaddr=50000000 size=00c8ch (  3212) load
I (235) esp_image: segment 6: paddr=0012b3a8 vaddr=600fe000 size=00100h (   256) load
I (236) esp_image: segment 7: paddr=0012b4b0 vaddr=600fe100 size=00008h (     8) load
I (236) esp_image: segment 8: paddr=0012b4c0 vaddr=00000000 size=04b10h ( 19216) 
I (251) boot: Loaded app from partition at offset 0x20000
I (252) boot: Disabling RNG early entropy source...
I (253) octal_psram: vendor id    : 0x0d (AP)
I (253) octal_psram: dev id       : 0x02 (generation 3)
I (253) octal_psram: density      : 0x03 (64 Mbit)
I (253) octal_psram: good-die     : 0x01 (Pass)
I (254) octal_psram: Latency      : 0x01 (Fixed)
I (254) octal_psram: VCC          : 0x01 (3V)
I (254) octal_psram: SRF          : 0x01 (Fast Refresh)
I (254) octal_psram: BurstType    : 0x01 (Hybrid Wrap)
I (255) octal_psram: BurstLen     : 0x01 (32 Byte)
I (255) octal_psram: Readlatency  : 0x02 (10 cycles@Fixed)
I (255) octal_psram: DriveStrength: 0x00 (1/1)
I (256) MSPI Timing: PSRAM timing tuning index: 5
I (257) esp_psram: Found 8MB PSRAM device
I (257) esp_psram: Speed: 80MHz
I (257) cpu_start: Multicore app
I (266) cpu_start: Pro cpu start user code
I (266) cpu_start: cpu freq: 160000000 Hz
I (267) app_init: Application information:
I (267) app_init: Project name:     skypane
I (267) app_init: App version:      fw-v9.9.8-bench
I (267) app_init: Compile time:     Sep 29 2026 13:01:11
I (267) app_init: ELF file SHA256:  404b1b407...
I (267) app_init: ESP-IDF:          v5.3.1
I (268) efuse_init: Min chip rev:     v0.0
I (268) efuse_init: Max chip rev:     v0.99 
I (268) efuse_init: Chip rev:         v0.2
I (268) heap_init: Initializing. RAM available for dynamic allocation:
I (269) heap_init: At 3FCA97B0 len 0003FF60 (255 KiB): RAM
I (269) heap_init: At 3FCE9710 len 00005724 (21 KiB): RAM
I (269) heap_init: At 3FCF0000 len 00008000 (32 KiB): DRAM
I (269) heap_init: At 600FE108 len 00001EE0 (7 KiB): RTCRAM
I (270) esp_psram: Adding pool of 8192K of PSRAM memory to heap allocator
I (271) spi_flash: detected chip: generic
I (271) spi_flash: flash io: dio
W (271) spi_flash: Detected size(16384k) larger than the size in the binary image header(8192k). Using the size in the binary image header.
E (273) secure_boot_v2: No signatures were found for the running app
E (274) secure_boot: This app is not signed, but check signature on update is enabled in config. It won't be possible to verify any update.

abort() was called at PC 0x42003624 on core 0


Backtrace: 0x403774be:0x3fceb0d0 0x4037ff99:0x3fceb0f0 0x40388c09:0x3fceb110 0x42003624:0x3fceb180 0x4200364b:0x3fceb210 0x4200312f:0x3fceb230 0x4200313b:0x3fceb250 0x42005bde:0x3fceb280 0x42005c29:0x3fceb2a0 0x42005c93:0x3fceb2c0 0x40376e56:0x3fceb2e0 0x403cc950:0x3fceb340 0x403ccdb5:0x3fceb380 0x403c896d:0x3fceb4b0 0x40045c01:0x3fceb570 0x40043ab6:0x3fceb6f0 0x40034c45:0x3fceb710




ELF file SHA256: 404b1b407

Rebooting...
ESP-ROM:esp32s3-20210327
Build:Mar 27 2021
rst:0xc (RTC_SW_CPU_RST),boot:0x29 (SPI_FAST_FLASH_BOOT)
Saved PC:0x403773f8
SPIWP:0xee
mode:DIO, clock div:1
load:0x3fce2810,len:0x178c
load:0x403c8700,len:0x4
load:0x403c8704,len:0xc10
load:0x403cb700,len:0x2e20
entry 0x403c8904
I (26) boot: ESP-IDF v5.3.1 2nd stage bootloader
I (26) boot: compile time Sep 29 2026 13:01:14
I (26) boot: Multicore bootloader
I (27) boot: chip revision: v0.2
I (27) boot.esp32s3: Boot SPI Speed : 80MHz
I (27) boot.esp32s3: SPI Mode       : DIO
I (27) boot.esp32s3: SPI Flash Size : 8MB
I (27) boot: Enabling RNG early entropy source...
I (28) boot: Partition Table:
I (28) boot: ## Label            Usage          Type ST Offset   Length
I (28) boot:  0 nvs              WiFi data        01 02 00009000 00006000
I (28) boot:  1 otadata          OTA data         01 00 0000f000 00002000
I (29) boot:  2 phy_init         RF data          01 01 00011000 00001000
I (29) boot:  3 nvs_keys         NVS keys         01 04 00012000 00001000
I (30) boot:  4 secret           WiFi data        01 02 00013000 00003000
I (30) boot:  5 factory          factory app      00 00 00020000 00250000
I (30) boot:  6 ota_0            OTA app          00 10 00270000 00250000
I (31) boot:  7 ota_1            OTA app          00 11 004c0000 00250000
I (31) boot: End of partition table
I (32) boot: Defaulting to factory image
I (32) esp_image: segment 0: paddr=00020020 vaddr=3c0c0020 size=39928h (235816) map
I (75) esp_image: segment 1: paddr=00059950 vaddr=3fc9dc00 size=05344h ( 21316) load
I (79) esp_image: segment 2: paddr=0005ec9c vaddr=40374000 size=0137ch (  4988) load
I (81) esp_image: segment 3: paddr=00060020 vaddr=42000020 size=b1edch (728796) map
I (212) esp_image: segment 4: paddr=00111f04 vaddr=4037537c size=18808h (100360) load
I (234) esp_image: segment 5: paddr=0012a714 vaddr=50000000 size=00c8ch (  3212) load
I (235) esp_image: segment 6: paddr=0012b3a8 vaddr=600fe000 size=00100h (   256) load
I (236) esp_image: segment 7: paddr=0012b4b0 vaddr=600fe100 size=00008h (     8) load
I (236) esp_image: segment 8: paddr=0012b4c0 vaddr=00000000 size=04b10h ( 19216) 
I (251) boot: Loaded app from partition at offset 0x20000
I (252) boot: Disabling RNG early entropy source...
I (253) octal_psram: vendor id    : 0x0d (AP)
I (253) octal_psram: dev id       : 0x02 (generation 3)
I (253) octal_psram: density      : 0x03 (64 Mbit)
I (253) octal_psram: good-die     : 0x01 (Pass)
I (254) octal_psram: Latency      : 0x01 (Fixed)
I (254) octal_psram: VCC          : 0x01 (3V)
I (254) octal_psram: SRF          : 0x01 (Fast Refresh)
I (254) octal_psram: BurstType    : 0x01 (Hybrid Wrap)
I (255) octal_psram: BurstLen     : 0x01 (32 Byte)
I (255) octal_psram: Readlatency  : 0x02 (10 cycles@Fixed)
I (255) octal_psram: DriveStrength: 0x00 (1/1)
I (256) MSPI Timing: PSRAM timing tuning index: 5
I (256) esp_psram: Found 8MB PSRAM device
I (257) esp_psram: Speed: 80MHz
I (257) cpu_start: Multicore app
I (266) cpu_start: Pro cpu start user code
I (266) cpu_start: cpu freq: 160000000 Hz
I (266) app_init: Application information:
I (266) app_init: Project name:     skypane
I (267) app_init: App version:      fw-v9.9.8-bench
I (267) app_init: Compile time:     Sep 29 2026 13:01:11
I (267) app_init: ELF file SHA256:  404b1b407...
I (267) app_init: ESP-IDF:          v5.3.1
I (267) efuse_init: Min chip rev:     v0.0
I (268) efuse_init: Max chip rev:     v0.99 
I (268) efuse_init: Chip rev:         v0.2
I (268) heap_init: Initializing. RAM available for dynamic allocation:
I (268) heap_init: At 3FCA97B0 len 0003FF60 (255 KiB): RAM
I (269) heap_init: At 3FCE9710 len 00005724 (21 KiB): RAM
I (269) heap_init: At 3FCF0000 len 00008000 (32 KiB): DRAM
I (269) heap_init: At 600FE108 len 00001EE0 (7 KiB): RTCRAM
I (270) esp_psram: Adding pool of 8192K of PSRAM memory to heap allocator
I (271) spi_flash: detected chip: generic
I (271) spi_flash: flash io: dio
W (271) spi_flash: Detected size(16384k) larger than the size in the binary image header(8192k). Using the size in the binary image header.
E (273) secure_boot_v2: No signatures were found for the running app
E (273) secure_boot: This app is not signed, but check signature on update is enabled in config. It won't be possible to verify any update.

abort() was called at PC 0x42003624 on core 0


Backtrace: 0x403774be:0x3fceb0d0 0x4037ff99:0x3fceb0f0 0x40388c09:0x3fceb110 0x42003624:0x3fceb180 0x4200364b:0x3fceb210 0x4200312f:0x3fceb230 0x4200313b:0x3fceb250 0x42005bde:0x3fceb280 0x42005c29:0x3fceb2a0 0x42005c93:0x3fceb2c0 0x40376e56:0x3fceb2e0 0x403cc950:0x3fceb340 0x403ccdb5:0x3fceb380 0x403c896d:0x3fceb4b0 0x40045c01:0x3fceb570 0x40043ab6:0x3fceb6f0 0x40034c45:0x3fceb710




ELF file SHA256: 404b1b407

Rebooting...
ESP-ROM:esp32s3-20210327
Build:Mar 27 2021
rst:0xc (RTC_SW_CPU_RST),boot:0x29 (SPI_FAST_FLASH_BOOT)
Saved PC:0x403773f8
SPIWP:0xee
mode:DIO, clock div:1
load:0x3fce2810,len:0x178c
load:0x403c8700,len:0x4
load:0x403c8704,len:0xc10
load:0x403cb700,len:0x2e20
entry 0x403c8904
I (26) boot: ESP-IDF v5.3.1 2nd stage bootloader
I (26) boot: compile time Sep 29 2026 13:01:14
I (26) boot: Multicore bootloader
I (27) boot: chip revision: v0.2
I (27) boot.esp32s3: Boot SPI Speed : 80MHz
I (27) boot.esp32s3: SPI Mode       : DIO
I (27) boot.esp32s3: SPI Flash Size : 8MB
I (27) boot: Enabling RNG early entropy source...
I (28) boot: Partition Table:
I (28) boot: ## Label            Usage          Type ST Offset   Length
I (28) boot:  0 nvs              WiFi data        01 02 00009000 00006000
I (29) boot:  1 otadata          OTA data         01 00 0000f000 00002000
I (29) boot:  2 phy_init         RF data          01 01 00011000 00001000
I (29) boot:  3 nvs_keys         NVS keys         01 04 00012000 00001000
I (30) boot:  4 secret           WiFi data        01 02 00013000 00003000
I (30) boot:  5 factory          factory app      00 00 00020000 00250000
I (31) boot:  6 ota_0            OTA app          00 10 00270000 00250000
I (31) boot:  7 ota_1            OTA app          00 11 004c0000 00250000
I (31) boot: End of partition table
I (32) boot: Defaulting to factory image
I (32) esp_image: segment 0: paddr=00020020 vaddr=3c0c0020 size=39928h (235816) map
I (75) esp_image: segment 1: paddr=00059950 vaddr=3fc9dc00 size=05344h ( 21316) load
I (79) esp_image: segment 2: paddr=0005ec9c vaddr=40374000 size=0137ch (  4988) load
I (81) esp_image: segment 3: paddr=00060020 vaddr=42000020 size=b1edch (728796) map
I (212) esp_image: segment 4: paddr=00111f04 vaddr=4037537c size=18808h (100360) load
I (234) esp_image: segment 5: paddr=0012a714 vaddr=50000000 size=00c8ch (  3212) load
I (235) esp_image: segment 6: paddr=0012b3a8 vaddr=600fe000 size=00100h (   256) load
I (236) esp_image: segment 7: paddr=0012b4b0 vaddr=600fe100 size=00008h (     8) load
I (236) esp_image: segment 8: paddr=0012b4c0 vaddr=00000000 size=04b10h ( 19216) 
I (251) boot: Loaded app from partition at offset 0x20000
I (252) boot: Disabling RNG early entropy source...
I (253) octal_psram: vendor id    : 0x0d (AP)
I (253) octal_psram: dev id       : 0x02 (generation 3)
I (253) octal_psram: density      : 0x03 (64 Mbit)
I (253) octal_psram: good-die     : 0x01 (Pass)
I (254) octal_psram: Latency      : 0x01 (Fixed)
I (254) octal_psram: VCC          : 0x01 (3V)
I (254) octal_psram: SRF          : 0x01 (Fast Refresh)
I (254) octal_psram: BurstType    : 0x01 (Hybrid Wrap)
I (255) octal_psram: BurstLen     : 0x01 (32 Byte)
I (255) octal_psram: Readlatency  : 0x02 (10 cycles@Fixed)
I (255) octal_psram: DriveStrength: 0x00 (1/1)
I (256) MSPI Timing: PSRAM timing tuning index: 4
I (256) esp_psram: Found 8MB PSRAM device
I (257) esp_psram: Speed: 80MHz
I (257) cpu_start: Multicore app
I (266) cpu_start: Pro cpu start user code
I (266) cpu_start: cpu freq: 160000000 Hz
I (266) app_init: Application information:
I (266) app_init: Project name:     skypane
I (267) app_init: App version:      fw-v9.9.8-bench
I (267) app_init: Compile time:     Sep 29 2026 13:01:11
I (267) app_init: ELF file SHA256:  404b1b407...
I (267) app_init: ESP-IDF:          v5.3.1
I (267) efuse_init: Min chip rev:     v0.0
I (268) efuse_init: Max chip rev:     v0.99 
I (268) efuse_init: Chip rev:         v0.2
I (268) heap_init: Initializing. RAM available for dynamic allocation:
I (268) heap_init: At 3FCA97B0 len 0003FF60 (255 KiB): RAM
I (268) heap_init: At 3FCE9710 len 00005724 (21 KiB): RAM
I (269) heap_init: At 3FCF0000 len 00008000 (32 KiB): DRAM
I (269) heap_init: At 600FE108 len 00001EE0 (7 KiB): RTCRAM
I (269) esp_psram: Adding pool of 8192K of PSRAM memory to heap allocator
I (271) spi_flash: detected chip: generic
I (271) spi_flash: flash io: dio
W (271) spi_flash: Detected size(16384k) larger than the size in the binary image header(8192k). Using the size in the binary image header.
E (273) secure_boot_v2: No signatures were found for the running app
E (273) secure_boot: This app is not signed, but check signature on update is enabled in config. It won't be possible to verify any update.

abort() was called at PC 0x42003624 on core 0


Backtrace: 0x403774be:0x3fceb0d0 0x4037ff99:0x3fceb0f0 0x40388c09:0x3fceb110 0x42003624:0x3fceb180 0x4200364b:0x3fceb210 0x4200312f:0x3fceb230 0x4200313b:0x3fceb250 0x42005bde:0x3fceb280 0x42005c29:0x3fceb2a0 0x42005c93:0x3fceb2c0 0x40376e56:0x3fceb2e0 0x403cc950:0x3fceb340 0x403ccdb5:0x3fceb380 0x403c896d:0x3fceb4b0 0x40045c01:0x3fceb570 0x40043ab6:0x3fceb6f0 0x40034c45:0x3fceb710




ELF file SHA256: 404b1b407

Rebooting...
ESP-ROM:esp32s3-20210327
Build:Mar 27 2021
rst:0xc (RTC_SW_CPU_RST),boot:0x29 (SPI_FAST_FLASH_BOOT)
Saved PC:0x403773f8
SPIWP:0xee
mode:DIO, clock div:1
load:0x3fce2810,len:0x178c
load:0x403c8700,len:0x4
load:0x403c8704,len:0xc10
load:0x403cb700,len:0x2e20
entry 0x403c8904
I (26) boot: ESP-IDF v5.3.1 2nd stage bootloader
I (26) boot: compile time Sep 29 2026 13:01:14
I (26) boot: Multicore bootloader
I (27) boot: chip revision: v0.2
I (27) boot.esp32s3: Boot SPI Speed : 80MHz
I (27) boot.esp32s3: SPI Mode       : DIO
I (27) boot.esp32s3: SPI Flash Size : 8MB
I (27) boot: Enabling RNG early entropy source...
I (28) boot: Partition Table:
I (28) boot: ## Label            Usage          Type ST Offset   Length
I (28) boot:  0 nvs              WiFi data        01 02 00009000 00006000
I (28) boot:  1 otadata          OTA data         01 00 0000f000 00002000
I (29) boot:  2 phy_init         RF data          01 01 00011000 00001000
I (29) boot:  3 nvs_keys         NVS keys         01 04 00012000 00001000
I (30) boot:  4 secret           WiFi data        01 02 00013000 00003000
I (30) boot:  5 factory          factory app      00 00 00020000 00250000
I (30) boot:  6 ota_0            OTA app          00 10 00270000 00250000
I (31) boot:  7 ota_1            OTA app          00 11 004c0000 00250000
I (31) boot: End of partition table
I (32) boot: Defaulting to factory image
I (32) esp_image: segment 0: paddr=00020020 vaddr=3c0c0020 size=39928h (235816) map
I (75) esp_image: segment 1: paddr=00059950 vaddr=3fc9dc00 size=05344h ( 21316) load
I (79) esp_image: segment 2: paddr=0005ec9c vaddr=40374000 size=0137ch (  4988) load
I (81) esp_image: segment 3: paddr=00060020 vaddr=42000020 size=b1edch (728796) map
I (212) esp_image: segment 4: paddr=00111f04 vaddr=4037537c size=18808h (100360) load
I (234) esp_image: segment 5: paddr=0012a714 vaddr=50000000 size=00c8ch (  3212) load
I (235) esp_image: segment 6: paddr=0012b3a8 vaddr=600fe000 size=00100h (   256) load
I (236) esp_image: segment 7: paddr=0012b4b0 vaddr=600fe100 size=00008h (     8) load
I (236) esp_image: segment 8: paddr=0012b4c0 vaddr=00000000 size=04b10h ( 19216) 
I (251) boot: Loaded app from partition at offset 0x20000
I (251) boot: Disabling RNG early entropy source...
I (253) octal_psram: vendor id    : 0x0d (AP)
I (253) octal_psram: dev id       : 0x02 (generation 3)
I (253) octal_psram: density      : 0x03 (64 Mbit)
I (253) octal_psram: good-die     : 0x01 (Pass)
I (253) octal_psram: Latency      : 0x01 (Fixed)
I (254) octal_psram: VCC          : 0x01 (3V)
I (254) octal_psram: SRF          : 0x01 (Fast Refresh)
I (254) octal_psram: BurstType    : 0x01 (Hybrid Wrap)
I (255) octal_psram: BurstLen     : 0x01 (32 Byte)
I (255) octal_psram: Readlatency  : 0x02 (10 cycles@Fixed)
I (255) octal_psram: DriveStrength: 0x00 (1/1)
I (256) MSPI Timing: PSRAM timing tuning index: 4
I (256) esp_psram: Found 8MB PSRAM device
I (256) esp_psram: Speed: 80MHz
I (257) cpu_start: Multicore app
I (266) cpu_start: Pro cpu start user code
I (266) cpu_start: cpu freq: 160000000 Hz
I (266) app_init: Application information:
I (266) app_init: Project name:     skypane
I (266) app_init: App version:      fw-v9.9.8-bench
I (267) app_init: Compile time:     Sep 29 2026 13:01:11
I (267) app_init: ELF file SHA256:  404b1b407...
I (267) app_init: ESP-IDF:          v5.3.1
I (267) efuse_init: Min chip rev:     v0.0
I (267) efuse_init: Max chip rev:     v0.99 
I (268) efuse_init: Chip rev:         v0.2
I (268) heap_init: Initializing. RAM available for dynamic allocation:
I (268) heap_init: At 3FCA97B0 len 0003FF60 (255 KiB): RAM
I (268) heap_init: At 3FCE9710 len 00005724 (21 KiB): RAM
I (269) heap_init: At 3FCF0000 len 00008000 (32 KiB): DRAM
I (269) heap_init: At 600FE108 len 00001EE0 (7 KiB): RTCRAM
I (270) esp_psram: Adding pool of 8192K of PSRAM memory to heap allocator
I (271) spi_flash: detected chip: generic
I (271) spi_flash: flash io: dio
W (271) spi_flash: Detected size(16384k) larger than the size in the binary image header(8192k). Using the size in the binary image header.
E (273) secure_boot_v2: No signatures were found for the running app
E (273) secure_boot: This app is not signed, but check signature on update is enabled in config. It won't be possible to verify any update.

abort() was called at PC 0x42003624 on core 0


Backtrace: 0x403774be:0x3fceb0d0 0x4037ff99:0x3fceb0f0 0x40388c09:0x3fceb110 0x42003624:0x3fceb180 0x4200364b:0x3fceb210 0x4200312f:0x3fceb230 0x4200313b:0x3fceb250 0x42005bde:0x3fceb280 0x42005c29:0x3fceb2a0 0x42005c93:0x3fceb2c0 0x40376e56:0x3fceb2e0 0x403cc950:0x3fceb340 0x403ccdb5:0x3fceb380 0x403c896d:0x3fceb4b0 0x40045c01:0x3fceb570 0x40043ab6:0x3fceb6f0 0x40034c45:0x3fceb710




ELF file SHA256: 404b1b407

Rebooting...
ESP-ROM:esp32s3-20210327
Build:Mar 27 2021
rst:0xc (RTC_SW_CPU_RST),boot:0x29 (SPI_FAST_FLASH_BOOT)
Saved PC:0x403773f8
SPIWP:0xee
mode:DIO, clock div:1
load:0x3fce2810,len:0x178c
load:0x403c8700,len:0x4
load:0x403c8704,len:0xc10
load:0x403cb700,len:0x2e20
entry 0x403c8904
I (26) boot: ESP-IDF v5.3.1 2nd stage bootloader
I (26) boot: compile time Sep 29 2026 13:01:14
I (26) boot: Multicore bootloader
I (27) boot: chip revision: v0.2
I (27) boot.esp32s3: Boot SPI Speed : 80MHz
I (27) boot.esp32s3: SPI Mode       : DIO
I (27) boot.esp32s3: SPI Flash Size : 8MB
I (27) boot: Enabling RNG early entropy source...
I (28) boot: Partition Table:
I (28) boot: ## Label            Usage          Type ST Offset   Length
I (28) boot:  0 nvs              WiFi data        01 02 00009000 00006000
I (29) boot:  1 otadata          OTA data         01 00 0000f000 00002000
I (29) boot:  2 phy_init         RF data          01 01 00011000 00001000
I (29) boot:  3 nvs_keys         NVS keys         01 04 00012000 00001000
I (30) boot:  4 secret           WiFi data        01 02 00013000 00003000
I (30) boot:  5 factory          factory app      00 00 00020000 00250000
I (31) boot:  6 ota_0            OTA app          00 10 00270000 00250000
I (31) boot:  7 ota_1            OTA app          00 11 004c0000 00250000
I (31) boot: End of partition table
I (32) boot: Defaulting to factory image
I (32) esp_image: segment 0: paddr=00020020 vaddr=3c0c0020 size=39928h (235816) map
I (75) esp_image: segment 1: paddr=00059950 vaddr=3fc9dc00 size=05344h ( 21316) load
I (79) esp_image: segment 2: paddr=0005ec9c vaddr=40374000 size=0137ch (  4988) load
I (81) esp_image: segment 3: paddr=00060020 vaddr=42000020 size=b1edch (728796) map
I (212) esp_image: segment 4: paddr=00111f04 vaddr=4037537c size=18808h (100360) load
I (234) esp_image: segment 5: paddr=0012a714 vaddr=50000000 size=00c8ch (  3212) load
I (235) esp_image: segment 6: paddr=0012b3a8 vaddr=600fe000 size=00100h (   256) load
I (236) esp_image: segment 7: paddr=0012b4b0 vaddr=600fe100 size=00008h (     8) load
I (236) esp_image: segment 8: paddr=0012b4c0 vaddr=00000000 size=04b10h ( 19216) 
I (251) boot: Loaded app from partition at offset 0x20000
I (252) boot: Disabling RNG early entropy source...
I (253) octal_psram: vendor id    : 0x0d (AP)
I (253) octal_psram: dev id       : 0x02 (generation 3)
I (253) octal_psram: density      : 0x03 (64 Mbit)
I (253) octal_psram: good-die     : 0x01 (Pass)
I (254) octal_psram: Latency      : 0x01 (Fixed)
I (254) octal_psram: VCC          : 0x01 (3V)
I (254) octal_psram: SRF          : 0x01 (Fast Refresh)
I (254) octal_psram: BurstType    : 0x01 (Hybrid Wrap)
I (255) octal_psram: BurstLen     : 0x01 (32 Byte)
I (255) octal_psram: Readlatency  : 0x02 (10 cycles@Fixed)
I (255) octal_psram: DriveStrength: 0x00 (1/1)
I (256) MSPI Timing: PSRAM timing tuning index: 5
I (256) esp_psram: Found 8MB PSRAM device
I (257) esp_psram: Speed: 80MHz
I (257) cpu_start: Multicore app
I (266) cpu_start: Pro cpu start user code
I (266) cpu_start: cpu freq: 160000000 Hz
I (266) app_init: Application information:
I (266) app_init: Project name:     skypane
I (267) app_init: App version:      fw-v9.9.8-bench
I (267) app_init: Compile time:     Sep 29 2026 13:01:11
I (267) app_init: ELF file SHA256:  404b1b407...
I (267) app_init: ESP-IDF:          v5.3.1
I (267) efuse_init: Min chip rev:     v0.0
I (268) efuse_init: Max chip rev:     v0.99 
I (268) efuse_init: Chip rev:         v0.2
I (268) heap_init: Initializing. RAM available for dynamic allocation:
I (268) heap_init: At 3FCA97B0 len 0003FF60 (255 KiB): RAM
I (268) heap_init: At 3FCE9710 len 00005724 (21 KiB): RAM
I (269) heap_init: At 3FCF0000 len 00008000 (32 KiB): DRAM
I (269) heap_init: At 600FE108 len 00001EE0 (7 KiB): RTCRAM
I (269) esp_psram: Adding pool of 8192K of PSRAM memory to heap allocator
I (271) spi_flash: detected chip: generic
I (271) spi_flash: flash io: dio
W (271) spi_flash: Detected size(16384k) larger than the size in the binary image header(8192k). Using the size in the binary image header.
E (273) secure_boot_v2: No signatures were found for the running app
E (273) secure_boot: This app is not signed, but check signature on update is enabled in config. It won't be possible to verify any update.

abort() was called at PC 0x42003624 on core 0


Backtrace: 0x403774be:0x3fceb0d0 0x4037ff99:0x3fceb0f0 0x40388c09:0x3fceb110 0x42003624:0x3fceb180 0x4200364b:0x3fceb210 0x4200312f:0x3fceb230 0x4200313b:0x3fceb250 0x42005bde:0x3fceb280 0x42005c29:0x3fceb2a0 0x42005c93:0x3fceb2c0 0x40376e56:0x3fceb2e0 0x403cc950:0x3fceb340 0x403ccdb5:0x3fceb380 0x403c896d:0x3fceb4b0 0x40045c01:0x3fceb570 0x40043ab6:0x3fceb6f0 0x40034c45:0x3fceb710




ELF file SHA256: 404b1b407

Rebooting...
ESP-ROM:esp32s3-20210327
Build:Mar 27 2021
rst:0xc (RTC_SW_CPU_RST),boot:0x29 (SPI_FAST_FLASH_BOOT)
Saved PC:0x403773f8
SPIWP:0xee
mode:DIO, clock div:1
load:0x3fce2810,len:0x178c
load:0x403c8700,len:0x4
load:0x403c8704,len:0xc10
load:0x403cb700,len:0x2e20
entry 0x403c8904
I (26) boot: ESP-IDF v5.3.1 2nd stage bootloader
I (26) boot: compile time Sep 29 2026 13:01:14
I (26) boot: Multicore bootloader
I (27) boot: chip revision: v0.2
I (27) boot.esp32s3: Boot SPI Speed : 80MHz
I (27) boot.esp32s3: SPI Mode       : DIO
I (27) boot.esp32s3: SPI Flash Size : 8MB
I (27) boot: Enabling RNG early entropy source...
I (28) boot: Partition Table:
I (28) boot: ## Label            Usage          Type ST Offset   Length
I (28) boot:  0 nvs              WiFi data        01 02 00009000 00006000
I (28) boot:  1 otadata          OTA data         01 00 0000f000 00002000
I (29) boot:  2 phy_init         RF data          01 01 00011000 00001000
I (29) boot:  3 nvs_keys         NVS keys         01 04 00012000 00001000
I (30) boot:  4 secret           WiFi data        01 02 00013000 00003000
I (30) boot:  5 factory          factory app      00 00 00020000 00250000
I (30) boot:  6 ota_0            OTA app          00 10 00270000 00250000
I (31) boot:  7 ota_1            OTA app          00 11 004c0000 00250000
I (31) boot: End of partition table
I (32) boot: Defaulting to factory image
I (32) esp_image: segment 0: paddr=00020020 vaddr=3c0c0020 size=39928h (235816) map
I (75) esp_image: segment 1: paddr=00059950 vaddr=3fc9dc00 size=05344h ( 21316) load
I (79) esp_image: segment 2: paddr=0005ec9c vaddr=40374000 size=0137ch (  4988) load
I (81) esp_image: segment 3: paddr=00060020 vaddr=42000020 size=b1edch (728796) map
I (212) esp_image: segment 4: paddr=00111f04 vaddr=4037537c size=18808h (100360) load
I (234) esp_image: segment 5: paddr=0012a714 vaddr=50000000 size=00c8ch (  3212) load
I (235) esp_image: segment 6: paddr=0012b3a8 vaddr=600fe000 size=00100h (   256) load
I (236) esp_image: segment 7: paddr=0012b4b0 vaddr=600fe100 size=00008h (     8) load
I (236) esp_image: segment 8: paddr=0012b4c0 vaddr=00000000 size=04b10h ( 19216) 
I (251) boot: Loaded app from partition at offset 0x20000
I (251) boot: Disabling RNG early entropy source...
I (253) octal_psram: vendor id    : 0x0d (AP)
I (253) octal_psram: dev id       : 0x02 (generation 3)
I (253) octal_psram: density      : 0x03 (64 Mbit)
I (253) octal_psram: good-die     : 0x01 (Pass)
I (253) octal_psram: Latency      : 0x01 (Fixed)
I (254) octal_psram: VCC          : 0x01 (3V)
I (254) octal_psram: SRF          : 0x01 (Fast Refresh)
I (254) octal_psram: BurstType    : 0x01 (Hybrid Wrap)
I (255) octal_psram: BurstLen     : 0x01 (32 Byte)
I (255) octal_psram: Readlatency  : 0x02 (10 cycles@Fixed)
I (255) octal_psram: DriveStrength: 0x00 (1/1)
I (256) MSPI Timing: PSRAM timing tuning index: 5
I (256) esp_psram: Found 8MB PSRAM device
I (256) esp_psram: Speed: 80MHz
I (257) cpu_start: Multicore app
I (266) cpu_start: Pro cpu start user code
I (266) cpu_start: cpu freq: 160000000 Hz
I (266) app_init: Application information:
I (266) app_init: Project name:     skypane
I (266) app_init: App version:      fw-v9.9.8-bench
I (267) app_init: Compile time:     Sep 29 2026 13:01:11
I (267) app_init: ELF file SHA256:  404b1b407...
I (267) app_init: ESP-IDF:          v5.3.1
I (267) efuse_init: Min chip rev:     v0.0
I (267) efuse_init: Max chip rev:     v0.99 
I (268) efuse_init: Chip rev:         v0.2
I (268) heap_init: Initializing. RAM available for dynamic allocation:
I (268) heap_init: At 3FCA97B0 len 0003FF60 (255 KiB): RAM
I (268) heap_init: At 3FCE9710 len 00005724 (21 KiB): RAM
I (269) heap_init: At 3FCF0000 len 00008000 (32 KiB): DRAM
I (269) heap_init: At 600FE108 len 00001EE0 (7 KiB): RTCRAM
I (269) esp_psram: Adding pool of 8192K of PSRAM memory to heap allocator
I (271) spi_flash: detected chip: generic
I (271) spi_flash: flash io: dio
W (271) spi_flash: Detected size(16384k) larger than the size in the binary image header(8192k). Using the size in the binary image header.
E (273) secure_boot_v2: No signatures were found for the running app
E (273) secure_boot: This app is not signed, but check signature on update is enabled in config. It won't be possible to verify any update.

abort() was called at PC 0x42003624 on core 0


Backtrace: 0x403774be:0x3fceb0d0 0x4037ff99:0x3fceb0f0 0x40388c09:0x3fceb110 0x42003624:0x3fceb180 0x4200364b:0x3fceb210 0x4200312f:0x3fceb230 0x4200313b:0x3fceb250 0x42005bde:0x3fceb280 0x42005c29:0x3fceb2a0 0x42005c93:0x3fceb2c0 0x40376e56:0x3fceb2e0 0x403cc950:0x3fceb340 0x403ccdb5:0x3fceb380 0x403c896d:0x3fceb4b0 0x40045c01:0x3fceb570 0x40043ab6:0x3fceb6f0 0x40034c45:0x3fceb710




ELF file SHA256: 404b1b407

Rebooting...
ESP-ROM:esp32s3-20210327
Build:Mar 27 2021
rst:0xc (RTC_SW_CPU_RST),boot:0x29 (SPI_FAST_FLASH_BOOT)
Saved PC:0x403773f8
SPIWP:0xee
mode:DIO, clock div:1
load:0x3fce2810,len:0x178c
load:0x403c8700,len:0x4
load:0x403c8704,len:0xc10
load:0x403cb700,len:0x2e20
entry 0x403c8904
I (26) boot: ESP-IDF v5.3.1 2nd stage bootloader
I (26) boot: compile time Sep 29 2026 13:01:14
I (26) boot: Multicore bootloader
I (27) boot: chip revision: v0.2
I (27) boot.esp32s3: Boot SPI Speed : 80MHz
I (27) boot.esp32s3: SPI Mode       : DIO
I (27) boot.esp32s3: SPI Flash Size : 8MB
I (27) boot: Enabling RNG early entropy source...
I (28) boot: Partition Table:
I (28) boot: ## Label            Usage          Type ST Offset   Length
I (28) boot:  0 nvs              WiFi data        01 02 00009000 00006000
I (28) boot:  1 otadata          OTA data         01 00 0000f000 00002000
I (29) boot:  2 phy_init         RF data          01 01 00011000 00001000
I (29) boot:  3 nvs_keys         NVS keys         01 04 00012000 00001000
I (30) boot:  4 secret           WiFi data        01 02 00013000 00003000
I (30) boot:  5 factory          factory app      00 00 00020000 00250000
I (30) boot:  6 ota_0            OTA app          00 10 00270000 00250000
I (31) boot:  7 ota_1            OTA app          00 11 004c0000 00250000
I (31) boot: End of partition table
I (32) boot: Defaulting to factory image
I (32) esp_image: segment 0: paddr=00020020 vaddr=3c0c0020 size=39928h (235816) map
I (75) esp_image: segment 1: paddr=00059950 vaddr=3fc9dc00 size=05344h ( 21316) load
I (79) esp_image: segment 2: paddr=0005ec9c vaddr=40374000 size=0137ch (  4988) load
I (81) esp_image: segment 3: paddr=00060020 vaddr=42000020 size=b1edch (728796) map
I (212) esp_image: segment 4: paddr=00111f04 vaddr=4037537c size=18808h (100360) load
I (234) esp_image: segment 5: paddr=0012a714 vaddr=50000000 size=00c8ch (  3212) load
I (235) esp_image: segment 6: paddr=0012b3a8 vaddr=600fe000 size=00100h (   256) load
I (236) esp_image: segment 7: paddr=0012b4b0 vaddr=600fe100 size=00008h (     8) load
I (236) esp_image: segment 8: paddr=0012b4c0 vaddr=00000000 size=04b10h ( 19216) 
I (251) boot: Loaded app from partition at offset 0x20000
I (251) boot: Disabling RNG early entropy source...
I (253) octal_psram: vendor id    : 0x0d (AP)
I (253) octal_psram: dev id       : 0x02 (generation 3)
I (253) octal_psram: density      : 0x03 (64 Mbit)
I (253) octal_psram: good-die     : 0x01 (Pass)
I (253) octal_psram: Latency      : 0x01 (Fixed)
I (254) octal_psram: VCC          : 0x01 (3V)
I (254) octal_psram: SRF          : 0x01 (Fast Refresh)
I (254) octal_psram: BurstType    : 0x01 (Hybrid Wrap)
I (255) octal_psram: BurstLen     : 0x01 (32 Byte)
I (255) octal_psram: Readlatency  : 0x02 (10 cycles@Fixed)
I (255) octal_psram: DriveStrength: 0x00 (1/1)
I (256) MSPI Timing: PSRAM timing tuning index: 5
I (256) esp_psram: Found 8MB PSRAM device
I (257) esp_psram: Speed: 80MHz
I (257) cpu_start: Multicore app
I (266) cpu_start: Pro cpu start user code
I (266) cpu_start: cpu freq: 160000000 Hz
I (266) app_init: Application information:
I (266) app_init: Project name:     skypane
I (267) app_init: App version:      fw-v9.9.8-bench
I (267) app_init: Compile time:     Sep 29 2026 13:01:11
I (267) app_init: ELF file SHA256:  404b1b407...
I (267) app_init: ESP-IDF:          v5.3.1
I (267) efuse_init: Min chip rev:     v0.0
I (268) efuse_init: Max chip rev:     v0.99 
I (268) efuse_init: Chip rev:         v0.2
I (268) heap_init: Initializing. RAM available for dynamic allocation:
I (268) heap_init: At 3FCA97B0 len 0003FF60 (255 KiB): RAM
I (269) heap_init: At 3FCE9710 len 00005724 (21 KiB): RAM
I (269) heap_init: At 3FCF0000 len 00008000 (32 KiB): DRAM
I (269) heap_init: At 600FE108 len 00001EE0 (7 KiB): RTCRAM
I (270) esp_psram: Adding pool of 8192K of PSRAM memory to heap allocator
I (271) spi_flash: detected chip: generic
I (271) spi_flash: flash io: dio
W (271) spi_flash: Detected size(16384k) larger than the size in the binary image header(8192k). Using the size in the binary image header.
E (273) secure_boot_v2: No signatures were found for the running app
E (274) secure_boot: This app is not signed, but check signature on update is enabled in config. It won't be possible to verify any update.

abort() was called at PC 0x42003624 on core 0


Backtrace: 0x403774be:0x3fceb0d0 0x4037ff99:0x3fceb0f0 0x40388c09:0x3fceb110 0x42003624:0x3fceb180 0x4200364b:0x3fceb210 0x4200312f:0x3fceb230 0x4200313b:0x3fceb250 0x42005bde:0x3fceb280 0x42005c29:0x3fceb2a0 0x42005c93:0x3fceb2c0 0x40376e56:0x3fceb2e0 0x403cc950:0x3fceb340 0x403ccdb5:0x3fceb380 0x403c896d:0x3fceb4b0 0x40045c01:0x3fceb570 0x40043ab6:0x3fceb6f0 0x40034c45:0x3fceb710




ELF file SHA256: 404b1b407

Rebooting...
ESP-ROM:esp32s3-20210327
Build:Mar 27 2021
rst:0xc (RTC_SW_CPU_RST),boot:0x29 (SPI_FAST_FLASH_BOOT)
Saved PC:0x403773f8
SPIWP:0xee
mode:DIO, clock div:1
load:0x3fce2810,len:0x178c
load:0x403c8700,len:0x4
load:0x403c8704,len:0xc10
load:0x403cb700,len:0x2e20
entry 0x403c8904
I (26) boot: ESP-IDF v5.3.1 2nd stage bootloader
I (26) boot: compile time Sep 29 2026 13:01:14
I (26) boot: Multicore bootloader
I (27) boot: chip revision: v0.2
I (27) boot.esp32s3: Boot SPI Speed : 80MHz
I (27) boot.esp32s3: SPI Mode       : DIO
I (27) boot.esp32s3: SPI Flash Size : 8MB
I (27) boot: Enabling RNG early entropy source...
I (28) boot: Partition Table:
I (28) boot: ## Label            Usage          Type ST Offset   Length
I (28) boot:  0 nvs              WiFi data        01 02 00009000 00006000
I (28) boot:  1 otadata          OTA data         01 00 0000f000 00002000
I (29) boot:  2 phy_init         RF data          01 01 00011000 00001000
I (29) boot:  3 nvs_keys         NVS keys         01 04 00012000 00001000
I (30) boot:  4 secret           WiFi data        01 02 00013000 00003000
I (30) boot:  5 factory          factory app      00 00 00020000 00250000
I (30) boot:  6 ota_0            OTA app          00 10 00270000 00250000
I (31) boot:  7 ota_1            OTA app          00 11 004c0000 00250000
I (31) boot: End of partition table
I (32) boot: Defaulting to factory image
I (32) esp_image: segment 0: paddr=00020020 vaddr=3c0c0020 size=39928h (235816) map
I (75) esp_image: segment 1: paddr=00059950 vaddr=3fc9dc00 size=05344h ( 21316) load
I (79) esp_image: segment 2: paddr=0005ec9c vaddr=40374000 size=0137ch (  4988) load
I (81) esp_image: segment 3: paddr=00060020 vaddr=42000020 size=b1edch (728796) map
I (212) esp_image: segment 4: paddr=00111f04 vaddr=4037537c size=18808h (100360) load
I (234) esp_image: segment 5: paddr=0012a714 vaddr=50000000 size=00c8ch (  3212) load
I (235) esp_image: segment 6: paddr=0012b3a8 vaddr=600fe000 size=00100h (   256) load
I (236) esp_image: segment 7: paddr=0012b4b0 vaddr=600fe100 size=00008h (     8) load
I (236) esp_image: segment 8: paddr=0012b4c0 vaddr=00000000 size=04b10h ( 19216) 
I (251) boot: Loaded app from partition at offset 0x20000
I (252) boot: Disabling RNG early entropy source...
I (253) octal_psram: vendor id    : 0x0d (AP)
I (253) octal_psram: dev id       : 0x02 (generation 3)
I (253) octal_psram: density      : 0x03 (64 Mbit)
I (253) octal_psram: good-die     : 0x01 (Pass)
I (254) octal_psram: Latency      : 0x01 (Fixed)
I (254) octal_psram: VCC          : 0x01 (3V)
I (254) octal_psram: SRF          : 0x01 (Fast Refresh)
I (254) octal_psram: BurstType    : 0x01 (Hybrid Wrap)
I (255) octal_psram: BurstLen     : 0x01 (32 Byte)
I (255) octal_psram: Readlatency  : 0x02 (10 cycles@Fixed)
I (255) octal_psram: DriveStrength: 0x00 (1/1)
I (256) MSPI Timing: PSRAM timing tuning index: 5
I (257) esp_psram: Found 8MB PSRAM device
I (257) esp_psram: Speed: 80MHz
I (257) cpu_start: Multicore app
I (266) cpu_start: Pro cpu start user code
I (266) cpu_start: cpu freq: 160000000 Hz
I (267) app_init: Application information:
I (267) app_init: Project name:     skypane
I (267) app_init: App version:      fw-v9.9.8-bench
I (267) app_init: Compile time:     Sep 29 2026 13:01:11
I (267) app_init: ELF file SHA256:  404b1b407...
I (267) app_init: ESP-IDF:          v5.3.1
I (268) efuse_init: Min chip rev:     v0.0
I (268) efuse_init: Max chip rev:     v0.99 
I (268) efuse_init: Chip rev:         v0.2
I (268) heap_init: Initializing. RAM available for dynamic allocation:
I (269) heap_init: At 3FCA97B0 len 0003FF60 (255 KiB): RAM
I (269) heap_init: At 3FCE9710 len 00005724 (21 KiB): RAM
I (269) heap_init: At 3FCF0000 len 00008000 (32 KiB): DRAM
I (269) heap_init: At 600FE108 len 00001EE0 (7 KiB): RTCRAM
I (270) esp_psram: Adding pool of 8192K of PSRAM memory to heap allocator
I (271) spi_flash: detected chip: generic
I (271) spi_flash: flash io: dio
W (271) spi_flash: Detected size(16384k) larger than the size in the binary image header(8192k). Using the size in the binary image header.
E (273) secure_boot_v2: No signatures were found for the running app
E (274) secure_boot: This app is not signed, but check signature on update is enabled in config. It won't be possible to verify any update.

abort() was called at PC 0x42003624 on core 0


Backtrace: 0x403774be:0x3fceb0d0 0x4037ff99:0x3fceb0f0 0x40388c09:0x3fceb110 0x42003624:0x3fceb180 0x4200364b:0x3fceb210 0x4200312f:0x3fceb230 0x4200313b:0x3fceb250 0x42005bde:0x3fceb280 0x42005c29:0x3fceb2a0 0x42005c93:0x3fceb2c0 0x40376e56:0x3fceb2e0 0x403cc950:0x3fceb340 0x403ccdb5:0x3fceb380 0x403c896d:0x3fceb4b0 0x40045c01:0x3fceb570 0x40043ab6:0x3fceb6f0 0x40034c45:0x3fceb710




ELF file SHA256: 404b1b407

Rebooting...
ESP-ROM:esp32s3-20210327
Build:Mar 27 2021
rst:0xc (RTC_SW_CPU_RST),boot:0x29 (SPI_FAST_FLASH_BOOT)
Saved PC:0x403773f8
SPIWP:0xee
mode:DIO, clock div:1
load:0x3fce2810,len:0x178c
load:0x403c8700,len:0x4
load:0x403c8704,len:0xc10
load:0x403cb700,len:0x2e20
entry 0x403c8904
I (26) boot: ESP-IDF v5.3.1 2nd stage bootloader
I (26) boot: compile time Sep 29 2026 13:01:14
I (26) boot: Multicore bootloader
I (27) boot: chip revision: v0.2
I (27) boot.esp32s3: Boot SPI Speed : 80MHz
I (27) boot.esp32s3: SPI Mode       : DIO
I (27) boot.esp32s3: SPI Flash Size : 8MB
I (27) boot: Enabling RNG early entropy source...
I (28) boot: Partition Table:
I (28) boot: ## Label            Usage          Type ST Offset   Length
I (28) boot:  0 nvs              WiFi data        01 02 00009000 00006000
I (28) boot:  1 otadata          OTA data         01 00 0000f000 00002000
I (29) boot:  2 phy_init         RF data          01 01 00011000 00001000
I (29) boot:  3 nvs_keys         NVS keys         01 04 00012000 00001000
I (30) boot:  4 secret           WiFi data        01 02 00013000 00003000
I (30) boot:  5 factory          factory app      00 00 00020000 00250000
I (30) boot:  6 ota_0            OTA app          00 10 00270000 00250000
I (31) boot:  7 ota_1            OTA app          00 11 004c0000 00250000
I (31) boot: End of partition table
I (32) boot: Defaulting to factory image
I (32) esp_image: segment 0: paddr=00020020 vaddr=3c0c0020 size=39928h (235816) map
I (75) esp_image: segment 1: paddr=00059950 vaddr=3fc9dc00 size=05344h ( 21316) load
I (79) esp_image: segment 2: paddr=0005ec9c vaddr=40374000 size=0137ch (  4988) load
I (81) esp_image: segment 3: paddr=00060020 vaddr=42000020 size=b1edch (728796) map
I (212) esp_image: segment 4: paddr=00111f04 vaddr=4037537c size=18808h (100360) load
I (234) esp_image: segment 5: paddr=0012a714 vaddr=50000000 size=00c8ch (  3212) load
I (235) esp_image: segment 6: paddr=0012b3a8 vaddr=600fe000 size=00100h (   256) load
I (236) esp_image: segment 7: paddr=0012b4b0 vaddr=600fe100 size=00008h (     8) load
I (236) esp_image: segment 8: paddr=0012b4c0 vaddr=00000000 size=04b10h ( 19216) 
I (251) boot: Loaded app from partition at offset 0x20000
I (252) boot: Disabling RNG early entropy source...
I (253) octal_psram: vendor id    : 0x0d (AP)
I (253) octal_psram: dev id       : 0x02 (generation 3)
I (253) octal_psram: density      : 0x03 (64 Mbit)
I (253) octal_psram: good-die     : 0x01 (Pass)
I (254) octal_psram: Latency      : 0x01 (Fixed)
I (254) octal_psram: VCC          : 0x01 (3V)
I (254) octal_psram: SRF          : 0x01 (Fast Refresh)
I (254) octal_psram: BurstType    : 0x01 (Hybrid Wrap)
I (255) octal_psram: BurstLen     : 0x01 (32 Byte)
I (255) octal_psram: Readlatency  : 0x02 (10 cycles@Fixed)
I (255) octal_psram: DriveStrength: 0x00 (1/1)
I (256) MSPI Timing: PSRAM timing tuning index: 5
I (256) esp_psram: Found 8MB PSRAM device
I (257) esp_psram: Speed: 80MHz
I (257) cpu_start: Multicore app
I (266) cpu_start: Pro cpu start user code
I (266) cpu_start: cpu freq: 160000000 Hz
I (266) app_init: Application information:
I (266) app_init: Project name:     skypane
I (267) app_init: App version:      fw-v9.9.8-bench
I (267) app_init: Compile time:     Sep 29 2026 13:01:11
I (267) app_init: ELF file SHA256:  404b1b407...
I (267) app_init: ESP-IDF:          v5.3.1
I (267) efuse_init: Min chip rev:     v0.0
I (268) efuse_init: Max chip rev:     v0.99 
I (268) efuse_init: Chip rev:         v0.2
I (268) heap_init: Initializing. RAM available for dynamic allocation:
I (268) heap_init: At 3FCA97B0 len 0003FF60 (255 KiB): RAM
I (269) heap_init: At 3FCE9710 len 00005724 (21 KiB): RAM
I (269) heap_init: At 3FCF0000 len 00008000 (32 KiB): DRAM
I (269) heap_init: At 600FE108 len 00001EE0 (7 KiB): RTCRAM
I (270) esp_psram: Adding pool of 8192K of PSRAM memory to heap allocator
I (271) spi_flash: detected chip: generic
I (271) spi_flash: flash io: dio
W (271) spi_flash: Detected size(16384k) larger than the size in the binary image header(8192k). Using the size in the binary image header.
E (273) secure_boot_v2: No signatures were found for the running app
E (273) secure_boot: This app is not signed, but check signature on update is enabled in config. It won't be possible to verify any update.

abort() was called at PC 0x42003624 on core 0


Backtrace: 0x403774be:0x3fceb0d0 0x4037ff99:0x3fceb0f0 0x40388c09:0x3fceb110 0x42003624:0x3fceb180 0x4200364b:0x3fceb210 0x4200312f:0x3fceb230 0x4200313b:0x3fceb250 0x42005bde:0x3fceb280 0x42005c29:0x3fceb2a0 0x42005c93:0x3fceb2c0 0x40376e56:0x3fceb2e0 0x403cc950:0x3fceb340 0x403ccdb5:0x3fceb380 0x403c896d:0x3fceb4b0 0x40045c01:0x3fceb570 0x40043ab6:0x3fceb6f0 0x40034c45:0x3fceb710




ELF file SHA256: 404b1b407

Rebooting...
ESP-ROM:esp32s3-20210327
Build:Mar 27 2021
rst:0xc (RTC_SW_CPU_RST),boot:0x29 (SPI_FAST_FLASH_BOOT)
Saved PC:0x403773f8
SPIWP:0xee
mode:DIO, clock div:1
load:0x3fce2810,len:0x178c
load:0x403c8700,len:0x4
load:0x403c8704,len:0xc10
load:0x403cb700,len:0x2e20
entry 0x403c8904
I (26) boot: ESP-IDF v5.3.1 2nd stage bootloader
I (26) boot: compile time Sep 29 2026 13:01:14
I (26) boot: Multicore bootloader
I (27) boot: chip revision: v0.2
I (27) boot.esp32s3: Boot SPI Speed : 80MHz
I (27) boot.esp32s3: SPI Mode       : DIO
I (27) boot.esp32s3: SPI Flash Size : 8MB
I (27) boot: Enabling RNG early entropy source...
I (28) boot: Partition Table:
I (28) boot: ## Label            Usage          Type ST Offset   Length
I (28) boot:  0 nvs              WiFi data        01 02 00009000 00006000
I (28) boot:  1 otadata          OTA data         01 00 0000f000 00002000
I (29) boot:  2 phy_init         RF data          01 01 00011000 00001000
I (29) boot:  3 nvs_keys         NVS keys         01 04 00012000 00001000
I (30) boot:  4 secret           WiFi data        01 02 00013000 00003000
I (30) boot:  5 factory          factory app      00 00 00020000 00250000
I (30) boot:  6 ota_0            OTA app          00 10 00270000 00250000
I (31) boot:  7 ota_1            OTA app          00 11 004c0000 00250000
I (31) boot: End of partition table
I (32) boot: Defaulting to factory image
I (32) esp_image: segment 0: paddr=00020020 vaddr=3c0c0020 size=39928h (235816) map
I (75) esp_image: segment 1: paddr=00059950 vaddr=3fc9dc00 size=05344h ( 21316) load
I (79) esp_image: segment 2: paddr=0005ec9c vaddr=40374000 size=0137ch (  4988) load
I (81) esp_image: segment 3: paddr=00060020 vaddr=42000020 size=b1edch (728796) map
I (212) esp_image: segment 4: paddr=00111f04 vaddr=4037537c size=18808h (100360) load
I (234) esp_image: segment 5: paddr=0012a714 vaddr=50000000 size=00c8ch (  3212) load
I (235) esp_image: segment 6: paddr=0012b3a8 vaddr=600fe000 size=00100h (   256) load
I (236) esp_image: segment 7: paddr=0012b4b0 vaddr=600fe100 size=00008h (     8) load
I (236) esp_image: segment 8: paddr=0012b4c0 vaddr=00000000 size=04b10h ( 19216) 
I (251) boot: Loaded app from partition at offset 0x20000
I (251) boot: Disabling RNG early entropy source...
I (253) octal_psram: vendor id    : 0x0d (AP)
I (253) octal_psram: dev id       : 0x02 (generation 3)
I (253) octal_psram: density      : 0x03 (64 Mbit)
I (253) octal_psram: good-die     : 0x01 (Pass)
I (253) octal_psram: Latency      : 0x01 (Fixed)
I (254) octal_psram: VCC          : 0x01 (3V)
I (254) octal_psram: SRF          : 0x01 (Fast Refresh)
I (254) octal_psram: BurstType    : 0x01 (Hybrid Wrap)
I (255) octal_psram: BurstLen     : 0x01 (32 Byte)
I (255) octal_psram: Readlatency  : 0x02 (10 cycles@Fixed)
I (255) octal_psram: DriveStrength: 0x00 (1/1)
I (256) MSPI Timing: PSRAM timing tuning index: 5
I (256) esp_psram: Found 8MB PSRAM device
I (256) esp_psram: Speed: 80MHz
I (257) cpu_start: Multicore app
I (266) cpu_start: Pro cpu start user code
I (266) cpu_start: cpu freq: 160000000 Hz
I (266) app_init: Application information:
I (266) app_init: Project name:     skypane
I (266) app_init: App version:      fw-v9.9.8-bench
I (267) app_init: Compile time:     Sep 29 2026 13:01:11
I (267) app_init: ELF file SHA256:  404b1b407...
I (267) app_init: ESP-IDF:          v5.3.1
I (267) efuse_init: Min chip rev:     v0.0
I (267) efuse_init: Max chip rev:     v0.99 
I (268) efuse_init: Chip rev:         v0.2
I (268) heap_init: Initializing. RAM available for dynamic allocation:
I (268) heap_init: At 3FCA97B0 len 0003FF60 (255 KiB): RAM
I (268) heap_init: At 3FCE9710 len 00005724 (21 KiB): RAM
I (269) heap_init: At 3FCF0000 len 00008000 (32 KiB): DRAM
I (269) heap_init: At 600FE108 len 00001EE0 (7 KiB): RTCRAM
I (269) esp_psram: Adding pool of 8192K of PSRAM memory to heap allocator
I (271) spi_flash: detected chip: generic
I (271) spi_flash: flash io: dio
W (271) spi_flash: Detected size(16384k) larger than the size in the binary image header(8192k). Using the size in the binary image header.
E (273) secure_boot_v2: No signatures were found for the running app
E (273) secure_boot: This app is not signed, but check signature on update is enabled in config. It won't be possible to verify any update.

abort() was called at PC 0x42003624 on core 0


Backtrace: 0x403774be:0x3fceb0d0 0x4037ff99:0x3fceb0f0 0x40388c09:0x3fceb110 0x42003624:0x3fceb180 0x4200364b:0x3fceb210 0x4200312f:0x3fceb230 0x4200313b:0x3fceb250 0x42005bde:0x3fceb280 0x42005c29:0x3fceb2a0 0x42005c93:0x3fceb2c0 0x40376e56:0x3fceb2e0 0x403cc950:0x3fceb340 0x403ccdb5:0x3fceb380 0x403c896d:0x3fceb4b0 0x40045c01:0x3fceb570 0x40043ab6:0x3fceb6f0 0x40034c45:0x3fceb710




ELF file SHA256: 404b1b407

Rebooting...
ESP-ROM:esp32s3-20210327
Build:Mar 27 2021
rst:0xc (RTC_SW_CPU_RST),boot:0x29 (SPI_FAST_FLASH_BOOT)
Saved PC:0x403773f8
SPIWP:0xee
mode:DIO, clock div:1
load:0x3fce2810,len:0x178c
load:0x403c8700,len:0x4
load:0x403c8704,len:0xc10
load:0x403cb700,len:0x2e20
entry 0x403c8904
I (26) boot: ESP-IDF v5.3.1 2nd stage bootloader
I (26) boot: compile time Sep 29 2026 13:01:14
I (26) boot: Multicore bootloader
I (27) boot: chip revision: v0.2
I (27) boot.esp32s3: Boot SPI Speed : 80MHz
I (27) boot.esp32s3: SPI Mode       : DIO
I (27) boot.esp32s3: SPI Flash Size : 8MB
I (27) boot: Enabling RNG early entropy source...
I (28) boot: Partition Table:
I (28) boot: ## Label            Usage          Type ST Offset   Length
I (28) boot:  0 nvs              WiFi data        01 02 00009000 00006000
I (28) boot:  1 otadata          OTA data         01 00 0000f000 00002000
I (29) boot:  2 phy_init         RF data          01 01 00011000 00001000
I (29) boot:  3 nvs_keys         NVS keys         01 04 00012000 00001000
I (30) boot:  4 secret           WiFi data        01 02 00013000 00003000
I (30) boot:  5 factory          factory app      00 00 00020000 00250000
I (30) boot:  6 ota_0            OTA app          00 10 00270000 00250000
I (31) boot:  7 ota_1            OTA app          00 11 004c0000 00250000
I (31) boot: End of partition table
I (32) boot: Defaulting to factory image
I (32) esp_image: segment 0: paddr=00020020 vaddr=3c0c0020 size=39928h (235816) map
I (75) esp_image: segment 1: paddr=00059950 vaddr=3fc9dc00 size=05344h ( 21316) load
I (79) esp_image: segment 2: paddr=0005ec9c vaddr=40374000 size=0137ch (  4988) load
I (81) esp_image: segment 3: paddr=00060020 vaddr=42000020 size=b1edch (728796) map
I (212) esp_image: segment 4: paddr=00111f04 vaddr=4037537c size=18808h (100360) load
I (234) esp_image: segment 5: paddr=0012a714 vaddr=50000000 size=00c8ch (  3212) load
I (235) esp_image: segment 6: paddr=0012b3a8 vaddr=600fe000 size=00100h (   256) load
I (236) esp_image: segment 7: paddr=0012b4b0 vaddr=600fe100 size=00008h (     8) load
I (236) esp_image: segment 8: paddr=0012b4c0 vaddr=00000000 size=04b10h ( 19216) 
I (251) boot: Loaded app from partition at offset 0x20000
I (251) boot: Disabling RNG early entropy source...
I (253) octal_psram: vendor id    : 0x0d (AP)
I (253) octal_psram: dev id       : 0x02 (generation 3)
I (253) octal_psram: density      : 0x03 (64 Mbit)
I (253) octal_psram: good-die     : 0x01 (Pass)
I (253) octal_psram: Latency      : 0x01 (Fixed)
I (254) octal_psram: VCC          : 0x01 (3V)
I (254) octal_psram: SRF          : 0x01 (Fast Refresh)
I (254) octal_psram: BurstType    : 0x01 (Hybrid Wrap)
I (255) octal_psram: BurstLen     : 0x01 (32 Byte)
I (255) octal_psram: Readlatency  : 0x02 (10 cycles@Fixed)
I (255) octal_psram: DriveStrength: 0x00 (1/1)
I (256) MSPI Timing: PSRAM timing tuning index: 5
I (256) esp_psram: Found 8MB PSRAM device
I (257) esp_psram: Speed: 80MHz
I (257) cpu_start: Multicore app
I (266) cpu_start: Pro cpu start user code
I (266) cpu_start: cpu freq: 160000000 Hz
I (266) app_init: Application information:
I (266) app_init: Project name:     skypane
I (267) app_init: App version:      fw-v9.9.8-bench
I (267) app_init: Compile time:     Sep 29 2026 13:01:11
I (267) app_init: ELF file SHA256:  404b1b407...
I (267) app_init: ESP-IDF:          v5.3.1
I (267) efuse_init: Min chip rev:     v0.0
I (268) efuse_init: Max chip rev:     v0.99 
I (268) efuse_init: Chip rev:         v0.2
I (268) heap_init: Initializing. RAM available for dynamic allocation:
I (268) heap_init: At 3FCA97B0 len 0003FF60 (255 KiB): RAM
I (269) heap_init: At 3FCE9710 len 00005724 (21 KiB): RAM
I (269) heap_init: At 3FCF0000 len 00008000 (32 KiB): DRAM
I (269) heap_init: At 600FE108 len 00001EE0 (7 KiB): RTCRAM
I (270) esp_psram: Adding pool of 8192K of PSRAM memory to heap allocator
I (271) spi_flash: detected chip: generic
I (271) spi_flash: flash io: dio
W (271) spi_flash: Detected size(16384k) larger than the size in the binary image header(8192k). Using the size in the binary image header.
E (273) secure_boot_v2: No signatures were found for the running app
E (273) secure_boot: This app is not signed, but check signature on update is enabled in config. It won't be possible to verify any update.

abort() was called at PC 0x42003624 on core 0


Backtrace: 0x403774be:0x3fceb0d0 0x4037ff99:0x3fceb0f0 0x40388c09:0x3fceb110 0x42003624:0x3fceb180 0x4200364b:0x3fceb210 0x4200312f:0x3fceb230 0x4200313b:0x3fceb250 0x42005bde:0x3fceb280 0x42005c29:0x3fceb2a0 0x42005c93:0x3fceb2c0 0x40376e56:0x3fceb2e0 0x403cc950:0x3fceb340 0x403ccdb5:0x3fceb380 0x403c896d:0x3fceb4b0 0x40045c01:0x3fceb570 0x40043ab6:0x3fceb6f0 0x40034c45:0x3fceb710




ELF file SHA256: 404b1b407

Rebooting...
ESP-ROM:esp32s3-20210327
Build:Mar 27 2021
rst:0xc (RTC_SW_CPU_RST),boot:0x29 (SPI_FAST_FLASH_BOOT)
Saved PC:0x403773f8
SPIWP:0xee
mode:DIO, clock div:1
load:0x3fce2810,len:0x178c
load:0x403c8700,len:0x4
load:0x403c8704,len:0xc10
load:0x403cb700,len:0x2e20
entry 0x403c8904
I (26) boot: ESP-IDF v5.3.1 2nd stage bootloader
I (26) boot: compile time Sep 29 2026 13:01:14
I (26) boot: Multicore bootloader
I (27) boot: chip revision: v0.2
I (27) boot.esp32s3: Boot SPI Speed : 80MHz
I (27) boot.esp32s3: SPI Mode       : DIO
I (27) boot.esp32s3: SPI Flash Size : 8MB
I (27) boot: Enabling RNG early entropy source...
I (28) boot: Partition Table:
I (28) boot: ## Label            Usage          Type ST Offset   Length
I (28) boot:  0 nvs              WiFi data        01 02 00009000 00006000
I (29) boot:  1 otadata          OTA data         01 00 0000f000 00002000
I (29) boot:  2 phy_init         RF data          01 01 00011000 00001000
I (29) boot:  3 nvs_keys         NVS keys         01 04 00012000 00001000
I (30) boot:  4 secret           WiFi data        01 02 00013000 00003000
I (30) boot:  5 factory          factory app      00 00 00020000 00250000
I (31) boot:  6 ota_0            OTA app          00 10 00270000 00250000
I (31) boot:  7 ota_1            OTA app          00 11 004c0000 00250000
I (31) boot: End of partition table
I (32) boot: Defaulting to factory image
I (32) esp_image: segment 0: paddr=00020020 vaddr=3c0c0020 size=39928h (235816) map
I (75) esp_image: segment 1: paddr=00059950 vaddr=3fc9dc00 size=05344h ( 21316) load
I (79) esp_image: segment 2: paddr=0005ec9c vaddr=40374000 size=0137ch (  4988) load
I (81) esp_image: segment 3: paddr=00060020 vaddr=42000020 size=b1edch (728796) map
I (212) esp_image: segment 4: paddr=00111f04 vaddr=4037537c size=18808h (100360) load
I (234) esp_image: segment 5: paddr=0012a714 vaddr=50000000 size=00c8ch (  3212) load
I (235) esp_image: segment 6: paddr=0012b3a8 vaddr=600fe000 size=00100h (   256) load
I (236) esp_image: segment 7: paddr=0012b4b0 vaddr=600fe100 size=00008h (     8) load
I (236) esp_image: segment 8: paddr=0012b4c0 vaddr=00000000 size=04b10h ( 19216) 
I (251) boot: Loaded app from partition at offset 0x20000
I (252) boot: Disabling RNG early entropy source...
I (253) octal_psram: vendor id    : 0x0d (AP)
I (253) octal_psram: dev id       : 0x02 (generation 3)
I (253) octal_psram: density      : 0x03 (64 Mbit)
I (253) octal_psram: good-die     : 0x01 (Pass)
I (254) octal_psram: Latency      : 0x01 (Fixed)
I (254) octal_psram: VCC          : 0x01 (3V)
I (254) octal_psram: SRF          : 0x01 (Fast Refresh)
I (254) octal_psram: BurstType    : 0x01 (Hybrid Wrap)
I (255) octal_psram: BurstLen     : 0x01 (32 Byte)
I (255) octal_psram: Readlatency  : 0x02 (10 cycles@Fixed)
I (255) octal_psram: DriveStrength: 0x00 (1/1)
I (256) MSPI Timing: PSRAM timing tuning index: 5
I (256) esp_psram: Found 8MB PSRAM device
I (257) esp_psram: Speed: 80MHz
I (257) cpu_start: Multicore app
I (266) cpu_start: Pro cpu start user code
I (266) cpu_start: cpu freq: 160000000 Hz
I (266) app_init: Application information:
I (266) app_init: Project name:     skypane
I (267) app_init: App version:      fw-v9.9.8-bench
I (267) app_init: Compile time:     Sep 29 2026 13:01:11
I (267) app_init: ELF file SHA256:  404b1b407...
I (267) app_init: ESP-IDF:          v5.3.1
I (267) efuse_init: Min chip rev:     v0.0
I (268) efuse_init: Max chip rev:     v0.99 
I (268) efuse_init: Chip rev:         v0.2
I (268) heap_init: Initializing. RAM available for dynamic allocation:
I (268) heap_init: At 3FCA97B0 len 0003FF60 (255 KiB): RAM
I (268) heap_init: At 3FCE9710 len 00005724 (21 KiB): RAM
I (269) heap_init: At 3FCF0000 len 00008000 (32 KiB): DRAM
I (269) heap_init: At 600FE108 len 00001EE0 (7 KiB): RTCRAM
I (269) esp_psram: Adding pool of 8192K of PSRAM memory to heap allocator
I (271) spi_flash: detected chip: generic
I (271) spi_flash: flash io: dio
W (271) spi_flash: Detected size(16384k) larger than the size in the binary image header(8192k). Using the size in the binary image header.
E (273) secure_boot_v2: No signatures were found for the running app
E (273) secure_boot: This app is not signed, but check signature on update is enabled in config. It won't be possible to verify any update.

abort() was called at PC 0x42003624 on core 0


Backtrace: 0x403774be:0x3fceb0d0 0x4037ff99:0x3fceb0f0 0x40388c09:0x3fceb110 0x42003624:0x3fceb180 0x4200364b:0x3fceb210 0x4200312f:0x3fceb230 0x4200313b:0x3fceb250 0x42005bde:0x3fceb280 0x42005c29:0x3fceb2a0 0x42005c93:0x3fceb2c0 0x40376e56:0x3fceb2e0 0x403cc950:0x3fceb340 0x403ccdb5:0x3fceb380 0x403c896d:0x3fceb4b0 0x40045c01:0x3fceb570 0x40043ab6:0x3fceb6f0 0x40034c45:0x3fceb710




ELF file SHA256: 404b1b407

Rebooting...
ESP-ROM:esp32s3-20210327
Build:Mar 27 2021
rst:0xc (RTC_SW_CPU_RST),boot:0x29 (SPI_FAST_FLASH_BOOT)
Saved PC:0x403773f8
SPIWP:0xee
mode:DIO, clock div:1
load:0x3fce2810,len:0x178c
load:0x403c8700,len:0x4
load:0x403c8704,len:0xc10
load:0x403cb700,len:0x2e20
entry 0x403c8904
I (26) boot: ESP-IDF v5.3.1 2nd stage bootloader
I (26) boot: compile time Sep 29 2026 13:01:14
I (26) boot: Multicore bootloader
I (27) boot: chip revision: v0.2
I (27) boot.esp32s3: Boot SPI Speed : 80MHz
I (27) boot.esp32s3: SPI Mode       : DIO
I (27) boot.esp32s3: SPI Flash Size : 8MB
I (27) boot: Enabling RNG early entropy source...
I (28) boot: Partition Table:
I (28) boot: ## Label            Usage          Type ST Offset   Length
I (28) boot:  0 nvs              WiFi data        01 02 00009000 00006000
I (28) boot:  1 otadata          OTA data         01 00 0000f000 00002000
I (29) boot:  2 phy_init         RF data          01 01 00011000 00001000
I (29) boot:  3 nvs_keys         NVS keys         01 04 00012000 00001000
I (30) boot:  4 secret           WiFi data        01 02 00013000 00003000
I (30) boot:  5 factory          factory app      00 00 00020000 00250000
I (30) boot:  6 ota_0            OTA app          00 10 00270000 00250000
I (31) boot:  7 ota_1            OTA app          00 11 004c0000 00250000
I (31) boot: End of partition table
I (32) boot: Defaulting to factory image
I (32) esp_image: segment 0: paddr=00020020 vaddr=3c0c0020 size=39928h (235816) map
I (75) esp_image: segment 1: paddr=00059950 vaddr=3fc9dc00 size=05344h ( 21316) load
I (79) esp_image: segment 2: paddr=0005ec9c vaddr=40374000 size=0137ch (  4988) load
I (81) esp_image: segment 3: paddr=00060020 vaddr=42000020 size=b1edch (728796) map
I (212) esp_image: segment 4: paddr=00111f04 vaddr=4037537c size=18808h (100360) load
I (234) esp_image: segment 5: paddr=0012a714 vaddr=50000000 size=00c8ch (  3212) load
I (235) esp_image: segment 6: paddr=0012b3a8 vaddr=600fe000 size=00100h (   256) load
I (236) esp_image: segment 7: paddr=0012b4b0 vaddr=600fe100 size=00008h (     8) load
I (236) esp_image: segment 8: paddr=0012b4c0 vaddr=00000000 size=04b10h ( 19216) 
I (251) boot: Loaded app from partition at offset 0x20000
I (251) boot: Disabling RNG early entropy source...
I (253) octal_psram: vendor id    : 0x0d (AP)
I (253) octal_psram: dev id       : 0x02 (generation 3)
I (253) octal_psram: density      : 0x03 (64 Mbit)
I (253) octal_psram: good-die     : 0x01 (Pass)
I (253) octal_psram: Latency      : 0x01 (Fixed)
I (254) octal_psram: VCC          : 0x01 (3V)
I (254) octal_psram: SRF          : 0x01 (Fast Refresh)
I (254) octal_psram: BurstType    : 0x01 (Hybrid Wrap)
I (255) octal_psram: BurstLen     : 0x01 (32 Byte)
I (255) octal_psram: Readlatency  : 0x02 (10 cycles@Fixed)
I (255) octal_psram: DriveStrength: 0x00 (1/1)
I (256) MSPI Timing: PSRAM timing tuning index: 5
I (256) esp_psram: Found 8MB PSRAM device
I (256) esp_psram: Speed: 80MHz
I (257) cpu_start: Multicore app
I (266) cpu_start: Pro cpu start user code
I (266) cpu_start: cpu freq: 160000000 Hz
I (266) app_init: Application information:
I (266) app_init: Project name:     skypane
I (266) app_init: App version:      fw-v9.9.8-bench
I (267) app_init: Compile time:     Sep 29 2026 13:01:11
I (267) app_init: ELF file SHA256:  404b1b407...
I (267) app_init: ESP-IDF:          v5.3.1
I (267) efuse_init: Min chip rev:     v0.0
I (267) efuse_init: Max chip rev:     v0.99 
I (268) efuse_init: Chip rev:         v0.2
I (268) heap_init: Initializing. RAM available for dynamic allocation:
I (268) heap_init: At 3FCA97B0 len 0003FF60 (255 KiB): RAM
I (268) heap_init: At 3FCE9710 len 00005724 (21 KiB): RAM
I (269) heap_init: At 3FCF0000 len 00008000 (32 KiB): DRAM
I (269) heap_init: At 600FE108 len 00001EE0 (7 KiB): RTCRAM
I (269) esp_psram: Adding pool of 8192K of PSRAM memory to heap allocator
I (271) spi_flash: detected chip: generic
I (271) spi_flash: flash io: dio
W (271) spi_flash: Detected size(16384k) larger than the size in the binary image header(8192k). Using the size in the binary image header.
E (273) secure_boot_v2: No signatures were found for the running app
E (273) secure_boot: This app is not signed, but check signature on update is enabled in config. It won't be possible to verify any update.

abort() was called at PC 0x42003624 on core 0


Backtrace: 0x403774be:0x3fceb0d0 0x4037ff99:0x3fceb0f0 0x40388c09:0x3fceb110 0x42003624:0x3fceb180 0x4200364b:0x3fceb210 0x4200312f:0x3fceb230 0x4200313b:0x3fceb250 0x42005bde:0x3fceb280 0x42005c29:0x3fceb2a0 0x42005c93:0x3fceb2c0 0x40376e56:0x3fceb2e0 0x403cc950:0x3fceb340 0x403ccdb5:0x3fceb380 0x403c896d:0x3fceb4b0 0x40045c01:0x3fceb570 0x40043ab6:0x3fceb6f0 0x40034c45:0x3fceb710




ELF file SHA256: 404b1b407

Rebooting...
ESP-ROM:esp32s3-20210327
Build:Mar 27 2021
rst:0xc (RTC_SW_CPU_RST),boot:0x29 (SPI_FAST_FLASH_BOOT)
Saved PC:0x403773f8
SPIWP:0xee
mode:DIO, clock div:1
load:0x3fce2810,len:0x178c
load:0x403c8700,len:0x4
load:0x403c8704,len:0xc10
load:0x403cb700,len:0x2e20
entry 0x403c8904
I (26) boot: ESP-IDF v5.3.1 2nd stage bootloader
I (26) boot: compile time Sep 29 2026 13:01:14
I (26) boot: Multicore bootloader
I (27) boot: chip revision: v0.2
I (27) boot.esp32s3: Boot SPI Speed : 80MHz
I (27) boot.esp32s3: SPI Mode       : DIO
I (27) boot.esp32s3: SPI Flash Size : 8MB
I (27) boot: Enabling RNG early entropy source...
I (28) boot: Partition Table:
I (28) boot: ## Label            Usage          Type ST Offset   Length
I (28) boot:  0 nvs              WiFi data        01 02 00009000 00006000
I (29) boot:  1 otadata          OTA data         01 00 0000f000 00002000
I (29) boot:  2 phy_init         RF data          01 01 00011000 00001000
I (29) boot:  3 nvs_keys         NVS keys         01 04 00012000 00001000
I (30) boot:  4 secret           WiFi data        01 02 00013000 00003000
I (30) boot:  5 factory          factory app      00 00 00020000 00250000
I (31) boot:  6 ota_0            OTA app          00 10 00270000 00250000
I (31) boot:  7 ota_1            OTA app          00 11 004c0000 00250000
I (31) boot: End of partition table
I (32) boot: Defaulting to factory image
I (32) esp_image: segment 0: paddr=00020020 vaddr=3c0c0020 size=39928h (235816) map
I (75) esp_image: segment 1: paddr=00059950 vaddr=3fc9dc00 size=05344h ( 21316) load
I (79) esp_image: segment 2: paddr=0005ec9c vaddr=40374000 size=0137ch (  4988) load
I (81) esp_image: segment 3: paddr=00060020 vaddr=42000020 size=b1edch (728796) map
I (212) esp_image: segment 4: paddr=00111f04 vaddr=4037537c size=18808h (100360) load
I (234) esp_image: segment 5: paddr=0012a714 vaddr=50000000 size=00c8ch (  3212) load
I (235) esp_image: segment 6: paddr=0012b3a8 vaddr=600fe000 size=00100h (   256) load
I (236) esp_image: segment 7: paddr=0012b4b0 vaddr=600fe100 size=00008h (     8) load
I (236) esp_image: segment 8: paddr=0012b4c0 vaddr=00000000 size=04b10h ( 19216) 
I (251) boot: Loaded app from partition at offset 0x20000
I (252) boot: Disabling RNG early entropy source...
I (253) octal_psram: vendor id    : 0x0d (AP)
I (253) octal_psram: dev id       : 0x02 (generation 3)
I (253) octal_psram: density      : 0x03 (64 Mbit)
I (253) octal_psram: good-die     : 0x01 (Pass)
I (254) octal_psram: Latency      : 0x01 (Fixed)
I (254) octal_psram: VCC          : 0x01 (3V)
I (254) octal_psram: SRF          : 0x01 (Fast Refresh)
I (254) octal_psram: BurstType    : 0x01 (Hybrid Wrap)
I (255) octal_psram: BurstLen     : 0x01 (32 Byte)
I (255) octal_psram: Readlatency  : 0x02 (10 cycles@Fixed)
I (255) octal_psram: DriveStrength: 0x00 (1/1)
I (256) MSPI Timing: PSRAM timing tuning index: 4
I (256) esp_psram: Found 8MB PSRAM device
I (257) esp_psram: Speed: 80MHz
I (257) cpu_start: Multicore app
I (266) cpu_start: Pro cpu start user code
I (266) cpu_start: cpu freq: 160000000 Hz
I (266) app_init: Application information:
I (266) app_init: Project name:     skypane
I (267) app_init: App version:      fw-v9.9.8-bench
I (267) app_init: Compile time:     Sep 29 2026 13:01:11
I (267) app_init: ELF file SHA256:  404b1b407...
I (267) app_init: ESP-IDF:          v5.3.1
I (267) efuse_init: Min chip rev:     v0.0
I (268) efuse_init: Max chip rev:     v0.99 
I (268) efuse_init: Chip rev:         v0.2
I (268) heap_init: Initializing. RAM available for dynamic allocation:
I (268) heap_init: At 3FCA97B0 len 0003FF60 (255 KiB): RAM
I (269) heap_init: At 3FCE9710 len 00005724 (21 KiB): RAM
I (269) heap_init: At 3FCF0000 len 00008000 (32 KiB): DRAM
I (269) heap_init: At 600FE108 len 00001EE0 (7 KiB): RTCRAM
I (270) esp_psram: Adding pool of 8192K of PSRAM memory to heap allocator
I (271) spi_flash: detected chip: generic
I (271) spi_flash: flash io: dio
W (271) spi_flash: Detected size(16384k) larger than the size in the binary image header(8192k). Using the size in the binary image header.
E (273) secure_boot_v2: No signatures were found for the running app
E (274) secure_boot: This app is not signed, but check signature on update is enabled in config. It won't be possible to verify any update.

abort() was called at PC 0x42003624 on core 0


Backtrace: 0x403774be:0x3fceb0d0 0x4037ff99:0x3fceb0f0 0x40388c09:0x3fceb110 0x42003624:0x3fceb180 0x4200364b:0x3fceb210 0x4200312f:0x3fceb230 0x4200313b:0x3fceb250 0x42005bde:0x3fceb280 0x42005c29:0x3fceb2a0 0x42005c93:0x3fceb2c0 0x40376e56:0x3fceb2e0 0x403cc950:0x3fceb340 0x403ccdb5:0x3fceb380 0x403c896d:0x3fceb4b0 0x40045c01:0x3fceb570 0x40043ab6:0x3fceb6f0 0x40034c45:0x3fceb710




ELF file SHA256: 404b1b407

Rebooting...
ESP-ROM:esp32s3-20210327
Build:Mar 27 2021
rst:0xc (RTC_SW_CPU_RST),boot:0x29 (SPI_FAST_FLASH_BOOT)
Saved PC:0x403773f8
SPIWP:0xee
mode:DIO, clock div:1
load:0x3fce2810,len:0x178c
load:0x403c8700,len:0x4
load:0x403c8704,len:0xc10
load:0x403cb700,len:0x2e20
entry 0x403c8904
I (26) boot: ESP-IDF v5.3.1 2nd stage bootloader
I (26) boot: compile time Sep 29 2026 13:01:14
I (26) boot: Multicore bootloader
I (27) boot: chip revision: v0.2
I (27) boot.esp32s3: Boot SPI Speed : 80MHz
I (27) boot.esp32s3: SPI Mode       : DIO
I (27) boot.esp32s3: SPI Flash Size : 8MB
I (27) boot: Enabling RNG early entropy source...
I (28) boot: Partition Table:
I (28) boot: ## Label            Usage          Type ST Offset   Length
I (28) boot:  0 nvs              WiFi data        01 02 00009000 00006000
I (28) boot:  1 otadata          OTA data         01 00 0000f000 00002000
I (29) boot:  2 phy_init         RF data          01 01 00011000 00001000
I (29) boot:  3 nvs_keys         NVS keys         01 04 00012000 00001000
I (30) boot:  4 secret           WiFi data        01 02 00013000 00003000
I (30) boot:  5 factory          factory app      00 00 00020000 00250000
I (30) boot:  6 ota_0            OTA app          00 10 00270000 00250000
I (31) boot:  7 ota_1            OTA app          00 11 004c0000 00250000
I (31) boot: End of partition table
I (32) boot: Defaulting to factory image
I (32) esp_image: segment 0: paddr=00020020 vaddr=3c0c0020 size=39928h (235816) map
I (75) esp_image: segment 1: paddr=00059950 vaddr=3fc9dc00 size=05344h ( 21316) load
I (79) esp_image: segment 2: paddr=0005ec9c vaddr=40374000 size=0137ch (  4988) load
I (81) esp_image: segment 3: paddr=00060020 vaddr=42000020 size=b1edch (728796) map
I (212) esp_image: segment 4: paddr=00111f04 vaddr=4037537c size=18808h (100360) load
I (234) esp_image: segment 5: paddr=0012a714 vaddr=50000000 size=00c8ch (  3212) load
I (235) esp_image: segment 6: paddr=0012b3a8 vaddr=600fe000 size=00100h (   256) load
I (236) esp_image: segment 7: paddr=0012b4b0 vaddr=600fe100 size=00008h (     8) load
I (236) esp_image: segment 8: paddr=0012b4c0 vaddr=00000000 size=04b10h ( 19216) 
I (251) boot: Loaded app from partition at offset 0x20000
I (251) boot: Disabling RNG early entropy source...
I (253) octal_psram: vendor id    : 0x0d (AP)
I (253) octal_psram: dev id       : 0x02 (generation 3)
I (253) octal_psram: density      : 0x03 (64 Mbit)
I (253) octal_psram: good-die     : 0x01 (Pass)
I (253) octal_psram: Latency      : 0x01 (Fixed)
I (254) octal_psram: VCC          : 0x01 (3V)
I (254) octal_psram: SRF          : 0x01 (Fast Refresh)
I (254) octal_psram: BurstType    : 0x01 (Hybrid Wrap)
I (255) octal_psram: BurstLen     : 0x01 (32 Byte)
I (255) octal_psram: Readlatency  : 0x02 (10 cycles@Fixed)
I (255) octal_psram: DriveStrength: 0x00 (1/1)
I (256) MSPI Timing: PSRAM timing tuning index: 5
I (256) esp_psram: Found 8MB PSRAM device
I (256) esp_psram: Speed: 80MHz
I (257) cpu_start: Multicore app
I (266) cpu_start: Pro cpu start user code
I (266) cpu_start: cpu freq: 160000000 Hz
I (266) app_init: Application information:
I (266) app_init: Project name:     skypane
I (267) app_init: App version:      fw-v9.9.8-bench
I (267) app_init: Compile time:     Sep 29 2026 13:01:11
I (267) app_init: ELF file SHA256:  404b1b407...
I (267) app_init: ESP-IDF:          v5.3.1
I (267) efuse_init: Min chip rev:     v0.0
I (268) efuse_init: Max chip rev:     v0.99 
I (268) efuse_init: Chip rev:         v0.2
I (268) heap_init: Initializing. RAM available for dynamic allocation:
I (268) heap_init: At 3FCA97B0 len 0003FF60 (255 KiB): RAM
I (268) heap_init: At 3FCE9710 len 00005724 (21 KiB): RAM
I (269) heap_init: At 3FCF0000 len 00008000 (32 KiB): DRAM
I (269) heap_init: At 600FE108 len 00001EE0 (7 KiB): RTCRAM
I (270) esp_psram: Adding pool of 8192K of PSRAM memory to heap allocator
I (271) spi_flash: detected chip: generic
I (271) spi_flash: flash io: dio
W (271) spi_flash: Detected size(16384k) larger than the size in the binary image header(8192k). Using the size in the binary image header.
E (273) secure_boot_v2: No signatures were found for the running app
E (273) secure_boot: This app is not signed, but check signature on update is enabled in config. It won't be possible to verify any update.

abort() was called at PC 0x42003624 on core 0


Backtrace: 0x403774be:0x3fceb0d0 0x4037ff99:0x3fceb0f0 0x40388c09:0x3fceb110 0x42003624:0x3fceb180 0x4200364b:0x3fceb210 0x4200312f:0x3fceb230 0x4200313b:0x3fceb250 0x42005bde:0x3fceb280 0x42005c29:0x3fceb2a0 0x42005c93:0x3fceb2c0 0x40376e56:0x3fceb2e0 0x403cc950:0x3fceb340 0x403ccdb5:0x3fceb380 0x403c896d:0x3fceb4b0 0x40045c01:0x3fceb570 0x40043ab6:0x3fceb6f0 0x40034c45:0x3fceb710




ELF file SHA256: 404b1b407

Rebooting...
ESP-ROM:esp32s3-20210327
Build:Mar 27 2021
rst:0xc (RTC_SW_CPU_RST),boot:0x29 (SPI_FAST_FLASH_BOOT)
Saved PC:0x403773f8
SPIWP:0xee
mode:DIO, clock div:1
load:0x3fce2810,len:0x178c
load:0x403c8700,len:0x4
load:0x403c8704,len:0xc10
load:0x403cb700,len:0x2e20
entry 0x403c8904
I (26) boot: ESP-IDF v5.3.1 2nd stage bootloader
I (26) boot: compile time Sep 29 2026 13:01:14
I (26) boot: Multicore bootloader
I (27) boot: chip revision: v0.2
I (27) boot.esp32s3: Boot SPI Speed : 80MHz
I (27) boot.esp32s3: SPI Mode       : DIO
I (27) boot.esp32s3: SPI Flash Size : 8MB
I (27) boot: Enabling RNG early entropy source...
I (28) boot: Partition Table:
I (28) boot: ## Label            Usage          Type ST Offset   Length
I (28) boot:  0 nvs              WiFi data        01 02 00009000 00006000
I (28) boot:  1 otadata          OTA data         01 00 0000f000 00002000
I (29) boot:  2 phy_init         RF data          01 01 00011000 00001000
I (29) boot:  3 nvs_keys         NVS keys         01 04 00012000 00001000
I (30) boot:  4 secret           WiFi data        01 02 00013000 00003000
I (30) boot:  5 factory          factory app      00 00 00020000 00250000
I (30) boot:  6 ota_0            OTA app          00 10 00270000 00250000
I (31) boot:  7 ota_1            OTA app          00 11 004c0000 00250000
I (31) boot: End of partition table
I (32) boot: Defaulting to factory image
I (32) esp_image: segment 0: paddr=00020020 vaddr=3c0c0020 size=39928h (235816) map
I (75) esp_image: segment 1: paddr=00059950 vaddr=3fc9dc00 size=05344h ( 21316) load
I (79) esp_image: segment 2: paddr=0005ec9c vaddr=40374000 size=0137ch (  4988) load
I (81) esp_image: segment 3: paddr=00060020 vaddr=42000020 size=b1edch (728796) map
I (212) esp_image: segment 4: paddr=00111f04 vaddr=4037537c size=18808h (100360) load
I (234) esp_image: segment 5: paddr=0012a714 vaddr=50000000 size=00c8ch (  3212) load
I (235) esp_image: segment 6: paddr=0012b3a8 vaddr=600fe000 size=00100h (   256) load
I (236) esp_image: segment 7: paddr=0012b4b0 vaddr=600fe100 size=00008h (     8) load
I (236) esp_image: segment 8: paddr=0012b4c0 vaddr=00000000 size=04b10h ( 19216) 
I (251) boot: Loaded app from partition at offset 0x20000
I (252) boot: Disabling RNG early entropy source...
I (253) octal_psram: vendor id    : 0x0d (AP)
I (253) octal_psram: dev id       : 0x02 (generation 3)
I (253) octal_psram: density      : 0x03 (64 Mbit)
I (253) octal_psram: good-die     : 0x01 (Pass)
I (254) octal_psram: Latency      : 0x01 (Fixed)
I (254) octal_psram: VCC          : 0x01 (3V)
I (254) octal_psram: SRF          : 0x01 (Fast Refresh)
I (254) octal_psram: BurstType    : 0x01 (Hybrid Wrap)
I (255) octal_psram: BurstLen     : 0x01 (32 Byte)
I (255) octal_psram: Readlatency  : 0x02 (10 cycles@Fixed)
I (255) octal_psram: DriveStrength: 0x00 (1/1)
I (256) MSPI Timing: PSRAM timing tuning index: 5
I (257) esp_psram: Found 8MB PSRAM device
I (257) esp_psram: Speed: 80MHz
I (257) cpu_start: Multicore app
I (266) cpu_start: Pro cpu start user code
I (266) cpu_start: cpu freq: 160000000 Hz
I (267) app_init: Application information:
I (267) app_init: Project name:     skypane
I (267) app_init: App version:      fw-v9.9.8-bench
I (267) app_init: Compile time:     Sep 29 2026 13:01:11
I (267) app_init: ELF file SHA256:  404b1b407...
I (267) app_init: ESP-IDF:          v5.3.1
I (268) efuse_init: Min chip rev:     v0.0
I (268) efuse_init: Max chip rev:     v0.99 
I (268) efuse_init: Chip rev:         v0.2
I (268) heap_init: Initializing. RAM available for dynamic allocation:
I (269) heap_init: At 3FCA97B0 len 0003FF60 (255 KiB): RAM
I (269) heap_init: At 3FCE9710 len 00005724 (21 KiB): RAM
I (269) heap_init: At 3FCF0000 len 00008000 (32 KiB): DRAM
I (269) heap_init: At 600FE108 len 00001EE0 (7 KiB): RTCRAM
I (270) esp_psram: Adding pool of 8192K of PSRAM memory to heap allocator
I (271) spi_flash: detected chip: generic
I (271) spi_flash: flash io: dio
W (271) spi_flash: Detected size(16384k) larger than the size in the binary image header(8192k). Using the size in the binary image header.
E (273) secure_boot_v2: No signatures were found for the running app
E (274) secure_boot: This app is not signed, but check signature on update is enabled in config. It won't be possible to verify any update.

abort() was called at PC 0x42003624 on core 0


Backtrace: 0x403774be:0x3fceb0d0 0x4037ff99:0x3fceb0f0 0x40388c09:0x3fceb110 0x42003624:0x3fceb180 0x4200364b:0x3fceb210 0x4200312f:0x3fceb230 0x4200313b:0x3fceb250 0x42005bde:0x3fceb280 0x42005c29:0x3fceb2a0 0x42005c93:0x3fceb2c0 0x40376e56:0x3fceb2e0 0x403cc950:0x3fceb340 0x403ccdb5:0x3fceb380 0x403c896d:0x3fceb4b0 0x40045c01:0x3fceb570 0x40043ab6:0x3fceb6f0 0x40034c45:0x3fceb710




ELF file SHA256: 404b1b407

Rebooting...
ESP-ROM:esp32s3-20210327
Build:Mar 27 2021
rst:0xc (RTC_SW_CPU_RST),boot:0x29 (SPI_FAST_FLASH_BOOT)
Saved PC:0x403773f8
SPIWP:0xee
mode:DIO, clock div:1
load:0x3fce2810,len:0x178c
load:0x403c8700,len:0x4
load:0x403c8704,len:0xc10
load:0x403cb700,len:0x2e20
entry 0x403c8904
I (26) boot: ESP-IDF v5.3.1 2nd stage bootloader
I (26) boot: compile time Sep 29 2026 13:01:14
I (26) boot: Multicore bootloader
I (27) boot: chip revision: v0.2
I (27) boot.esp32s3: Boot SPI Speed : 80MHz
I (27) boot.esp32s3: SPI Mode       : DIO
I (27) boot.esp32s3: SPI Flash Size : 8MB
I (27) boot: Enabling RNG early entropy source...
I (28) boot: Partition Table:
I (28) boot: ## Label            Usage          Type ST Offset   Length
I (28) boot:  0 nvs              WiFi data        01 02 00009000 00006000
I (28) boot:  1 otadata          OTA data         01 00 0000f000 00002000
I (29) boot:  2 phy_init         RF data          01 01 00011000 00001000
I (29) boot:  3 nvs_keys         NVS keys         01 04 00012000 00001000
I (30) boot:  4 secret           WiFi data        01 02 00013000 00003000
I (30) boot:  5 factory          factory app      00 00 00020000 00250000
I (30) boot:  6 ota_0            OTA app          00 10 00270000 00250000
I (31) boot:  7 ota_1            OTA app          00 11 004c0000 00250000
I (31) boot: End of partition table
I (32) boot: Defaulting to factory image
I (32) esp_image: segment 0: paddr=00020020 vaddr=3c0c0020 size=39928h (235816) map
I (75) esp_image: segment 1: paddr=00059950 vaddr=3fc9dc00 size=05344h ( 21316) load
I (79) esp_image: segment 2: paddr=0005ec9c vaddr=40374000 size=0137ch (  4988) load
I (81) esp_image: segment 3: paddr=00060020 vaddr=42000020 size=b1edch (728796) map
I (212) esp_image: segment 4: paddr=00111f04 vaddr=4037537c size=18808h (100360) load
I (234) esp_image: segment 5: paddr=0012a714 vaddr=50000000 size=00c8ch (  3212) load
I (235) esp_image: segment 6: paddr=0012b3a8 vaddr=600fe000 size=00100h (   256) load
I (236) esp_image: segment 7: paddr=0012b4b0 vaddr=600fe100 size=00008h (     8) load
I (236) esp_image: segment 8: paddr=0012b4c0 vaddr=00000000 size=04b10h ( 19216) 
I (251) boot: Loaded app from partition at offset 0x20000
I (252) boot: Disabling RNG early entropy source...
I (253) octal_psram: vendor id    : 0x0d (AP)
I (253) octal_psram: dev id       : 0x02 (generation 3)
I (253) octal_psram: density      : 0x03 (64 Mbit)
I (253) octal_psram: good-die     : 0x01 (Pass)
I (254) octal_psram: Latency      : 0x01 (Fixed)
I (254) octal_psram: VCC          : 0x01 (3V)
I (254) octal_psram: SRF          : 0x01 (Fast Refresh)
I (254) octal_psram: BurstType    : 0x01 (Hybrid Wrap)
I (255) octal_psram: BurstLen     : 0x01 (32 Byte)
I (255) octal_psram: Readlatency  : 0x02 (10 cycles@Fixed)
I (255) octal_psram: DriveStrength: 0x00 (1/1)
I (256) MSPI Timing: PSRAM timing tuning index: 5
I (256) esp_psram: Found 8MB PSRAM device
I (257) esp_psram: Speed: 80MHz
I (257) cpu_start: Multicore app
I (266) cpu_start: Pro cpu start user code
I (266) cpu_start: cpu freq: 160000000 Hz
I (266) app_init: Application information:
I (266) app_init: Project name:     skypane
I (267) app_init: App version:      fw-v9.9.8-bench
I (267) app_init: Compile time:     Sep 29 2026 13:01:11
I (267) app_init: ELF file SHA256:  404b1b407...
I (267) app_init: ESP-IDF:          v5.3.1
I (267) efuse_init: Min chip rev:     v0.0
I (268) efuse_init: Max chip rev:     v0.99 
I (268) efuse_init: Chip rev:         v0.2
I (268) heap_init: Initializing. RAM available for dynamic allocation:
I (268) heap_init: At 3FCA97B0 len 0003FF60 (255 KiB): RAM
I (269) heap_init: At 3FCE9710 len 00005724 (21 KiB): RAM
I (269) heap_init: At 3FCF0000 len 00008000 (32 KiB): DRAM
I (269) heap_init: At 600FE108 len 00001EE0 (7 KiB): RTCRAM
I (270) esp_psram: Adding pool of 8192K of PSRAM memory to heap allocator
I (271) spi_flash: detected chip: generic
I (271) spi_flash: flash io: dio
W (271) spi_flash: Detected size(16384k) larger than the size in the binary image header(8192k). Using the size in the binary image header.
E (273) secure_boot_v2: No signatures were found for the running app
E (273) secure_boot: This app is not signed, but check signature on update is enabled in config. It won't be possible to verify any update.

abort() was called at PC 0x42003624 on core 0


Backtrace: 0x403774be:0x3fceb0d0 0x4037ff99:0x3fceb0f0 0x40388c09:0x3fceb110 0x42003624:0x3fceb180 0x4200364b:0x3fceb210 0x4200312f:0x3fceb230 0x4200313b:0x3fceb250 0x42005bde:0x3fceb280 0x42005c29:0x3fceb2a0 0x42005c93:0x3fceb2c0 0x40376e56:0x3fceb2e0 0x403cc950:0x3fceb340 0x403ccdb5:0x3fceb380 0x403c896d:0x3fceb4b0 0x40045c01:0x3fceb570 0x40043ab6:0x3fceb6f0 0x40034c45:0x3fceb710




ELF file SHA256: 404b1b407

Rebooting...
ESP-ROM:esp32s3-20210327
Build:Mar 27 2021
rst:0xc (RTC_SW_CPU_RST),boot:0x29 (SPI_FAST_FLASH_BOOT)
Saved PC:0x403773f8
SPIWP:0xee
mode:DIO, clock div:1
load:0x3fce2810,len:0x178c
load:0x403c8700,len:0x4
load:0x403c8704,len:0xc10
load:0x403cb700,len:0x2e20
entry 0x403c8904
I (26) boot: ESP-IDF v5.3.1 2nd stage bootloader
I (26) boot: compile time Sep 29 2026 13:01:14
I (26) boot: Multicore bootloader
I (27) boot: chip revision: v0.2
I (27) boot.esp32s3: Boot SPI Speed : 80MHz
I (27) boot.esp32s3: SPI Mode       : DIO
I (27) boot.esp32s3: SPI Flash Size : 8MB
I (27) boot: Enabling RNG early entropy source...
I (28) boot: Partition Table:
I (28) boot: ## Label            Usage          Type ST Offset   Length
I (28) boot:  0 nvs              WiFi data        01 02 00009000 00006000
I (28) boot:  1 otadata          OTA data         01 00 0000f000 00002000
I (29) boot:  2 phy_init         RF data          01 01 00011000 00001000
I (29) boot:  3 nvs_keys         NVS keys         01 04 00012000 00001000
I (30) boot:  4 secret           WiFi data        01 02 00013000 00003000
I (30) boot:  5 factory          factory app      00 00 00020000 00250000
I (30) boot:  6 ota_0            OTA app          00 10 00270000 00250000
I (31) boot:  7 ota_1            OTA app          00 11 004c0000 00250000
I (31) boot: End of partition table
I (32) boot: Defaulting to factory image
I (32) esp_image: segment 0: paddr=00020020 vaddr=3c0c0020 size=39928h (235816) map
I (75) esp_image: segment 1: paddr=00059950 vaddr=3fc9dc00 size=05344h ( 21316) load
I (79) esp_image: segment 2: paddr=0005ec9c vaddr=40374000 size=0137ch (  4988) load
I (81) esp_image: segment 3: paddr=00060020 vaddr=42000020 size=b1edch (728796) map
I (212) esp_image: segment 4: paddr=00111f04 vaddr=4037537c size=18808h (100360) load
I (234) esp_image: segment 5: paddr=0012a714 vaddr=50000000 size=00c8ch (  3212) load
I (235) esp_image: segment 6: paddr=0012b3a8 vaddr=600fe000 size=00100h (   256) load
I (236) esp_image: segment 7: paddr=0012b4b0 vaddr=600fe100 size=00008h (     8) load
I (236) esp_image: segment 8: paddr=0012b4c0 vaddr=00000000 size=04b10h ( 19216) 
I (251) boot: Loaded app from partition at offset 0x20000
I (251) boot: Disabling RNG early entropy source...
I (253) octal_psram: vendor id    : 0x0d (AP)
I (253) octal_psram: dev id       : 0x02 (generation 3)
I (253) octal_psram: density      : 0x03 (64 Mbit)
I (253) octal_psram: good-die     : 0x01 (Pass)
I (253) octal_psram: Latency      : 0x01 (Fixed)
I (254) octal_psram: VCC          : 0x01 (3V)
I (254) octal_psram: SRF          : 0x01 (Fast Refresh)
I (254) octal_psram: BurstType    : 0x01 (Hybrid Wrap)
I (255) octal_psram: BurstLen     : 0x01 (32 Byte)
I (255) octal_psram: Readlatency  : 0x02 (10 cycles@Fixed)
I (255) octal_psram: DriveStrength: 0x00 (1/1)
I (256) MSPI Timing: PSRAM timing tuning index: 5
I (256) esp_psram: Found 8MB PSRAM device
I (256) esp_psram: Speed: 80MHz
I (257) cpu_start: Multicore app
I (266) cpu_start: Pro cpu start user code
I (266) cpu_start: cpu freq: 160000000 Hz
I (266) app_init: Application information:
I (266) app_init: Project name:     skypane
I (266) app_init: App version:      fw-v9.9.8-bench
I (267) app_init: Compile time:     Sep 29 2026 13:01:11
I (267) app_init: ELF file SHA256:  404b1b407...
I (267) app_init: ESP-IDF:          v5.3.1
I (267) efuse_init: Min chip rev:     v0.0
I (267) efuse_init: Max chip rev:     v0.99 
I (268) efuse_init: Chip rev:         v0.2
I (268) heap_init: Initializing. RAM available for dynamic allocation:
I (268) heap_init: At 3FCA97B0 len 0003FF60 (255 KiB): RAM
I (268) heap_init: At 3FCE9710 len 00005724 (21 KiB): RAM
I (269) heap_init: At 3FCF0000 len 00008000 (32 KiB): DRAM
I (269) heap_init: At 600FE108 len 00001EE0 (7 KiB): RTCRAM
I (269) esp_psram: Adding pool of 8192K of PSRAM memory to heap allocator
I (271) spi_flash: detected chip: generic
I (271) spi_flash: flash io: dio
W (271) spi_flash: Detected size(16384k) larger than the size in the binary image header(8192k). Using the size in the binary image header.
E (273) secure_boot_v2: No signatures were found for the running app
E (273) secure_boot: This app is not signed, but check signature on update is enabled in config. It won't be possible to verify any update.

abort() was called at PC 0x42003624 on core 0


Backtrace: 0x403774be:0x3fceb0d0 0x4037ff99:0x3fceb0f0 0x40388c09:0x3fceb110 0x42003624:0x3fceb180 0x4200364b:0x3fceb210 0x4200312f:0x3fceb230 0x4200313b:0x3fceb250 0x42005bde:0x3fceb280 0x42005c29:0x3fceb2a0 0x42005c93:0x3fceb2c0 0x40376e56:0x3fceb2e0 0x403cc950:0x3fceb340 0x403ccdb5:0x3fceb380 0x403c896d:0x3fceb4b0 0x40045c01:0x3fceb570 0x40043ab6:0x3fceb6f0 0x40034c45:0x3fceb710




ELF file SHA256: 404b1b407

Rebooting...
ESP-ROM:esp32s3-20210327
Build:Mar 27 2021
rst:0xc (RTC_SW_CPU_RST),boot:0x29 (SPI_FAST_FLASH_BOOT)
Saved PC:0x403773f8
SPIWP:0xee
mode:DIO, clock div:1
load:0x3fce2810,len:0x178c
load:0x403c8700,len:0x4
load:0x403c8704,len:0xc10
load:0x403cb700,len:0x2e20
entry 0x403c8904
I (26) boot: ESP-IDF v5.3.1 2nd stage bootloader
I (26) boot: compile time Sep 29 2026 13:01:14
I (26) boot: Multicore bootloader
I (27) boot: chip revision: v0.2
I (27) boot.esp32s3: Boot SPI Speed : 80MHz
I (27) boot.esp32s3: SPI Mode       : DIO
I (27) boot.esp32s3: SPI Flash Size : 8MB
I (27) boot: Enabling RNG early entropy source...
I (28) boot: Partition Table:
I (28) boot: ## Label            Usage          Type ST Offset   Length
I (28) boot:  0 nvs              WiFi data        01 02 00009000 00006000
I (28) boot:  1 otadata          OTA data         01 00 0000f000 00002000
I (29) boot:  2 phy_init         RF data          01 01 00011000 00001000
I (29) boot:  3 nvs_keys         NVS keys         01 04 00012000 00001000
I (30) boot:  4 secret           WiFi data        01 02 00013000 00003000
I (30) boot:  5 factory          factory app      00 00 00020000 00250000
I (30) boot:  6 ota_0            OTA app          00 10 00270000 00250000
I (31) boot:  7 ota_1            OTA app          00 11 004c0000 00250000
I (31) boot: End of partition table
I (32) boot: Defaulting to factory image
I (32) esp_image: segment 0: paddr=00020020 vaddr=3c0c0020 size=39928h (235816) map
I (75) esp_image: segment 1: paddr=00059950 vaddr=3fc9dc00 size=05344h ( 21316) load
I (79) esp_image: segment 2: paddr=0005ec9c vaddr=40374000 size=0137ch (  4988) load
I (81) esp_image: segment 3: paddr=00060020 vaddr=42000020 size=b1edch (728796) map
I (212) esp_image: segment 4: paddr=00111f04 vaddr=4037537c size=18808h (100360) load
I (234) esp_image: segment 5: paddr=0012a714 vaddr=50000000 size=00c8ch (  3212) load
I (235) esp_image: segment 6: paddr=0012b3a8 vaddr=600fe000 size=00100h (   256) load
I (236) esp_image: segment 7: paddr=0012b4b0 vaddr=600fe100 size=00008h (     8) load
I (236) esp_image: segment 8: paddr=0012b4c0 vaddr=00000000 size=04b10h ( 19216) 
I (251) boot: Loaded app from partition at offset 0x20000
I (251) boot: Disabling RNG early entropy source...
I (253) octal_psram: vendor id    : 0x0d (AP)
I (253) octal_psram: dev id       : 0x02 (generation 3)
I (253) octal_psram: density      : 0x03 (64 Mbit)
I (253) octal_psram: good-die     : 0x01 (Pass)
I (253) octal_psram: Latency      : 0x01 (Fixed)
I (254) octal_psram: VCC          : 0x01 (3V)
I (254) octal_psram: SRF          : 0x01 (Fast Refresh)
I (254) octal_psram: BurstType    : 0x01 (Hybrid Wrap)
I (255) octal_psram: BurstLen     : 0x01 (32 Byte)
I (255) octal_psram: Readlatency  : 0x02 (10 cycles@Fixed)
I (255) octal_psram: DriveStrength: 0x00 (1/1)
I (256) MSPI Timing: PSRAM timing tuning index: 5
I (256) esp_psram: Found 8MB PSRAM device
I (257) esp_psram: Speed: 80MHz
I (257) cpu_start: Multicore app
I (266) cpu_start: Pro cpu start user code
I (266) cpu_start: cpu freq: 160000000 Hz
I (266) app_init: Application information:
I (267) app_init: Project name:     skypane
I (267) app_init: App version:      fw-v9.9.8-bench
I (267) app_init: Compile time:     Sep 29 2026 13:01:11
I (267) app_init: ELF file SHA256:  404b1b407...
I (267) app_init: ESP-IDF:          v5.3.1
I (267) efuse_init: Min chip rev:     v0.0
I (268) efuse_init: Max chip rev:     v0.99 
I (268) efuse_init: Chip rev:         v0.2
I (268) heap_init: Initializing. RAM available for dynamic allocation:
I (268) heap_init: At 3FCA97B0 len 0003FF60 (255 KiB): RAM
I (269) heap_init: At 3FCE9710 len 00005724 (21 KiB): RAM
I (269) heap_init: At 3FCF0000 len 00008000 (32 KiB): DRAM
I (269) heap_init: At 600FE108 len 00001EE0 (7 KiB): RTCRAM
I (270) esp_psram: Adding pool of 8192K of PSRAM memory to heap allocator
I (271) spi_flash: detected chip: generic
I (271) spi_flash: flash io: dio
W (271) spi_flash: Detected size(16384k) larger than the size in the binary image header(8192k). Using the size in the binary image header.
E (273) secure_boot_v2: No signatures were found for the running app
E (273) secure_boot: This app is not signed, but check signature on update is enabled in config. It won't be possible to verify any update.

abort() was called at PC 0x42003624 on core 0


Backtrace: 0x403774be:0x3fceb0d0 0x4037ff99:0x3fceb0f0 0x40388c09:0x3fceb110 0x42003624:0x3fceb180 0x4200364b:0x3fceb210 0x4200312f:0x3fceb230 0x4200313b:0x3fceb250 0x42005bde:0x3fceb280 0x42005c29:0x3fceb2a0 0x42005c93:0x3fceb2c0 0x40376e56:0x3fceb2e0 0x403cc950:0x3fceb340 0x403ccdb5:0x3fceb380 0x403c896d:0x3fceb4b0 0x40045c01:0x3fceb570 0x40043ab6:0x3fceb6f0 0x40034c45:0x3fceb710




ELF file SHA256: 404b1b407

Rebooting...
ESP-ROM:esp32s3-20210327
Build:Mar 27 2021
rst:0xc (RTC_SW_CPU_RST),boot:0x29 (SPI_FAST_FLASH_BOOT)
Saved PC:0x403773f8
SPIWP:0xee
mode:DIO, clock div:1
load:0x3fce2810,len:0x178c
load:0x403c8700,len:0x4
load:0x403c8704,len:0xc10
load:0x403cb700,len:0x2e20
entry 0x403c8904
I (26) boot: ESP-IDF v5.3.1 2nd stage bootloader
I (26) boot: compile time Sep 29 2026 13:01:14
I (26) boot: Multicore bootloader
I (27) boot: chip revision: v0.2
I (27) boot.esp32s3: Boot SPI Speed : 80MHz
I (27) boot.esp32s3: SPI Mode       : DIO
I (27) boot.esp32s3: SPI Flash Size : 8MB
I (27) boot: Enabling RNG early entropy source...
I (28) boot: Partition Table:
I (28) boot: ## Label            Usage          Type ST Offset   Length
I (28) boot:  0 nvs              WiFi data        01 02 00009000 00006000
I (29) boot:  1 otadata          OTA data         01 00 0000f000 00002000
I (29) boot:  2 phy_init         RF data          01 01 00011000 00001000
I (29) boot:  3 nvs_keys         NVS keys         01 04 00012000 00001000
I (30) boot:  4 secret           WiFi data        01 02 00013000 00003000
I (30) boot:  5 factory          factory app      00 00 00020000 00250000
I (31) boot:  6 ota_0            OTA app          00 10 00270000 00250000
I (31) boot:  7 ota_1            OTA app          00 11 004c0000 00250000
I (31) boot: End of partition table
I (32) boot: Defaulting to factory image
I (32) esp_image: segment 0: paddr=00020020 vaddr=3c0c0020 size=39928h (235816) map
I (75) esp_image: segment 1: paddr=00059950 vaddr=3fc9dc00 size=05344h ( 21316) load
I (79) esp_image: segment 2: paddr=0005ec9c vaddr=40374000 size=0137ch (  4988) load
I (81) esp_image: segment 3: paddr=00060020 vaddr=42000020 size=b1edch (728796) map
I (212) esp_image: segment 4: paddr=00111f04 vaddr=4037537c size=18808h (100360) load
I (234) esp_image: segment 5: paddr=0012a714 vaddr=50000000 size=00c8ch (  3212) load
I (235) esp_image: segment 6: paddr=0012b3a8 vaddr=600fe000 size=00100h (   256) load
I (236) esp_image: segment 7: paddr=0012b4b0 vaddr=600fe100 size=00008h (     8) load
I (236) esp_image: segment 8: paddr=0012b4c0 vaddr=00000000 size=04b10h ( 19216) 
I (251) boot: Loaded app from partition at offset 0x20000
I (252) boot: Disabling RNG early entropy source...
I (253) octal_psram: vendor id    : 0x0d (AP)
I (253) octal_psram: dev id       : 0x02 (generation 3)
I (253) octal_psram: density      : 0x03 (64 Mbit)
I (253) octal_psram: good-die     : 0x01 (Pass)
I (254) octal_psram: Latency      : 0x01 (Fixed)
I (254) octal_psram: VCC          : 0x01 (3V)
I (254) octal_psram: SRF          : 0x01 (Fast Refresh)
I (254) octal_psram: BurstType    : 0x01 (Hybrid Wrap)
I (255) octal_psram: BurstLen     : 0x01 (32 Byte)
I (255) octal_psram: Readlatency  : 0x02 (10 cycles@Fixed)
I (255) octal_psram: DriveStrength: 0x00 (1/1)
I (256) MSPI Timing: PSRAM timing tuning index: 5
I (256) esp_psram: Found 8MB PSRAM device
I (257) esp_psram: Speed: 80MHz
I (257) cpu_start: Multicore app
I (266) cpu_start: Pro cpu start user code
I (266) cpu_start: cpu freq: 160000000 Hz
I (266) app_init: Application information:
I (266) app_init: Project name:     skypane
I (267) app_init: App version:      fw-v9.9.8-bench
I (267) app_init: Compile time:     Sep 29 2026 13:01:11
I (267) app_init: ELF file SHA256:  404b1b407...
I (267) app_init: ESP-IDF:          v5.3.1
I (267) efuse_init: Min chip rev:     v0.0
I (268) efuse_init: Max chip rev:     v0.99 
I (268) efuse_init: Chip rev:         v0.2
I (268) heap_init: Initializing. RAM available for dynamic allocation:
I (268) heap_init: At 3FCA97B0 len 0003FF60 (255 KiB): RAM
I (268) heap_init: At 3FCE9710 len 00005724 (21 KiB): RAM
I (269) heap_init: At 3FCF0000 len 00008000 (32 KiB): DRAM
I (269) heap_init: At 600FE108 len 00001EE0 (7 KiB): RTCRAM
I (269) esp_psram: Adding pool of 8192K of PSRAM memory to heap allocator
I (271) spi_flash: detected chip: generic
I (271) spi_flash: flash io: dio
W (271) spi_flash: Detected size(16384k) larger than the size in the binary image header(8192k). Using the size in the binary image header.
E (273) secure_boot_v2: No signatures were found for the running app
E (273) secure_boot: This app is not signed, but check signature on update is enabled in config. It won't be possible to verify any update.

abort() was called at PC 0x42003624 on core 0


Backtrace: 0x403774be:0x3fceb0d0 0x4037ff99:0x3fceb0f0 0x40388c09:0x3fceb110 0x42003624:0x3fceb180 0x4200364b:0x3fceb210 0x4200312f:0x3fceb230 0x4200313b:0x3fceb250 0x42005bde:0x3fceb280 0x42005c29:0x3fceb2a0 0x42005c93:0x3fceb2c0 0x40376e56:0x3fceb2e0 0x403cc950:0x3fceb340 0x403ccdb5:0x3fceb380 0x403c896d:0x3fceb4b0 0x40045c01:0x3fceb570 0x40043ab6:0x3fceb6f0 0x40034c45:0x3fceb710




ELF file SHA256: 404b1b407

Rebooting...
ESP-ROM:esp32s3-20210327
Build:Mar 27 2021
rst:0xc (RTC_SW_CPU_RST),boot:0x29 (SPI_FAST_FLASH_BOOT)
Saved PC:0x403773f8
SPIWP:0xee
mode:DIO, clock div:1
load:0x3fce2810,len:0x178c
load:0x403c8700,len:0x4
load:0x403c8704,len:0xc10
load:0x403cb700,len:0x2e20
entry 0x403c8904
I (26) boot: ESP-IDF v5.3.1 2nd stage bootloader
I (26) boot: compile time Sep 29 2026 13:01:14
I (26) boot: Multicore bootloader
I (27) boot: chip revision: v0.2
I (27) boot.esp32s3: Boot SPI Speed : 80MHz
I (27) boot.esp32s3: SPI Mode       : DIO
I (27) boot.esp32s3: SPI Flash Size : 8MB
I (27) boot: Enabling RNG early entropy source...
I (28) boot: Partition Table:
I (28) boot: ## Label            Usage          Type ST Offset   Length
I (28) boot:  0 nvs              WiFi data        01 02 00009000 00006000
I (29) boot:  1 otadata          OTA data         01 00 0000f000 00002000
I (29) boot:  2 phy_init         RF data          01 01 00011000 00001000
I (29) boot:  3 nvs_keys         NVS keys         01 04 00012000 00001000
I (30) boot:  4 secret           WiFi data        01 02 00013000 00003000
I (30) boot:  5 factory          factory app      00 00 00020000 00250000
I (31) boot:  6 ota_0            OTA app          00 10 00270000 00250000
I (31) boot:  7 ota_1            OTA app          00 11 004c0000 00250000
I (31) boot: End of partition table
I (32) boot: Defaulting to factory image
I (32) esp_image: segment 0: paddr=00020020 vaddr=3c0c0020 size=39928h (235816) map
I (75) esp_image: segment 1: paddr=00059950 vaddr=3fc9dc00 size=05344h ( 21316) load
I (79) esp_image: segment 2: paddr=0005ec9c vaddr=40374000 size=0137ch (  4988) load
I (81) esp_image: segment 3: paddr=00060020 vaddr=42000020 size=b1edch (728796) map
I (212) esp_image: segment 4: paddr=00111f04 vaddr=4037537c size=18808h (100360) load
I (234) esp_image: segment 5: paddr=0012a714 vaddr=50000000 size=00c8ch (  3212) load
I (235) esp_image: segment 6: paddr=0012b3a8 vaddr=600fe000 size=00100h (   256) load
I (236) esp_image: segment 7: paddr=0012b4b0 vaddr=600fe100 size=00008h (     8) load
I (236) esp_image: segment 8: paddr=0012b4c0 vaddr=00000000 size=04b10h ( 19216) 
I (251) boot: Loaded app from partition at offset 0x20000
